17:35:08.474 [INF] === Strömling gestartet "2026-05-25 17:35:08" ===
17:35:08.610 [INF] Launcher-DB geöffnet: "/home/stephan/.local/share/stroemling/Strömling Design/stroemling.db"
17:35:08.611 [INF] Wiki-Datenbank geöffnet: "/home/stephan/.local/share/stroemling/Strömling Design/wiki.db"
17:35:08.611 [INF] Wiki-Schema bereits auf Version 10 – keine Änderung.
17:35:08.614 [INF] Hauptdatenbank auf Schema-Version 48
17:35:08.617 [INF] Projekt geöffnet: "/home/stephan/Programmierung/Stroemling_Projekt/sd.stroemling"
17:35:08.622 [INF] Projekte geladen: 3
17:35:10.542 [WRN] qrc:/qt/qml/stroemling/qml/KlemmePlatzierDialog.qml:156:5: QML DebugLabel: Detected anchors on an item that is managed by a layout. This is undefined behavior; use Layout.alignment instead.
17:35:10.859 [WRN] qrc:/qt/qml/stroemling/qml/KommandoPalette.qml:219:5: QML DebugLabel: Detected anchors on an item that is managed by a layout. This is undefined behavior; use Layout.alignment instead.
17:35:10.862 [WRN] qrc:/qt/qml/stroemling/qml/PdfExportDialog.qml:226:5: QML DebugLabel: Detected anchors on an item that is managed by a layout. This is undefined behavior; use Layout.alignment instead.
17:35:10.930 [WRN] qrc:/qt/qml/stroemling/qml/ep/EpVerbindungSection.qml:152: TypeError: Cannot read property 'textSecondary' of undefined
17:35:10.930 [WRN] qrc:/qt/qml/stroemling/qml/components/ColorPalette.qml:38: TypeError: Cannot read property 'borderDark' of undefined
17:35:10.930 [WRN] qrc:/qt/qml/stroemling/qml/components/ColorPalette.qml:38: TypeError: Cannot read property 'borderDark' of undefined
17:35:10.930 [WRN] qrc:/qt/qml/stroemling/qml/components/ColorPalette.qml:38: TypeError: Cannot read property 'borderDark' of undefined
17:35:10.930 [WRN] qrc:/qt/qml/stroemling/qml/components/ColorPalette.qml:38: TypeError: Cannot read property 'borderDark' of undefined
17:35:10.930 [WRN] qrc:/qt/qml/stroemling/qml/components/ColorPalette.qml:38: TypeError: Cannot read property 'borderDark' of undefined
17:35:10.930 [WRN] qrc:/qt/qml/stroemling/qml/components/ColorPalette.qml:38: TypeError: Cannot read property 'borderDark' of undefined
17:35:10.930 [WRN] qrc:/qt/qml/stroemling/qml/components/ColorPalette.qml:38: TypeError: Cannot read property 'borderDark' of undefined
17:35:10.930 [WRN] qrc:/qt/qml/stroemling/qml/components/ColorPalette.qml:38: TypeError: Cannot read property 'borderDark' of undefined
17:35:10.930 [WRN] qrc:/qt/qml/stroemling/qml/components/ColorPalette.qml:38: TypeError: Cannot read property 'borderDark' of undefined
17:35:10.930 [WRN] qrc:/qt/qml/stroemling/qml/components/ColorPalette.qml:38: TypeError: Cannot read property 'borderDark' of undefined
17:35:10.930 [WRN] qrc:/qt/qml/stroemling/qml/components/ColorPalette.qml:38: TypeError: Cannot read property 'borderDark' of undefined
17:35:10.930 [WRN] qrc:/qt/qml/stroemling/qml/components/ColorPalette.qml:38: TypeError: Cannot read property 'borderDark' of undefined
17:35:10.930 [WRN] qrc:/qt/qml/stroemling/qml/components/MiniButton.qml:18: TypeError: Cannot read property 'inputBg' of undefined
17:35:10.930 [WRN] qrc:/qt/qml/stroemling/qml/components/MiniButton.qml:26: TypeError: Cannot read property 'textMuted' of undefined
17:35:10.930 [WRN] qrc:/qt/qml/stroemling/qml/components/MiniButton.qml:19: TypeError: Cannot read property 'border' of undefined
17:35:10.930 [WRN] qrc:/qt/qml/stroemling/qml/components/MiniButton.qml:18: TypeError: Cannot read property 'inputBg' of undefined
17:35:10.930 [WRN] qrc:/qt/qml/stroemling/qml/components/MiniButton.qml:26: TypeError: Cannot read property 'textMuted' of undefined
17:35:10.930 [WRN] qrc:/qt/qml/stroemling/qml/components/MiniButton.qml:19: TypeError: Cannot read property 'border' of undefined
17:35:10.930 [WRN] qrc:/qt/qml/stroemling/qml/components/MiniButton.qml:18: TypeError: Cannot read property 'inputBg' of undefined
17:35:10.930 [WRN] qrc:/qt/qml/stroemling/qml/components/MiniButton.qml:26: TypeError: Cannot read property 'textMuted' of undefined
17:35:10.930 [WRN] qrc:/qt/qml/stroemling/qml/components/MiniButton.qml:19: TypeError: Cannot read property 'border' of undefined
17:35:10.930 [WRN] qrc:/qt/qml/stroemling/qml/components/MiniButton.qml:18: TypeError: Cannot read property 'activeItemAlt' of undefined
17:35:10.930 [WRN] qrc:/qt/qml/stroemling/qml/components/MiniButton.qml:26: TypeError: Cannot read property 'accent' of undefined
17:35:10.930 [WRN] qrc:/qt/qml/stroemling/qml/components/MiniButton.qml:19: TypeError: Cannot read property 'accent' of undefined
17:35:10.930 [WRN] qrc:/qt/qml/stroemling/qml/components/MiniButton.qml:18: TypeError: Cannot read property 'inputBg' of undefined
17:35:10.930 [WRN] qrc:/qt/qml/stroemling/qml/components/MiniButton.qml:26: TypeError: Cannot read property 'textMuted' of undefined
17:35:10.930 [WRN] qrc:/qt/qml/stroemling/qml/components/MiniButton.qml:19: TypeError: Cannot read property 'border' of undefined
17:35:10.930 [WRN] qrc:/qt/qml/stroemling/qml/components/MiniButton.qml:18: TypeError: Cannot read property 'inputBg' of undefined
17:35:10.930 [WRN] qrc:/qt/qml/stroemling/qml/components/MiniButton.qml:26: TypeError: Cannot read property 'textMuted' of undefined
17:35:10.930 [WRN] qrc:/qt/qml/stroemling/qml/components/MiniButton.qml:19: TypeError: Cannot read property 'border' of undefined
17:35:10.931 [WRN] qrc:/qt/qml/stroemling/qml/components/MiniButton.qml:18: TypeError: Cannot read property 'inputBg' of undefined
17:35:10.931 [WRN] qrc:/qt/qml/stroemling/qml/components/MiniButton.qml:26: TypeError: Cannot read property 'textMuted' of undefined
17:35:10.931 [WRN] qrc:/qt/qml/stroemling/qml/components/MiniButton.qml:19: TypeError: Cannot read property 'border' of undefined
17:35:10.931 [WRN] qrc:/qt/qml/stroemling/qml/components/MiniButton.qml:18: TypeError: Cannot read property 'inputBg' of undefined
17:35:10.931 [WRN] qrc:/qt/qml/stroemling/qml/components/MiniButton.qml:26: TypeError: Cannot read property 'textMuted' of undefined
17:35:10.931 [WRN] qrc:/qt/qml/stroemling/qml/components/MiniButton.qml:19: TypeError: Cannot read property 'border' of undefined
17:35:10.931 [WRN] qrc:/qt/qml/stroemling/qml/components/MiniButton.qml:18: TypeError: Cannot read property 'activeItemAlt' of undefined
17:35:10.931 [WRN] qrc:/qt/qml/stroemling/qml/components/MiniButton.qml:26: TypeError: Cannot read property 'accent' of undefined
17:35:10.931 [WRN] qrc:/qt/qml/stroemling/qml/components/MiniButton.qml:19: TypeError: Cannot read property 'accent' of undefined
17:35:10.931 [WRN] qrc:/qt/qml/stroemling/qml/components/StilSlider.qml:20: TypeError: Cannot read property 'border' of undefined
17:35:10.931 [WRN] qrc:/qt/qml/stroemling/qml/components/StilSlider.qml:23: TypeError: Cannot read property 'accent' of undefined
17:35:10.931 [WRN] qrc:/qt/qml/stroemling/qml/components/StilSlider.qml:30: TypeError: Cannot read property 'accent' of undefined
17:35:10.931 [WRN] qrc:/qt/qml/stroemling/qml/components/ColorPalette.qml:38: TypeError: Cannot read property 'borderDark' of undefined
17:35:10.931 [WRN] qrc:/qt/qml/stroemling/qml/components/ColorPalette.qml:38: TypeError: Cannot read property 'borderDark' of undefined
17:35:10.931 [WRN] qrc:/qt/qml/stroemling/qml/components/ColorPalette.qml:38: TypeError: Cannot read property 'borderDark' of undefined
17:35:10.931 [WRN] qrc:/qt/qml/stroemling/qml/components/ColorPalette.qml:38: TypeError: Cannot read property 'borderDark' of undefined
17:35:10.931 [WRN] qrc:/qt/qml/stroemling/qml/components/ColorPalette.qml:38: TypeError: Cannot read property 'borderDark' of undefined
17:35:10.931 [WRN] qrc:/qt/qml/stroemling/qml/components/ColorPalette.qml:38: TypeError: Cannot read property 'borderDark' of undefined
17:35:10.931 [WRN] qrc:/qt/qml/stroemling/qml/components/ColorPalette.qml:38: TypeError: Cannot read property 'borderDark' of undefined
17:35:10.931 [WRN] qrc:/qt/qml/stroemling/qml/components/ColorPalette.qml:38: TypeError: Cannot read property 'borderDark' of undefined
17:35:10.931 [WRN] qrc:/qt/qml/stroemling/qml/components/ColorPalette.qml:38: TypeError: Cannot read property 'borderDark' of undefined
17:35:10.931 [WRN] qrc:/qt/qml/stroemling/qml/components/ColorPalette.qml:38: TypeError: Cannot read property 'borderDark' of undefined
17:35:10.931 [WRN] qrc:/qt/qml/stroemling/qml/components/ColorPalette.qml:38: TypeError: Cannot read property 'borderDark' of undefined
17:35:10.931 [WRN] qrc:/qt/qml/stroemling/qml/components/ColorPalette.qml:38: TypeError: Cannot read property 'borderDark' of undefined
17:35:10.931 [WRN] qrc:/qt/qml/stroemling/qml/components/StilSlider.qml:20: TypeError: Cannot read property 'border' of undefined
17:35:10.931 [WRN] qrc:/qt/qml/stroemling/qml/components/StilSlider.qml:23: TypeError: Cannot read property 'accent' of undefined
17:35:10.931 [WRN] qrc:/qt/qml/stroemling/qml/components/StilSlider.qml:30: TypeError: Cannot read property 'accent' of undefined
17:35:10.931 [WRN] qrc:/qt/qml/stroemling/qml/components/StilSlider.qml:20: TypeError: Cannot read property 'border' of undefined
17:35:10.931 [WRN] qrc:/qt/qml/stroemling/qml/components/StilSlider.qml:23: TypeError: Cannot read property 'accent' of undefined
17:35:10.931 [WRN] qrc:/qt/qml/stroemling/qml/components/StilSlider.qml:30: TypeError: Cannot read property 'accent' of undefined
17:35:10.931 [WRN] qrc:/qt/qml/stroemling/qml/components/MiniButton.qml:18: TypeError: Cannot read property 'inputBg' of undefined
17:35:10.931 [WRN] qrc:/qt/qml/stroemling/qml/components/MiniButton.qml:26: TypeError: Cannot read property 'textMuted' of undefined
17:35:10.931 [WRN] qrc:/qt/qml/stroemling/qml/components/MiniButton.qml:19: TypeError: Cannot read property 'border' of undefined
17:35:10.931 [WRN] qrc:/qt/qml/stroemling/qml/components/MiniButton.qml:18: TypeError: Cannot read property 'inputBg' of undefined
17:35:10.931 [WRN] qrc:/qt/qml/stroemling/qml/components/MiniButton.qml:26: TypeError: Cannot read property 'textMuted' of undefined
17:35:10.931 [WRN] qrc:/qt/qml/stroemling/qml/components/MiniButton.qml:19: TypeError: Cannot read property 'border' of undefined
17:35:10.931 [WRN] qrc:/qt/qml/stroemling/qml/components/MiniButton.qml:18: TypeError: Cannot read property 'inputBg' of undefined
17:35:10.931 [WRN] qrc:/qt/qml/stroemling/qml/components/MiniButton.qml:26: TypeError: Cannot read property 'textMuted' of undefined
17:35:10.931 [WRN] qrc:/qt/qml/stroemling/qml/components/MiniButton.qml:19: TypeError: Cannot read property 'border' of undefined
17:35:10.931 [WRN] qrc:/qt/qml/stroemling/qml/components/MiniButton.qml:18: TypeError: Cannot read property 'inputBg' of undefined
17:35:10.931 [WRN] qrc:/qt/qml/stroemling/qml/components/MiniButton.qml:26: TypeError: Cannot read property 'textMuted' of undefined
17:35:10.931 [WRN] qrc:/qt/qml/stroemling/qml/components/MiniButton.qml:19: TypeError: Cannot read property 'border' of undefined
17:35:10.931 [WRN] qrc:/qt/qml/stroemling/qml/components/MiniButton.qml:18: TypeError: Cannot read property 'inputBg' of undefined
17:35:10.931 [WRN] qrc:/qt/qml/stroemling/qml/components/MiniButton.qml:26: TypeError: Cannot read property 'textMuted' of undefined
17:35:10.931 [WRN] qrc:/qt/qml/stroemling/qml/components/MiniButton.qml:19: TypeError: Cannot read property 'border' of undefined
17:35:10.931 [WRN] qrc:/qt/qml/stroemling/qml/components/MiniButton.qml:18: TypeError: Cannot read property 'inputBg' of undefined
17:35:10.931 [WRN] qrc:/qt/qml/stroemling/qml/components/MiniButton.qml:26: TypeError: Cannot read property 'textMuted' of undefined
17:35:10.931 [WRN] qrc:/qt/qml/stroemling/qml/components/MiniButton.qml:19: TypeError: Cannot read property 'border' of undefined
17:35:10.931 [WRN] qrc:/qt/qml/stroemling/qml/components/MiniButton.qml:18: TypeError: Cannot read property 'inputBg' of undefined
17:35:10.931 [WRN] qrc:/qt/qml/stroemling/qml/components/MiniButton.qml:26: TypeError: Cannot read property 'textMuted' of undefined
17:35:10.931 [WRN] qrc:/qt/qml/stroemling/qml/components/MiniButton.qml:19: TypeError: Cannot read property 'border' of undefined
17:35:10.931 [WRN] qrc:/qt/qml/stroemling/qml/components/MiniButton.qml:18: TypeError: Cannot read property 'activeItemAlt' of undefined
17:35:10.931 [WRN] qrc:/qt/qml/stroemling/qml/components/MiniButton.qml:26: TypeError: Cannot read property 'accent' of undefined
17:35:10.931 [WRN] qrc:/qt/qml/stroemling/qml/components/MiniButton.qml:19: TypeError: Cannot read property 'accent' of undefined
17:35:10.931 [WRN] qrc:/qt/qml/stroemling/qml/ep/EpAderdefinitionSection.qml:84: TypeError: Cannot read property 'inputBg' of undefined
17:35:10.931 [WRN] qrc:/qt/qml/stroemling/qml/ep/EpAderdefinitionSection.qml:97: TypeError: Cannot read property 'textMuted' of undefined
17:35:10.931 [WRN] qrc:/qt/qml/stroemling/qml/ep/EpAderdefinitionSection.qml:85: TypeError: Cannot read property 'border' of undefined
17:35:10.931 [WRN] qrc:/qt/qml/stroemling/qml/ep/EpAderdefinitionSection.qml:84: TypeError: Cannot read property 'inputBg' of undefined
17:35:10.931 [WRN] qrc:/qt/qml/stroemling/qml/ep/EpAderdefinitionSection.qml:97: TypeError: Cannot read property 'textMuted' of undefined
17:35:10.931 [WRN] qrc:/qt/qml/stroemling/qml/ep/EpAderdefinitionSection.qml:85: TypeError: Cannot read property 'border' of undefined
17:35:10.931 [WRN] qrc:/qt/qml/stroemling/qml/ep/EpAderdefinitionSection.qml:84: TypeError: Cannot read property 'inputBg' of undefined
17:35:10.931 [WRN] qrc:/qt/qml/stroemling/qml/ep/EpAderdefinitionSection.qml:97: TypeError: Cannot read property 'textMuted' of undefined
17:35:10.931 [WRN] qrc:/qt/qml/stroemling/qml/ep/EpAderdefinitionSection.qml:85: TypeError: Cannot read property 'border' of undefined
17:35:10.931 [WRN] qrc:/qt/qml/stroemling/qml/ep/EpAderdefinitionSection.qml:84: TypeError: Cannot read property 'inputBg' of undefined
17:35:10.931 [WRN] qrc:/qt/qml/stroemling/qml/ep/EpAderdefinitionSection.qml:97: TypeError: Cannot read property 'textMuted' of undefined
17:35:10.931 [WRN] qrc:/qt/qml/stroemling/qml/ep/EpAderdefinitionSection.qml:85: TypeError: Cannot read property 'border' of undefined
17:35:10.931 [WRN] qrc:/qt/qml/stroemling/qml/ep/EpAderdefinitionSection.qml:84: TypeError: Cannot read property 'inputBg' of undefined
17:35:10.931 [WRN] qrc:/qt/qml/stroemling/qml/ep/EpAderdefinitionSection.qml:97: TypeError: Cannot read property 'textMuted' of undefined
17:35:10.931 [WRN] qrc:/qt/qml/stroemling/qml/ep/EpAderdefinitionSection.qml:85: TypeError: Cannot read property 'border' of undefined
17:35:10.931 [WRN] qrc:/qt/qml/stroemling/qml/ep/EpAderdefinitionSection.qml:84: TypeError: Cannot read property 'inputBg' of undefined
17:35:10.931 [WRN] qrc:/qt/qml/stroemling/qml/ep/EpAderdefinitionSection.qml:97: TypeError: Cannot read property 'textMuted' of undefined
17:35:10.931 [WRN] qrc:/qt/qml/stroemling/qml/ep/EpAderdefinitionSection.qml:85: TypeError: Cannot read property 'border' of undefined
17:35:10.931 [WRN] qrc:/qt/qml/stroemling/qml/ep/EpAderdefinitionSection.qml:84: TypeError: Cannot read property 'inputBg' of undefined
17:35:10.931 [WRN] qrc:/qt/qml/stroemling/qml/ep/EpAderdefinitionSection.qml:97: TypeError: Cannot read property 'textMuted' of undefined
17:35:10.931 [WRN] qrc:/qt/qml/stroemling/qml/ep/EpAderdefinitionSection.qml:85: TypeError: Cannot read property 'border' of undefined
17:35:10.931 [WRN] qrc:/qt/qml/stroemling/qml/ep/EpAderdefinitionSection.qml:84: TypeError: Cannot read property 'inputBg' of undefined
17:35:10.931 [WRN] qrc:/qt/qml/stroemling/qml/ep/EpAderdefinitionSection.qml:97: TypeError: Cannot read property 'textMuted' of undefined
17:35:10.931 [WRN] qrc:/qt/qml/stroemling/qml/ep/EpAderdefinitionSection.qml:85: TypeError: Cannot read property 'border' of undefined
17:35:10.931 [WRN] qrc:/qt/qml/stroemling/qml/ep/EpAderdefinitionSection.qml:84: TypeError: Cannot read property 'inputBg' of undefined
17:35:10.931 [WRN] qrc:/qt/qml/stroemling/qml/ep/EpAderdefinitionSection.qml:97: TypeError: Cannot read property 'textMuted' of undefined
17:35:10.931 [WRN] qrc:/qt/qml/stroemling/qml/ep/EpAderdefinitionSection.qml:85: TypeError: Cannot read property 'border' of undefined
17:35:10.931 [WRN] qrc:/qt/qml/stroemling/qml/ep/EpAderdefinitionSection.qml:84: TypeError: Cannot read property 'inputBg' of undefined
17:35:10.931 [WRN] qrc:/qt/qml/stroemling/qml/ep/EpAderdefinitionSection.qml:97: TypeError: Cannot read property 'textMuted' of undefined
17:35:10.931 [WRN] qrc:/qt/qml/stroemling/qml/ep/EpAderdefinitionSection.qml:85: TypeError: Cannot read property 'border' of undefined
17:35:10.931 [WRN] qrc:/qt/qml/stroemling/qml/ep/EpAderdefinitionSection.qml:84: TypeError: Cannot read property 'inputBg' of undefined
17:35:10.931 [WRN] qrc:/qt/qml/stroemling/qml/ep/EpAderdefinitionSection.qml:97: TypeError: Cannot read property 'textMuted' of undefined
17:35:10.931 [WRN] qrc:/qt/qml/stroemling/qml/ep/EpAderdefinitionSection.qml:85: TypeError: Cannot read property 'border' of undefined
17:35:10.931 [WRN] qrc:/qt/qml/stroemling/qml/ep/EpAderdefinitionSection.qml:84: TypeError: Cannot read property 'inputBg' of undefined
17:35:10.931 [WRN] qrc:/qt/qml/stroemling/qml/ep/EpAderdefinitionSection.qml:97: TypeError: Cannot read property 'textMuted' of undefined
17:35:10.931 [WRN] qrc:/qt/qml/stroemling/qml/ep/EpAderdefinitionSection.qml:85: TypeError: Cannot read property 'border' of undefined
17:35:10.931 [WRN] qrc:/qt/qml/stroemling/qml/components/MiniButton.qml:18: TypeError: Cannot read property 'inputBg' of undefined
17:35:10.931 [WRN] qrc:/qt/qml/stroemling/qml/components/MiniButton.qml:26: TypeError: Cannot read property 'textMuted' of undefined
17:35:10.932 [WRN] qrc:/qt/qml/stroemling/qml/components/MiniButton.qml:19: TypeError: Cannot read property 'border' of undefined
17:35:10.932 [WRN] qrc:/qt/qml/stroemling/qml/components/MiniButton.qml:18: TypeError: Cannot read property 'inputBg' of undefined
17:35:10.932 [WRN] qrc:/qt/qml/stroemling/qml/components/MiniButton.qml:26: TypeError: Cannot read property 'textMuted' of undefined
17:35:10.932 [WRN] qrc:/qt/qml/stroemling/qml/components/MiniButton.qml:19: TypeError: Cannot read property 'border' of undefined
17:35:10.932 [WRN] qrc:/qt/qml/stroemling/qml/components/MiniButton.qml:18: TypeError: Cannot read property 'inputBg' of undefined
17:35:10.932 [WRN] qrc:/qt/qml/stroemling/qml/components/MiniButton.qml:26: TypeError: Cannot read property 'textMuted' of undefined
17:35:10.932 [WRN] qrc:/qt/qml/stroemling/qml/components/MiniButton.qml:19: TypeError: Cannot read property 'border' of undefined
17:35:10.932 [WRN] qrc:/qt/qml/stroemling/qml/components/MiniButton.qml:18: TypeError: Cannot read property 'inputBg' of undefined
17:35:10.932 [WRN] qrc:/qt/qml/stroemling/qml/components/MiniButton.qml:26: TypeError: Cannot read property 'textMuted' of undefined
17:35:10.932 [WRN] qrc:/qt/qml/stroemling/qml/components/MiniButton.qml:19: TypeError: Cannot read property 'border' of undefined
17:35:10.932 [WRN] qrc:/qt/qml/stroemling/qml/components/MiniButton.qml:18: TypeError: Cannot read property 'inputBg' of undefined
17:35:10.932 [WRN] qrc:/qt/qml/stroemling/qml/components/MiniButton.qml:26: TypeError: Cannot read property 'textMuted' of undefined
17:35:10.932 [WRN] qrc:/qt/qml/stroemling/qml/components/MiniButton.qml:19: TypeError: Cannot read property 'border' of undefined
17:35:10.932 [WRN] qrc:/qt/qml/stroemling/qml/components/MiniButton.qml:18: TypeError: Cannot read property 'inputBg' of undefined
17:35:10.932 [WRN] qrc:/qt/qml/stroemling/qml/components/MiniButton.qml:26: TypeError: Cannot read property 'textMuted' of undefined
17:35:10.932 [WRN] qrc:/qt/qml/stroemling/qml/components/MiniButton.qml:19: TypeError: Cannot read property 'border' of undefined
17:35:10.932 [WRN] qrc:/qt/qml/stroemling/qml/components/MiniButton.qml:18: TypeError: Cannot read property 'inputBg' of undefined
17:35:10.932 [WRN] qrc:/qt/qml/stroemling/qml/components/MiniButton.qml:26: TypeError: Cannot read property 'textMuted' of undefined
17:35:10.932 [WRN] qrc:/qt/qml/stroemling/qml/components/MiniButton.qml:19: TypeError: Cannot read property 'border' of undefined
17:35:10.932 [WRN] qrc:/qt/qml/stroemling/qml/components/MiniButton.qml:18: TypeError: Cannot read property 'inputBg' of undefined
17:35:10.932 [WRN] qrc:/qt/qml/stroemling/qml/components/MiniButton.qml:26: TypeError: Cannot read property 'textMuted' of undefined
17:35:10.932 [WRN] qrc:/qt/qml/stroemling/qml/components/MiniButton.qml:19: TypeError: Cannot read property 'border' of undefined
17:35:10.932 [WRN] qrc:/qt/qml/stroemling/qml/components/MiniButton.qml:18: TypeError: Cannot read property 'inputBg' of undefined
17:35:10.932 [WRN] qrc:/qt/qml/stroemling/qml/components/MiniButton.qml:26: TypeError: Cannot read property 'textMuted' of undefined
17:35:10.932 [WRN] qrc:/qt/qml/stroemling/qml/components/MiniButton.qml:19: TypeError: Cannot read property 'border' of undefined
17:35:10.932 [WRN] qrc:/qt/qml/stroemling/qml/components/MiniButton.qml:18: TypeError: Cannot read property 'inputBg' of undefined
17:35:10.932 [WRN] qrc:/qt/qml/stroemling/qml/components/MiniButton.qml:26: TypeError: Cannot read property 'textMuted' of undefined
17:35:10.932 [WRN] qrc:/qt/qml/stroemling/qml/components/MiniButton.qml:19: TypeError: Cannot read property 'border' of undefined
17:35:10.932 [WRN] qrc:/qt/qml/stroemling/qml/components/MiniButton.qml:18: TypeError: Cannot read property 'inputBg' of undefined
17:35:10.932 [WRN] qrc:/qt/qml/stroemling/qml/components/MiniButton.qml:26: TypeError: Cannot read property 'textMuted' of undefined
17:35:10.932 [WRN] qrc:/qt/qml/stroemling/qml/components/MiniButton.qml:19: TypeError: Cannot read property 'border' of undefined
17:35:10.932 [WRN] qrc:/qt/qml/stroemling/qml/components/MiniButton.qml:18: TypeError: Cannot read property 'inputBg' of undefined
17:35:10.932 [WRN] qrc:/qt/qml/stroemling/qml/components/MiniButton.qml:26: TypeError: Cannot read property 'textMuted' of undefined
17:35:10.932 [WRN] qrc:/qt/qml/stroemling/qml/components/MiniButton.qml:19: TypeError: Cannot read property 'border' of undefined
17:35:10.932 [WRN] qrc:/qt/qml/stroemling/qml/components/MiniButton.qml:18: TypeError: Cannot read property 'inputBg' of undefined
17:35:10.932 [WRN] qrc:/qt/qml/stroemling/qml/components/MiniButton.qml:26: TypeError: Cannot read property 'textMuted' of undefined
17:35:10.932 [WRN] qrc:/qt/qml/stroemling/qml/components/MiniButton.qml:19: TypeError: Cannot read property 'border' of undefined
17:35:10.932 [WRN] qrc:/qt/qml/stroemling/qml/components/MiniButton.qml:18: TypeError: Cannot read property 'inputBg' of undefined
17:35:10.932 [WRN] qrc:/qt/qml/stroemling/qml/components/MiniButton.qml:26: TypeError: Cannot read property 'textMuted' of undefined
17:35:10.932 [WRN] qrc:/qt/qml/stroemling/qml/components/MiniButton.qml:19: TypeError: Cannot read property 'border' of undefined
17:35:10.932 [WRN] qrc:/qt/qml/stroemling/qml/components/MiniButton.qml:18: TypeError: Cannot read property 'inputBg' of undefined
17:35:10.932 [WRN] qrc:/qt/qml/stroemling/qml/components/MiniButton.qml:26: TypeError: Cannot read property 'textMuted' of undefined
17:35:10.932 [WRN] qrc:/qt/qml/stroemling/qml/components/MiniButton.qml:19: TypeError: Cannot read property 'border' of undefined
17:35:10.932 [WRN] qrc:/qt/qml/stroemling/qml/components/MiniButton.qml:18: TypeError: Cannot read property 'inputBg' of undefined
17:35:10.932 [WRN] qrc:/qt/qml/stroemling/qml/components/MiniButton.qml:26: TypeError: Cannot read property 'textMuted' of undefined
17:35:10.932 [WRN] qrc:/qt/qml/stroemling/qml/components/MiniButton.qml:19: TypeError: Cannot read property 'border' of undefined
17:35:10.932 [WRN] qrc:/qt/qml/stroemling/qml/components/MiniButton.qml:18: TypeError: Cannot read property 'inputBg' of undefined
17:35:10.932 [WRN] qrc:/qt/qml/stroemling/qml/components/MiniButton.qml:26: TypeError: Cannot read property 'textMuted' of undefined
17:35:10.932 [WRN] qrc:/qt/qml/stroemling/qml/components/MiniButton.qml:19: TypeError: Cannot read property 'border' of undefined
17:35:10.932 [WRN] qrc:/qt/qml/stroemling/qml/components/MiniButton.qml:18: TypeError: Cannot read property 'inputBg' of undefined
17:35:10.932 [WRN] qrc:/qt/qml/stroemling/qml/components/MiniButton.qml:26: TypeError: Cannot read property 'textMuted' of undefined
17:35:10.932 [WRN] qrc:/qt/qml/stroemling/qml/components/MiniButton.qml:19: TypeError: Cannot read property 'border' of undefined
17:35:10.932 [WRN] qrc:/qt/qml/stroemling/qml/components/MiniButton.qml:18: TypeError: Cannot read property 'inputBg' of undefined
17:35:10.932 [WRN] qrc:/qt/qml/stroemling/qml/components/MiniButton.qml:26: TypeError: Cannot read property 'textMuted' of undefined
17:35:10.932 [WRN] qrc:/qt/qml/stroemling/qml/components/MiniButton.qml:19: TypeError: Cannot read property 'border' of undefined
17:35:10.932 [WRN] qrc:/qt/qml/stroemling/qml/components/MiniButton.qml:18: TypeError: Cannot read property 'inputBg' of undefined
17:35:10.932 [WRN] qrc:/qt/qml/stroemling/qml/components/MiniButton.qml:26: TypeError: Cannot read property 'textMuted' of undefined
17:35:10.932 [WRN] qrc:/qt/qml/stroemling/qml/components/MiniButton.qml:19: TypeError: Cannot read property 'border' of undefined
17:35:10.932 [WRN] qrc:/qt/qml/stroemling/qml/components/MiniButton.qml:18: TypeError: Cannot read property 'inputBg' of undefined
17:35:10.932 [WRN] qrc:/qt/qml/stroemling/qml/components/MiniButton.qml:26: TypeError: Cannot read property 'textMuted' of undefined
17:35:10.932 [WRN] qrc:/qt/qml/stroemling/qml/components/MiniButton.qml:19: TypeError: Cannot read property 'border' of undefined
17:35:10.932 [WRN] qrc:/qt/qml/stroemling/qml/components/MiniButton.qml:18: TypeError: Cannot read property 'inputBg' of undefined
17:35:10.932 [WRN] qrc:/qt/qml/stroemling/qml/components/MiniButton.qml:26: TypeError: Cannot read property 'textMuted' of undefined
17:35:10.932 [WRN] qrc:/qt/qml/stroemling/qml/components/MiniButton.qml:19: TypeError: Cannot read property 'border' of undefined
17:35:10.932 [WRN] qrc:/qt/qml/stroemling/qml/ep/EpSteckverbinderSection.qml:72: TypeError: Cannot read property 'textPrimary' of undefined
17:35:10.932 [WRN] qrc:/qt/qml/stroemling/qml/ep/EpSteckverbinderSection.qml:71: TypeError: Cannot read property 'inputBg' of undefined
17:35:10.932 [WRN] qrc:/qt/qml/stroemling/qml/ep/EpSteckverbinderSection.qml:71: TypeError: Cannot read property 'border' of undefined
17:35:10.932 [WRN] qrc:/qt/qml/stroemling/qml/ep/EpSteckverbinderSection.qml:86: TypeError: Cannot read property 'inputBg' of undefined
17:35:10.932 [WRN] qrc:/qt/qml/stroemling/qml/ep/EpSteckverbinderSection.qml:86: TypeError: Cannot read property 'border' of undefined
17:35:10.932 [WRN] qrc:/qt/qml/stroemling/qml/ep/EpSteckverbinderSection.qml:108: TypeError: Cannot read property 'inputBg' of undefined
17:35:10.932 [WRN] qrc:/qt/qml/stroemling/qml/ep/EpSteckverbinderSection.qml:108: TypeError: Cannot read property 'border' of undefined
17:35:10.932 [WRN] qrc:/qt/qml/stroemling/qml/ep/EpSteckverbinderSection.qml:129: TypeError: Cannot read property 'inputBg' of undefined
17:35:10.932 [WRN] qrc:/qt/qml/stroemling/qml/ep/EpSteckverbinderSection.qml:129: TypeError: Cannot read property 'border' of undefined
17:35:10.932 [WRN] qrc:/qt/qml/stroemling/qml/components/MiniButton.qml:18: TypeError: Cannot read property 'inputBg' of undefined
17:35:10.932 [WRN] qrc:/qt/qml/stroemling/qml/components/MiniButton.qml:26: TypeError: Cannot read property 'textMuted' of undefined
17:35:10.932 [WRN] qrc:/qt/qml/stroemling/qml/components/MiniButton.qml:19: TypeError: Cannot read property 'border' of undefined
17:35:10.932 [WRN] qrc:/qt/qml/stroemling/qml/components/MiniButton.qml:18: TypeError: Cannot read property 'inputBg' of undefined
17:35:10.932 [WRN] qrc:/qt/qml/stroemling/qml/components/MiniButton.qml:26: TypeError: Cannot read property 'textMuted' of undefined
17:35:10.932 [WRN] qrc:/qt/qml/stroemling/qml/components/MiniButton.qml:19: TypeError: Cannot read property 'border' of undefined
17:35:10.932 [WRN] qrc:/qt/qml/stroemling/qml/components/MiniButton.qml:18: TypeError: Cannot read property 'inputBg' of undefined
17:35:10.932 [WRN] qrc:/qt/qml/stroemling/qml/components/MiniButton.qml:26: TypeError: Cannot read property 'textMuted' of undefined
17:35:10.932 [WRN] qrc:/qt/qml/stroemling/qml/components/MiniButton.qml:19: TypeError: Cannot read property 'border' of undefined
17:35:10.932 [WRN] qrc:/qt/qml/stroemling/qml/components/MiniButton.qml:18: TypeError: Cannot read property 'activeItemAlt' of undefined
17:35:10.932 [WRN] qrc:/qt/qml/stroemling/qml/components/MiniButton.qml:26: TypeError: Cannot read property 'accent' of undefined
17:35:10.932 [WRN] qrc:/qt/qml/stroemling/qml/components/MiniButton.qml:19: TypeError: Cannot read property 'accent' of undefined
17:35:10.932 [WRN] qrc:/qt/qml/stroemling/qml/components/StilSlider.qml:20: TypeError: Cannot read property 'border' of undefined
17:35:10.932 [WRN] qrc:/qt/qml/stroemling/qml/components/StilSlider.qml:23: TypeError: Cannot read property 'accent' of undefined
17:35:10.932 [WRN] qrc:/qt/qml/stroemling/qml/components/StilSlider.qml:30: TypeError: Cannot read property 'accent' of undefined
17:35:10.932 [WRN] qrc:/qt/qml/stroemling/qml/components/StilSlider.qml:20: TypeError: Cannot read property 'border' of undefined
17:35:10.932 [WRN] qrc:/qt/qml/stroemling/qml/components/StilSlider.qml:23: TypeError: Cannot read property 'accent' of undefined
17:35:10.932 [WRN] qrc:/qt/qml/stroemling/qml/components/StilSlider.qml:30: TypeError: Cannot read property 'accent' of undefined
17:35:10.932 [WRN] qrc:/qt/qml/stroemling/qml/components/StilSlider.qml:20: TypeError: Cannot read property 'border' of undefined
17:35:10.932 [WRN] qrc:/qt/qml/stroemling/qml/components/StilSlider.qml:23: TypeError: Cannot read property 'accent' of undefined
17:35:10.932 [WRN] qrc:/qt/qml/stroemling/qml/components/StilSlider.qml:30: TypeError: Cannot read property 'accent' of undefined
17:35:10.933 [WRN] qrc:/qt/qml/stroemling/qml/components/StilSlider.qml:20: TypeError: Cannot read property 'border' of undefined
17:35:10.933 [WRN] qrc:/qt/qml/stroemling/qml/components/StilSlider.qml:23: TypeError: Cannot read property 'accent' of undefined
17:35:10.933 [WRN] qrc:/qt/qml/stroemling/qml/components/StilSlider.qml:30: TypeError: Cannot read property 'accent' of undefined
17:35:10.933 [WRN] qrc:/qt/qml/stroemling/qml/components/MiniButton.qml:18: TypeError: Cannot read property 'inputBg' of undefined
17:35:10.933 [WRN] qrc:/qt/qml/stroemling/qml/components/MiniButton.qml:26: TypeError: Cannot read property 'textMuted' of undefined
17:35:10.933 [WRN] qrc:/qt/qml/stroemling/qml/components/MiniButton.qml:19: TypeError: Cannot read property 'border' of undefined
17:35:10.933 [WRN] qrc:/qt/qml/stroemling/qml/components/MiniButton.qml:18: TypeError: Cannot read property 'inputBg' of undefined
17:35:10.933 [WRN] qrc:/qt/qml/stroemling/qml/components/MiniButton.qml:26: TypeError: Cannot read property 'textMuted' of undefined
17:35:10.933 [WRN] qrc:/qt/qml/stroemling/qml/components/MiniButton.qml:19: TypeError: Cannot read property 'border' of undefined
17:35:10.933 [WRN] qrc:/qt/qml/stroemling/qml/components/MiniButton.qml:18: TypeError: Cannot read property 'activeItemAlt' of undefined
17:35:10.933 [WRN] qrc:/qt/qml/stroemling/qml/components/MiniButton.qml:26: TypeError: Cannot read property 'accent' of undefined
17:35:10.933 [WRN] qrc:/qt/qml/stroemling/qml/components/MiniButton.qml:19: TypeError: Cannot read property 'accent' of undefined
17:35:10.933 [WRN] qrc:/qt/qml/stroemling/qml/components/ColorPalette.qml:38: TypeError: Cannot read property 'borderDark' of undefined
17:35:10.933 [WRN] qrc:/qt/qml/stroemling/qml/components/ColorPalette.qml:38: TypeError: Cannot read property 'borderDark' of undefined
17:35:10.933 [WRN] qrc:/qt/qml/stroemling/qml/components/ColorPalette.qml:38: TypeError: Cannot read property 'borderDark' of undefined
17:35:10.933 [WRN] qrc:/qt/qml/stroemling/qml/components/ColorPalette.qml:38: TypeError: Cannot read property 'borderDark' of undefined
17:35:10.933 [WRN] qrc:/qt/qml/stroemling/qml/components/ColorPalette.qml:38: TypeError: Cannot read property 'borderDark' of undefined
17:35:10.933 [WRN] qrc:/qt/qml/stroemling/qml/components/ColorPalette.qml:38: TypeError: Cannot read property 'borderDark' of undefined
17:35:10.933 [WRN] qrc:/qt/qml/stroemling/qml/components/ColorPalette.qml:38: TypeError: Cannot read property 'borderDark' of undefined
17:35:10.933 [WRN] qrc:/qt/qml/stroemling/qml/components/ColorPalette.qml:38: TypeError: Cannot read property 'borderDark' of undefined
17:35:10.933 [WRN] qrc:/qt/qml/stroemling/qml/components/ColorPalette.qml:38: TypeError: Cannot read property 'borderDark' of undefined
17:35:10.933 [WRN] qrc:/qt/qml/stroemling/qml/components/ColorPalette.qml:38: TypeError: Cannot read property 'borderDark' of undefined
17:35:10.933 [WRN] qrc:/qt/qml/stroemling/qml/components/ColorPalette.qml:38: TypeError: Cannot read property 'borderDark' of undefined
17:35:10.933 [WRN] qrc:/qt/qml/stroemling/qml/components/ColorPalette.qml:38: TypeError: Cannot read property 'borderDark' of undefined
17:35:10.933 [WRN] qrc:/qt/qml/stroemling/qml/components/ColorPalette.qml:38: TypeError: Cannot read property 'borderDark' of undefined
17:35:10.933 [WRN] qrc:/qt/qml/stroemling/qml/components/ColorPalette.qml:38: TypeError: Cannot read property 'borderDark' of undefined
17:35:10.933 [WRN] qrc:/qt/qml/stroemling/qml/components/ColorPalette.qml:38: TypeError: Cannot read property 'borderDark' of undefined
17:35:10.933 [WRN] qrc:/qt/qml/stroemling/qml/components/ColorPalette.qml:38: TypeError: Cannot read property 'borderDark' of undefined
17:35:10.933 [WRN] qrc:/qt/qml/stroemling/qml/components/ColorPalette.qml:38: TypeError: Cannot read property 'borderDark' of undefined
17:35:10.933 [WRN] qrc:/qt/qml/stroemling/qml/components/ColorPalette.qml:38: TypeError: Cannot read property 'borderDark' of undefined
17:35:10.933 [WRN] qrc:/qt/qml/stroemling/qml/components/ColorPalette.qml:38: TypeError: Cannot read property 'borderDark' of undefined
17:35:10.933 [WRN] qrc:/qt/qml/stroemling/qml/components/ColorPalette.qml:38: TypeError: Cannot read property 'borderDark' of undefined
17:35:10.933 [WRN] qrc:/qt/qml/stroemling/qml/components/ColorPalette.qml:38: TypeError: Cannot read property 'borderDark' of undefined
17:35:10.933 [WRN] qrc:/qt/qml/stroemling/qml/components/ColorPalette.qml:38: TypeError: Cannot read property 'borderDark' of undefined
17:35:10.933 [WRN] qrc:/qt/qml/stroemling/qml/components/ColorPalette.qml:38: TypeError: Cannot read property 'borderDark' of undefined
17:35:10.933 [WRN] qrc:/qt/qml/stroemling/qml/components/ColorPalette.qml:38: TypeError: Cannot read property 'borderDark' of undefined
17:35:10.933 [WRN] qrc:/qt/qml/stroemling/qml/components/ColorPalette.qml:38: TypeError: Cannot read property 'borderDark' of undefined
17:35:10.933 [WRN] qrc:/qt/qml/stroemling/qml/components/ColorPalette.qml:38: TypeError: Cannot read property 'borderDark' of undefined
17:35:10.933 [WRN] qrc:/qt/qml/stroemling/qml/components/ColorPalette.qml:38: TypeError: Cannot read property 'borderDark' of undefined
17:35:10.933 [WRN] qrc:/qt/qml/stroemling/qml/components/ColorPalette.qml:38: TypeError: Cannot read property 'borderDark' of undefined
17:35:10.933 [WRN] qrc:/qt/qml/stroemling/qml/components/ColorPalette.qml:38: TypeError: Cannot read property 'borderDark' of undefined
17:35:10.933 [WRN] qrc:/qt/qml/stroemling/qml/components/ColorPalette.qml:38: TypeError: Cannot read property 'borderDark' of undefined
17:35:10.933 [WRN] qrc:/qt/qml/stroemling/qml/components/ColorPalette.qml:38: TypeError: Cannot read property 'borderDark' of undefined
17:35:10.933 [WRN] qrc:/qt/qml/stroemling/qml/components/ColorPalette.qml:38: TypeError: Cannot read property 'borderDark' of undefined
17:35:10.933 [WRN] qrc:/qt/qml/stroemling/qml/components/ColorPalette.qml:38: TypeError: Cannot read property 'borderDark' of undefined
17:35:10.933 [WRN] qrc:/qt/qml/stroemling/qml/components/ColorPalette.qml:38: TypeError: Cannot read property 'borderDark' of undefined
17:35:10.933 [WRN] qrc:/qt/qml/stroemling/qml/components/ColorPalette.qml:38: TypeError: Cannot read property 'borderDark' of undefined
17:35:10.933 [WRN] qrc:/qt/qml/stroemling/qml/components/ColorPalette.qml:38: TypeError: Cannot read property 'borderDark' of undefined
17:35:10.933 [WRN] qrc:/qt/qml/stroemling/qml/components/ColorPalette.qml:38: TypeError: Cannot read property 'borderDark' of undefined
17:35:10.933 [WRN] qrc:/qt/qml/stroemling/qml/components/ColorPalette.qml:38: TypeError: Cannot read property 'borderDark' of undefined
17:35:10.933 [WRN] qrc:/qt/qml/stroemling/qml/components/ColorPalette.qml:38: TypeError: Cannot read property 'borderDark' of undefined
17:35:10.933 [WRN] qrc:/qt/qml/stroemling/qml/components/ColorPalette.qml:38: TypeError: Cannot read property 'borderDark' of undefined
17:35:10.933 [WRN] qrc:/qt/qml/stroemling/qml/components/ColorPalette.qml:38: TypeError: Cannot read property 'borderDark' of undefined
17:35:10.933 [WRN] qrc:/qt/qml/stroemling/qml/components/ColorPalette.qml:38: TypeError: Cannot read property 'borderDark' of undefined
17:35:10.933 [WRN] qrc:/qt/qml/stroemling/qml/components/ColorPalette.qml:38: TypeError: Cannot read property 'borderDark' of undefined
17:35:10.933 [WRN] qrc:/qt/qml/stroemling/qml/components/ColorPalette.qml:38: TypeError: Cannot read property 'borderDark' of undefined
17:35:10.933 [WRN] qrc:/qt/qml/stroemling/qml/components/ColorPalette.qml:38: TypeError: Cannot read property 'borderDark' of undefined
17:35:10.933 [WRN] qrc:/qt/qml/stroemling/qml/components/ColorPalette.qml:38: TypeError: Cannot read property 'borderDark' of undefined
17:35:10.933 [WRN] qrc:/qt/qml/stroemling/qml/components/ColorPalette.qml:38: TypeError: Cannot read property 'borderDark' of undefined
17:35:10.933 [WRN] qrc:/qt/qml/stroemling/qml/components/ColorPalette.qml:38: TypeError: Cannot read property 'borderDark' of undefined
17:35:10.933 [WRN] qrc:/qt/qml/stroemling/qml/ep/EpSpsKanalSection.qml:257: TypeError: Cannot read property 'sidebar' of undefined
17:35:10.933 [WRN] qrc:/qt/qml/stroemling/qml/ep/EpSpsKanalSection.qml:258: TypeError: Cannot read property 'border' of undefined
17:35:10.933 [WRN] qrc:/qt/qml/stroemling/qml/ep/EpBetriebsmittelSection.qml:462: TypeError: Cannot read property 'inputBg' of undefined
17:35:10.933 [WRN] qrc:/qt/qml/stroemling/qml/ep/EpBetriebsmittelSection.qml:463: TypeError: Cannot read property 'border' of undefined
17:35:10.933 [WRN] qrc:/qt/qml/stroemling/qml/ep/EpBetriebsmittelSection.qml:476: TypeError: Cannot read property 'textMuted' of undefined
17:35:10.933 [WRN] qrc:/qt/qml/stroemling/qml/ep/EpBetriebsmittelSection.qml:462: TypeError: Cannot read property 'inputBg' of undefined
17:35:10.933 [WRN] qrc:/qt/qml/stroemling/qml/ep/EpBetriebsmittelSection.qml:463: TypeError: Cannot read property 'border' of undefined
17:35:10.933 [WRN] qrc:/qt/qml/stroemling/qml/ep/EpBetriebsmittelSection.qml:476: TypeError: Cannot read property 'textMuted' of undefined
17:35:10.933 [WRN] qrc:/qt/qml/stroemling/qml/ep/EpBetriebsmittelSection.qml:462: TypeError: Cannot read property 'inputBg' of undefined
17:35:10.933 [WRN] qrc:/qt/qml/stroemling/qml/ep/EpBetriebsmittelSection.qml:463: TypeError: Cannot read property 'border' of undefined
17:35:10.933 [WRN] qrc:/qt/qml/stroemling/qml/ep/EpBetriebsmittelSection.qml:476: TypeError: Cannot read property 'textMuted' of undefined
17:35:10.933 [WRN] qrc:/qt/qml/stroemling/qml/ep/EpBetriebsmittelSection.qml:462: TypeError: Cannot read property 'inputBg' of undefined
17:35:10.933 [WRN] qrc:/qt/qml/stroemling/qml/ep/EpBetriebsmittelSection.qml:463: TypeError: Cannot read property 'border' of undefined
17:35:10.933 [WRN] qrc:/qt/qml/stroemling/qml/ep/EpBetriebsmittelSection.qml:476: TypeError: Cannot read property 'textMuted' of undefined
17:35:10.933 [WRN] qrc:/qt/qml/stroemling/qml/ep/EpBetriebsmittelSection.qml:51: TypeError: Cannot read property 'panelMid' of undefined
17:35:10.933 [WRN] qrc:/qt/qml/stroemling/qml/ep/EpBetriebsmittelSection.qml:560: TypeError: Cannot read property 'inputBg' of undefined
17:35:10.933 [WRN] qrc:/qt/qml/stroemling/qml/ep/EpBetriebsmittelSection.qml:568: TypeError: Cannot read property 'accent' of undefined
17:35:10.933 [WRN] qrc:/qt/qml/stroemling/qml/ep/EpBetriebsmittelSection.qml:561: TypeError: Cannot read property 'border' of undefined
17:35:10.933 [WRN] qrc:/qt/qml/stroemling/qml/ep/EpBetriebsmittelSection.qml:581: TypeError: Cannot read property 'inputBg' of undefined
17:35:10.933 [WRN] qrc:/qt/qml/stroemling/qml/ep/EpBetriebsmittelSection.qml:587: TypeError: Cannot read property 'textSecondary' of undefined
17:35:10.933 [WRN] qrc:/qt/qml/stroemling/qml/ep/EpBetriebsmittelSection.qml:582: TypeError: Cannot read property 'border' of undefined
17:35:10.933 [WRN] qrc:/qt/qml/stroemling/qml/ep/EpBetriebsmittelSection.qml:602: TypeError: Cannot read property 'inputBg' of undefined
17:35:10.933 [WRN] qrc:/qt/qml/stroemling/qml/ep/EpBetriebsmittelSection.qml:606: TypeError: Cannot read property 'accent' of undefined
17:35:10.933 [WRN] qrc:/qt/qml/stroemling/qml/ep/EpBetriebsmittelSection.qml:603: TypeError: Cannot read property 'border' of undefined
17:35:10.933 [WRN] qrc:/qt/qml/stroemling/qml/ep/EpBetriebsmittelSection.qml:620: TypeError: Cannot read property 'inputBg' of undefined
17:35:10.933 [WRN] qrc:/qt/qml/stroemling/qml/ep/EpBetriebsmittelSection.qml:626: TypeError: Cannot read property 'borderDark' of undefined
17:35:10.933 [WRN] qrc:/qt/qml/stroemling/qml/ep/EpBetriebsmittelSection.qml:622: TypeError: Cannot read property 'divider' of undefined
17:35:10.933 [WRN] qrc:/qt/qml/stroemling/qml/ep/EpBetriebsmittelSection.qml:51: TypeError: Cannot read property 'panelMid' of undefined
17:35:10.934 [WRN] qrc:/qt/qml/stroemling/qml/ep/EpBetriebsmittelSection.qml:560: TypeError: Cannot read property 'inputBg' of undefined
17:35:10.934 [WRN] qrc:/qt/qml/stroemling/qml/ep/EpBetriebsmittelSection.qml:568: TypeError: Cannot read property 'accent' of undefined
17:35:10.934 [WRN] qrc:/qt/qml/stroemling/qml/ep/EpBetriebsmittelSection.qml:561: TypeError: Cannot read property 'border' of undefined
17:35:10.934 [WRN] qrc:/qt/qml/stroemling/qml/ep/EpBetriebsmittelSection.qml:581: TypeError: Cannot read property 'inputBg' of undefined
17:35:10.934 [WRN] qrc:/qt/qml/stroemling/qml/ep/EpBetriebsmittelSection.qml:587: TypeError: Cannot read property 'textSecondary' of undefined
17:35:10.934 [WRN] qrc:/qt/qml/stroemling/qml/ep/EpBetriebsmittelSection.qml:582: TypeError: Cannot read property 'border' of undefined
17:35:10.934 [WRN] qrc:/qt/qml/stroemling/qml/ep/EpBetriebsmittelSection.qml:602: TypeError: Cannot read property 'inputBg' of undefined
17:35:10.934 [WRN] qrc:/qt/qml/stroemling/qml/ep/EpBetriebsmittelSection.qml:606: TypeError: Cannot read property 'borderDark' of undefined
17:35:10.934 [WRN] qrc:/qt/qml/stroemling/qml/ep/EpBetriebsmittelSection.qml:603: TypeError: Cannot read property 'divider' of undefined
17:35:10.934 [WRN] qrc:/qt/qml/stroemling/qml/ep/EpBetriebsmittelSection.qml:620: TypeError: Cannot read property 'inputBg' of undefined
17:35:10.934 [WRN] qrc:/qt/qml/stroemling/qml/ep/EpBetriebsmittelSection.qml:626: TypeError: Cannot read property 'accent' of undefined
17:35:10.934 [WRN] qrc:/qt/qml/stroemling/qml/ep/EpBetriebsmittelSection.qml:622: TypeError: Cannot read property 'border' of undefined
17:35:10.934 [WRN] qrc:/qt/qml/stroemling/qml/ep/EpBetriebsmittelSection.qml:756: TypeError: Cannot read property 'sidebar' of undefined
17:35:10.934 [WRN] qrc:/qt/qml/stroemling/qml/ep/EpBetriebsmittelSection.qml:757: TypeError: Cannot read property 'border' of undefined
17:35:10.934 [WRN] qrc:/qt/qml/stroemling/qml/ep/EpBetriebsmittelSection.qml:854: TypeError: Cannot read property 'inputBg' of undefined
17:35:10.934 [WRN] qrc:/qt/qml/stroemling/qml/ep/EpBetriebsmittelSection.qml:854: TypeError: Cannot read property 'border' of undefined
17:35:10.934 [WRN] qrc:/qt/qml/stroemling/qml/ep/EpBetriebsmittelSection.qml:862: TypeError: Cannot read property 'inputBg' of undefined
17:35:10.934 [WRN] qrc:/qt/qml/stroemling/qml/ep/EpBetriebsmittelSection.qml:862: TypeError: Cannot read property 'border' of undefined
17:35:10.934 [WRN] qrc:/qt/qml/stroemling/qml/components/MiniButton.qml:18: TypeError: Cannot read property 'inputBg' of undefined
17:35:10.934 [WRN] qrc:/qt/qml/stroemling/qml/components/MiniButton.qml:26: TypeError: Cannot read property 'textMuted' of undefined
17:35:10.934 [WRN] qrc:/qt/qml/stroemling/qml/components/MiniButton.qml:19: TypeError: Cannot read property 'border' of undefined
17:35:10.934 [WRN] qrc:/qt/qml/stroemling/qml/components/MiniButton.qml:18: TypeError: Cannot read property 'inputBg' of undefined
17:35:10.934 [WRN] qrc:/qt/qml/stroemling/qml/components/MiniButton.qml:26: TypeError: Cannot read property 'textMuted' of undefined
17:35:10.934 [WRN] qrc:/qt/qml/stroemling/qml/components/MiniButton.qml:19: TypeError: Cannot read property 'border' of undefined
17:35:10.934 [WRN] qrc:/qt/qml/stroemling/qml/components/MiniButton.qml:18: TypeError: Cannot read property 'inputBg' of undefined
17:35:10.934 [WRN] qrc:/qt/qml/stroemling/qml/components/MiniButton.qml:26: TypeError: Cannot read property 'textMuted' of undefined
17:35:10.934 [WRN] qrc:/qt/qml/stroemling/qml/components/MiniButton.qml:19: TypeError: Cannot read property 'border' of undefined
17:35:10.934 [WRN] qrc:/qt/qml/stroemling/qml/components/MiniButton.qml:18: TypeError: Cannot read property 'activeItemAlt' of undefined
17:35:10.934 [WRN] qrc:/qt/qml/stroemling/qml/components/MiniButton.qml:26: TypeError: Cannot read property 'accent' of undefined
17:35:10.934 [WRN] qrc:/qt/qml/stroemling/qml/components/MiniButton.qml:19: TypeError: Cannot read property 'accent' of undefined
17:35:10.934 [WRN] qrc:/qt/qml/stroemling/qml/ep/EpQuerverweisSection.qml:246: TypeError: Cannot read property 'textSecondary' of undefined
17:35:10.934 [WRN] qrc:/qt/qml/stroemling/qml/ep/EpQuerverweisSection.qml:240: TypeError: Cannot read property 'inputBg' of undefined
17:35:10.934 [WRN] qrc:/qt/qml/stroemling/qml/ep/EpQuerverweisSection.qml:241: TypeError: Cannot read property 'border' of undefined
17:35:10.934 [WRN] qrc:/qt/qml/stroemling/qml/ep/EpMakrokastenSection.qml:125: TypeError: Cannot read property 'textPrimary' of undefined
17:35:10.934 [WRN] qrc:/qt/qml/stroemling/qml/ep/EpMakrokastenSection.qml:129: TypeError: Cannot read property 'inputBg' of undefined
17:35:10.934 [WRN] qrc:/qt/qml/stroemling/qml/ep/EpMakrokastenSection.qml:130: TypeError: Cannot read property 'accent' of undefined
17:35:10.934 [WRN] qrc:/qt/qml/stroemling/qml/ep/EpMakrokastenSection.qml:154: TypeError: Cannot read property 'textPrimary' of undefined
17:35:10.934 [WRN] qrc:/qt/qml/stroemling/qml/ep/EpMakrokastenSection.qml:158: TypeError: Cannot read property 'inputBg' of undefined
17:35:10.934 [WRN] qrc:/qt/qml/stroemling/qml/ep/EpMakrokastenSection.qml:159: TypeError: Cannot read property 'border' of undefined
17:35:10.934 [WRN] qrc:/qt/qml/stroemling/qml/ep/EpKabelDefinitionSection.qml:220: TypeError: Cannot read property 'textPrimary' of undefined
17:35:10.934 [WRN] qrc:/qt/qml/stroemling/qml/ep/EpKabelDefinitionSection.qml:222: TypeError: Cannot read property 'inputBg' of undefined
17:35:10.934 [WRN] qrc:/qt/qml/stroemling/qml/ep/EpKabelDefinitionSection.qml:222: TypeError: Cannot read property 'border' of undefined
17:35:10.934 [WRN] qrc:/qt/qml/stroemling/qml/ep/EpKabelDefinitionSection.qml:232: TypeError: Cannot read property 'textMuted' of undefined
17:35:10.934 [WRN] qrc:/qt/qml/stroemling/qml/ep/EpKabelDefinitionSection.qml:321: TypeError: Cannot read property 'textMuted' of undefined
17:35:10.934 [WRN] qrc:/qt/qml/stroemling/qml/ep/EpKabelDefinitionSection.qml:325: TypeError: Cannot read property 'inputBg' of undefined
17:35:10.934 [WRN] qrc:/qt/qml/stroemling/qml/ep/EpKabelDefinitionSection.qml:326: TypeError: Cannot read property 'border' of undefined
17:35:10.934 [WRN] qrc:/qt/qml/stroemling/qml/components/MiniButton.qml:18: TypeError: Cannot read property 'inputBg' of undefined
17:35:10.934 [WRN] qrc:/qt/qml/stroemling/qml/components/MiniButton.qml:26: TypeError: Cannot read property 'textMuted' of undefined
17:35:10.934 [WRN] qrc:/qt/qml/stroemling/qml/components/MiniButton.qml:19: TypeError: Cannot read property 'border' of undefined
17:35:10.934 [WRN] qrc:/qt/qml/stroemling/qml/components/MiniButton.qml:18: TypeError: Cannot read property 'inputBg' of undefined
17:35:10.934 [WRN] qrc:/qt/qml/stroemling/qml/components/MiniButton.qml:26: TypeError: Cannot read property 'textMuted' of undefined
17:35:10.934 [WRN] qrc:/qt/qml/stroemling/qml/components/MiniButton.qml:19: TypeError: Cannot read property 'border' of undefined
17:35:10.934 [WRN] qrc:/qt/qml/stroemling/qml/components/MiniButton.qml:18: TypeError: Cannot read property 'inputBg' of undefined
17:35:10.934 [WRN] qrc:/qt/qml/stroemling/qml/components/MiniButton.qml:26: TypeError: Cannot read property 'textMuted' of undefined
17:35:10.934 [WRN] qrc:/qt/qml/stroemling/qml/components/MiniButton.qml:19: TypeError: Cannot read property 'border' of undefined
17:35:10.934 [WRN] qrc:/qt/qml/stroemling/qml/components/MiniButton.qml:18: TypeError: Cannot read property 'inputBg' of undefined
17:35:10.934 [WRN] qrc:/qt/qml/stroemling/qml/components/MiniButton.qml:26: TypeError: Cannot read property 'textMuted' of undefined
17:35:10.934 [WRN] qrc:/qt/qml/stroemling/qml/components/MiniButton.qml:19: TypeError: Cannot read property 'border' of undefined
17:35:10.934 [WRN] qrc:/qt/qml/stroemling/qml/ep/EpVerbindungSection.qml:152: TypeError: Cannot read property 'textSecondary' of undefined
17:35:10.934 [WRN] qrc:/qt/qml/stroemling/qml/components/ColorPalette.qml:38: TypeError: Cannot read property 'borderDark' of undefined
17:35:10.934 [WRN] qrc:/qt/qml/stroemling/qml/components/ColorPalette.qml:38: TypeError: Cannot read property 'borderDark' of undefined
17:35:10.934 [WRN] qrc:/qt/qml/stroemling/qml/components/ColorPalette.qml:38: TypeError: Cannot read property 'borderDark' of undefined
17:35:10.934 [WRN] qrc:/qt/qml/stroemling/qml/components/ColorPalette.qml:38: TypeError: Cannot read property 'borderDark' of undefined
17:35:10.934 [WRN] qrc:/qt/qml/stroemling/qml/components/ColorPalette.qml:38: TypeError: Cannot read property 'borderDark' of undefined
17:35:10.934 [WRN] qrc:/qt/qml/stroemling/qml/components/ColorPalette.qml:38: TypeError: Cannot read property 'borderDark' of undefined
17:35:10.934 [WRN] qrc:/qt/qml/stroemling/qml/components/ColorPalette.qml:38: TypeError: Cannot read property 'borderDark' of undefined
17:35:10.934 [WRN] qrc:/qt/qml/stroemling/qml/components/ColorPalette.qml:38: TypeError: Cannot read property 'borderDark' of undefined
17:35:10.934 [WRN] qrc:/qt/qml/stroemling/qml/components/ColorPalette.qml:38: TypeError: Cannot read property 'borderDark' of undefined
17:35:10.934 [WRN] qrc:/qt/qml/stroemling/qml/components/ColorPalette.qml:38: TypeError: Cannot read property 'borderDark' of undefined
17:35:10.934 [WRN] qrc:/qt/qml/stroemling/qml/components/ColorPalette.qml:38: TypeError: Cannot read property 'borderDark' of undefined
17:35:10.934 [WRN] qrc:/qt/qml/stroemling/qml/components/ColorPalette.qml:38: TypeError: Cannot read property 'borderDark' of undefined
17:35:10.934 [WRN] qrc:/qt/qml/stroemling/qml/components/MiniButton.qml:18: TypeError: Cannot read property 'inputBg' of undefined
17:35:10.934 [WRN] qrc:/qt/qml/stroemling/qml/components/MiniButton.qml:26: TypeError: Cannot read property 'textMuted' of undefined
17:35:10.934 [WRN] qrc:/qt/qml/stroemling/qml/components/MiniButton.qml:19: TypeError: Cannot read property 'border' of undefined
17:35:10.934 [WRN] qrc:/qt/qml/stroemling/qml/components/MiniButton.qml:18: TypeError: Cannot read property 'inputBg' of undefined
17:35:10.934 [WRN] qrc:/qt/qml/stroemling/qml/components/MiniButton.qml:26: TypeError: Cannot read property 'textMuted' of undefined
17:35:10.934 [WRN] qrc:/qt/qml/stroemling/qml/components/MiniButton.qml:19: TypeError: Cannot read property 'border' of undefined
17:35:10.934 [WRN] qrc:/qt/qml/stroemling/qml/components/MiniButton.qml:18: TypeError: Cannot read property 'inputBg' of undefined
17:35:10.934 [WRN] qrc:/qt/qml/stroemling/qml/components/MiniButton.qml:26: TypeError: Cannot read property 'textMuted' of undefined
17:35:10.934 [WRN] qrc:/qt/qml/stroemling/qml/components/MiniButton.qml:19: TypeError: Cannot read property 'border' of undefined
17:35:10.934 [WRN] qrc:/qt/qml/stroemling/qml/components/MiniButton.qml:18: TypeError: Cannot read property 'activeItemAlt' of undefined
17:35:10.934 [WRN] qrc:/qt/qml/stroemling/qml/components/MiniButton.qml:26: TypeError: Cannot read property 'accent' of undefined
17:35:10.934 [WRN] qrc:/qt/qml/stroemling/qml/components/MiniButton.qml:19: TypeError: Cannot read property 'accent' of undefined
17:35:10.934 [WRN] qrc:/qt/qml/stroemling/qml/components/MiniButton.qml:18: TypeError: Cannot read property 'inputBg' of undefined
17:35:10.934 [WRN] qrc:/qt/qml/stroemling/qml/components/MiniButton.qml:26: TypeError: Cannot read property 'textMuted' of undefined
17:35:10.934 [WRN] qrc:/qt/qml/stroemling/qml/components/MiniButton.qml:19: TypeError: Cannot read property 'border' of undefined
17:35:10.934 [WRN] qrc:/qt/qml/stroemling/qml/components/MiniButton.qml:18: TypeError: Cannot read property 'inputBg' of undefined
17:35:10.934 [WRN] qrc:/qt/qml/stroemling/qml/components/MiniButton.qml:26: TypeError: Cannot read property 'textMuted' of undefined
17:35:10.934 [WRN] qrc:/qt/qml/stroemling/qml/components/MiniButton.qml:19: TypeError: Cannot read property 'border' of undefined
17:35:10.934 [WRN] qrc:/qt/qml/stroemling/qml/components/MiniButton.qml:18: TypeError: Cannot read property 'inputBg' of undefined
17:35:10.934 [WRN] qrc:/qt/qml/stroemling/qml/components/MiniButton.qml:26: TypeError: Cannot read property 'textMuted' of undefined
17:35:10.934 [WRN] qrc:/qt/qml/stroemling/qml/components/MiniButton.qml:19: TypeError: Cannot read property 'border' of undefined
17:35:10.934 [WRN] qrc:/qt/qml/stroemling/qml/components/MiniButton.qml:18: TypeError: Cannot read property 'inputBg' of undefined
17:35:10.934 [WRN] qrc:/qt/qml/stroemling/qml/components/MiniButton.qml:26: TypeError: Cannot read property 'textMuted' of undefined
17:35:10.934 [WRN] qrc:/qt/qml/stroemling/qml/components/MiniButton.qml:19: TypeError: Cannot read property 'border' of undefined
17:35:10.934 [WRN] qrc:/qt/qml/stroemling/qml/components/MiniButton.qml:18: TypeError: Cannot read property 'activeItemAlt' of undefined
17:35:10.935 [WRN] qrc:/qt/qml/stroemling/qml/components/MiniButton.qml:26: TypeError: Cannot read property 'accent' of undefined
17:35:10.935 [WRN] qrc:/qt/qml/stroemling/qml/components/MiniButton.qml:19: TypeError: Cannot read property 'accent' of undefined
17:35:10.935 [WRN] qrc:/qt/qml/stroemling/qml/components/StilSlider.qml:20: TypeError: Cannot read property 'border' of undefined
17:35:10.935 [WRN] qrc:/qt/qml/stroemling/qml/components/StilSlider.qml:23: TypeError: Cannot read property 'accent' of undefined
17:35:10.935 [WRN] qrc:/qt/qml/stroemling/qml/components/StilSlider.qml:30: TypeError: Cannot read property 'accent' of undefined
17:35:10.935 [WRN] qrc:/qt/qml/stroemling/qml/components/ColorPalette.qml:38: TypeError: Cannot read property 'borderDark' of undefined
17:35:10.935 [WRN] qrc:/qt/qml/stroemling/qml/components/ColorPalette.qml:38: TypeError: Cannot read property 'borderDark' of undefined
17:35:10.935 [WRN] qrc:/qt/qml/stroemling/qml/components/ColorPalette.qml:38: TypeError: Cannot read property 'borderDark' of undefined
17:35:10.935 [WRN] qrc:/qt/qml/stroemling/qml/components/ColorPalette.qml:38: TypeError: Cannot read property 'borderDark' of undefined
17:35:10.935 [WRN] qrc:/qt/qml/stroemling/qml/components/ColorPalette.qml:38: TypeError: Cannot read property 'borderDark' of undefined
17:35:10.935 [WRN] qrc:/qt/qml/stroemling/qml/components/ColorPalette.qml:38: TypeError: Cannot read property 'borderDark' of undefined
17:35:10.935 [WRN] qrc:/qt/qml/stroemling/qml/components/ColorPalette.qml:38: TypeError: Cannot read property 'borderDark' of undefined
17:35:10.935 [WRN] qrc:/qt/qml/stroemling/qml/components/ColorPalette.qml:38: TypeError: Cannot read property 'borderDark' of undefined
17:35:10.935 [WRN] qrc:/qt/qml/stroemling/qml/components/ColorPalette.qml:38: TypeError: Cannot read property 'borderDark' of undefined
17:35:10.935 [WRN] qrc:/qt/qml/stroemling/qml/components/ColorPalette.qml:38: TypeError: Cannot read property 'borderDark' of undefined
17:35:10.935 [WRN] qrc:/qt/qml/stroemling/qml/components/ColorPalette.qml:38: TypeError: Cannot read property 'borderDark' of undefined
17:35:10.935 [WRN] qrc:/qt/qml/stroemling/qml/components/ColorPalette.qml:38: TypeError: Cannot read property 'borderDark' of undefined
17:35:10.935 [WRN] qrc:/qt/qml/stroemling/qml/components/StilSlider.qml:20: TypeError: Cannot read property 'border' of undefined
17:35:10.935 [WRN] qrc:/qt/qml/stroemling/qml/components/StilSlider.qml:23: TypeError: Cannot read property 'accent' of undefined
17:35:10.935 [WRN] qrc:/qt/qml/stroemling/qml/components/StilSlider.qml:30: TypeError: Cannot read property 'accent' of undefined
17:35:10.935 [WRN] qrc:/qt/qml/stroemling/qml/components/StilSlider.qml:20: TypeError: Cannot read property 'border' of undefined
17:35:10.935 [WRN] qrc:/qt/qml/stroemling/qml/components/StilSlider.qml:23: TypeError: Cannot read property 'accent' of undefined
17:35:10.935 [WRN] qrc:/qt/qml/stroemling/qml/components/StilSlider.qml:30: TypeError: Cannot read property 'accent' of undefined
17:35:10.935 [WRN] qrc:/qt/qml/stroemling/qml/components/MiniButton.qml:18: TypeError: Cannot read property 'inputBg' of undefined
17:35:10.935 [WRN] qrc:/qt/qml/stroemling/qml/components/MiniButton.qml:26: TypeError: Cannot read property 'textMuted' of undefined
17:35:10.935 [WRN] qrc:/qt/qml/stroemling/qml/components/MiniButton.qml:19: TypeError: Cannot read property 'border' of undefined
17:35:10.935 [WRN] qrc:/qt/qml/stroemling/qml/components/MiniButton.qml:18: TypeError: Cannot read property 'inputBg' of undefined
17:35:10.935 [WRN] qrc:/qt/qml/stroemling/qml/components/MiniButton.qml:26: TypeError: Cannot read property 'textMuted' of undefined
17:35:10.935 [WRN] qrc:/qt/qml/stroemling/qml/components/MiniButton.qml:19: TypeError: Cannot read property 'border' of undefined
17:35:10.935 [WRN] qrc:/qt/qml/stroemling/qml/components/MiniButton.qml:18: TypeError: Cannot read property 'inputBg' of undefined
17:35:10.935 [WRN] qrc:/qt/qml/stroemling/qml/components/MiniButton.qml:26: TypeError: Cannot read property 'textMuted' of undefined
17:35:10.935 [WRN] qrc:/qt/qml/stroemling/qml/components/MiniButton.qml:19: TypeError: Cannot read property 'border' of undefined
17:35:10.935 [WRN] qrc:/qt/qml/stroemling/qml/components/MiniButton.qml:18: TypeError: Cannot read property 'inputBg' of undefined
17:35:10.935 [WRN] qrc:/qt/qml/stroemling/qml/components/MiniButton.qml:26: TypeError: Cannot read property 'textMuted' of undefined
17:35:10.935 [WRN] qrc:/qt/qml/stroemling/qml/components/MiniButton.qml:19: TypeError: Cannot read property 'border' of undefined
17:35:10.935 [WRN] qrc:/qt/qml/stroemling/qml/components/MiniButton.qml:18: TypeError: Cannot read property 'inputBg' of undefined
17:35:10.935 [WRN] qrc:/qt/qml/stroemling/qml/components/MiniButton.qml:26: TypeError: Cannot read property 'textMuted' of undefined
17:35:10.935 [WRN] qrc:/qt/qml/stroemling/qml/components/MiniButton.qml:19: TypeError: Cannot read property 'border' of undefined
17:35:10.935 [WRN] qrc:/qt/qml/stroemling/qml/components/MiniButton.qml:18: TypeError: Cannot read property 'inputBg' of undefined
17:35:10.935 [WRN] qrc:/qt/qml/stroemling/qml/components/MiniButton.qml:26: TypeError: Cannot read property 'textMuted' of undefined
17:35:10.935 [WRN] qrc:/qt/qml/stroemling/qml/components/MiniButton.qml:19: TypeError: Cannot read property 'border' of undefined
17:35:10.935 [WRN] qrc:/qt/qml/stroemling/qml/components/MiniButton.qml:18: TypeError: Cannot read property 'inputBg' of undefined
17:35:10.935 [WRN] qrc:/qt/qml/stroemling/qml/components/MiniButton.qml:26: TypeError: Cannot read property 'textMuted' of undefined
17:35:10.935 [WRN] qrc:/qt/qml/stroemling/qml/components/MiniButton.qml:19: TypeError: Cannot read property 'border' of undefined
17:35:10.935 [WRN] qrc:/qt/qml/stroemling/qml/components/MiniButton.qml:18: TypeError: Cannot read property 'activeItemAlt' of undefined
17:35:10.935 [WRN] qrc:/qt/qml/stroemling/qml/components/MiniButton.qml:26: TypeError: Cannot read property 'accent' of undefined
17:35:10.935 [WRN] qrc:/qt/qml/stroemling/qml/components/MiniButton.qml:19: TypeError: Cannot read property 'accent' of undefined
17:35:10.935 [WRN] qrc:/qt/qml/stroemling/qml/ep/EpAderdefinitionSection.qml:84: TypeError: Cannot read property 'inputBg' of undefined
17:35:10.935 [WRN] qrc:/qt/qml/stroemling/qml/ep/EpAderdefinitionSection.qml:97: TypeError: Cannot read property 'textMuted' of undefined
17:35:10.935 [WRN] qrc:/qt/qml/stroemling/qml/ep/EpAderdefinitionSection.qml:85: TypeError: Cannot read property 'border' of undefined
17:35:10.935 [WRN] qrc:/qt/qml/stroemling/qml/ep/EpAderdefinitionSection.qml:84: TypeError: Cannot read property 'inputBg' of undefined
17:35:10.935 [WRN] qrc:/qt/qml/stroemling/qml/ep/EpAderdefinitionSection.qml:97: TypeError: Cannot read property 'textMuted' of undefined
17:35:10.935 [WRN] qrc:/qt/qml/stroemling/qml/ep/EpAderdefinitionSection.qml:85: TypeError: Cannot read property 'border' of undefined
17:35:10.935 [WRN] qrc:/qt/qml/stroemling/qml/ep/EpAderdefinitionSection.qml:84: TypeError: Cannot read property 'inputBg' of undefined
17:35:10.935 [WRN] qrc:/qt/qml/stroemling/qml/ep/EpAderdefinitionSection.qml:97: TypeError: Cannot read property 'textMuted' of undefined
17:35:10.935 [WRN] qrc:/qt/qml/stroemling/qml/ep/EpAderdefinitionSection.qml:85: TypeError: Cannot read property 'border' of undefined
17:35:10.935 [WRN] qrc:/qt/qml/stroemling/qml/ep/EpAderdefinitionSection.qml:84: TypeError: Cannot read property 'inputBg' of undefined
17:35:10.935 [WRN] qrc:/qt/qml/stroemling/qml/ep/EpAderdefinitionSection.qml:97: TypeError: Cannot read property 'textMuted' of undefined
17:35:10.935 [WRN] qrc:/qt/qml/stroemling/qml/ep/EpAderdefinitionSection.qml:85: TypeError: Cannot read property 'border' of undefined
17:35:10.935 [WRN] qrc:/qt/qml/stroemling/qml/ep/EpAderdefinitionSection.qml:84: TypeError: Cannot read property 'inputBg' of undefined
17:35:10.935 [WRN] qrc:/qt/qml/stroemling/qml/ep/EpAderdefinitionSection.qml:97: TypeError: Cannot read property 'textMuted' of undefined
17:35:10.935 [WRN] qrc:/qt/qml/stroemling/qml/ep/EpAderdefinitionSection.qml:85: TypeError: Cannot read property 'border' of undefined
17:35:10.935 [WRN] qrc:/qt/qml/stroemling/qml/ep/EpAderdefinitionSection.qml:84: TypeError: Cannot read property 'inputBg' of undefined
17:35:10.935 [WRN] qrc:/qt/qml/stroemling/qml/ep/EpAderdefinitionSection.qml:97: TypeError: Cannot read property 'textMuted' of undefined
17:35:10.935 [WRN] qrc:/qt/qml/stroemling/qml/ep/EpAderdefinitionSection.qml:85: TypeError: Cannot read property 'border' of undefined
17:35:10.935 [WRN] qrc:/qt/qml/stroemling/qml/ep/EpAderdefinitionSection.qml:84: TypeError: Cannot read property 'inputBg' of undefined
17:35:10.935 [WRN] qrc:/qt/qml/stroemling/qml/ep/EpAderdefinitionSection.qml:97: TypeError: Cannot read property 'textMuted' of undefined
17:35:10.935 [WRN] qrc:/qt/qml/stroemling/qml/ep/EpAderdefinitionSection.qml:85: TypeError: Cannot read property 'border' of undefined
17:35:10.935 [WRN] qrc:/qt/qml/stroemling/qml/ep/EpAderdefinitionSection.qml:84: TypeError: Cannot read property 'inputBg' of undefined
17:35:10.935 [WRN] qrc:/qt/qml/stroemling/qml/ep/EpAderdefinitionSection.qml:97: TypeError: Cannot read property 'textMuted' of undefined
17:35:10.935 [WRN] qrc:/qt/qml/stroemling/qml/ep/EpAderdefinitionSection.qml:85: TypeError: Cannot read property 'border' of undefined
17:35:10.935 [WRN] qrc:/qt/qml/stroemling/qml/ep/EpAderdefinitionSection.qml:84: TypeError: Cannot read property 'inputBg' of undefined
17:35:10.935 [WRN] qrc:/qt/qml/stroemling/qml/ep/EpAderdefinitionSection.qml:97: TypeError: Cannot read property 'textMuted' of undefined
17:35:10.935 [WRN] qrc:/qt/qml/stroemling/qml/ep/EpAderdefinitionSection.qml:85: TypeError: Cannot read property 'border' of undefined
17:35:10.935 [WRN] qrc:/qt/qml/stroemling/qml/ep/EpAderdefinitionSection.qml:84: TypeError: Cannot read property 'inputBg' of undefined
17:35:10.935 [WRN] qrc:/qt/qml/stroemling/qml/ep/EpAderdefinitionSection.qml:97: TypeError: Cannot read property 'textMuted' of undefined
17:35:10.935 [WRN] qrc:/qt/qml/stroemling/qml/ep/EpAderdefinitionSection.qml:85: TypeError: Cannot read property 'border' of undefined
17:35:10.935 [WRN] qrc:/qt/qml/stroemling/qml/ep/EpAderdefinitionSection.qml:84: TypeError: Cannot read property 'inputBg' of undefined
17:35:10.935 [WRN] qrc:/qt/qml/stroemling/qml/ep/EpAderdefinitionSection.qml:97: TypeError: Cannot read property 'textMuted' of undefined
17:35:10.935 [WRN] qrc:/qt/qml/stroemling/qml/ep/EpAderdefinitionSection.qml:85: TypeError: Cannot read property 'border' of undefined
17:35:10.935 [WRN] qrc:/qt/qml/stroemling/qml/ep/EpAderdefinitionSection.qml:84: TypeError: Cannot read property 'inputBg' of undefined
17:35:10.935 [WRN] qrc:/qt/qml/stroemling/qml/ep/EpAderdefinitionSection.qml:97: TypeError: Cannot read property 'textMuted' of undefined
17:35:10.935 [WRN] qrc:/qt/qml/stroemling/qml/ep/EpAderdefinitionSection.qml:85: TypeError: Cannot read property 'border' of undefined
17:35:10.935 [WRN] qrc:/qt/qml/stroemling/qml/components/MiniButton.qml:18: TypeError: Cannot read property 'inputBg' of undefined
17:35:10.935 [WRN] qrc:/qt/qml/stroemling/qml/components/MiniButton.qml:26: TypeError: Cannot read property 'textMuted' of undefined
17:35:10.935 [WRN] qrc:/qt/qml/stroemling/qml/components/MiniButton.qml:19: TypeError: Cannot read property 'border' of undefined
17:35:10.935 [WRN] qrc:/qt/qml/stroemling/qml/components/MiniButton.qml:18: TypeError: Cannot read property 'inputBg' of undefined
17:35:10.935 [WRN] qrc:/qt/qml/stroemling/qml/components/MiniButton.qml:26: TypeError: Cannot read property 'textMuted' of undefined
17:35:10.935 [WRN] qrc:/qt/qml/stroemling/qml/components/MiniButton.qml:19: TypeError: Cannot read property 'border' of undefined
17:35:10.935 [WRN] qrc:/qt/qml/stroemling/qml/components/MiniButton.qml:18: TypeError: Cannot read property 'inputBg' of undefined
17:35:10.935 [WRN] qrc:/qt/qml/stroemling/qml/components/MiniButton.qml:26: TypeError: Cannot read property 'textMuted' of undefined
17:35:10.935 [WRN] qrc:/qt/qml/stroemling/qml/components/MiniButton.qml:19: TypeError: Cannot read property 'border' of undefined
17:35:10.935 [WRN] qrc:/qt/qml/stroemling/qml/components/MiniButton.qml:18: TypeError: Cannot read property 'inputBg' of undefined
17:35:10.935 [WRN] qrc:/qt/qml/stroemling/qml/components/MiniButton.qml:26: TypeError: Cannot read property 'textMuted' of undefined
17:35:10.935 [WRN] qrc:/qt/qml/stroemling/qml/components/MiniButton.qml:19: TypeError: Cannot read property 'border' of undefined
17:35:10.935 [WRN] qrc:/qt/qml/stroemling/qml/components/MiniButton.qml:18: TypeError: Cannot read property 'inputBg' of undefined
17:35:10.936 [WRN] qrc:/qt/qml/stroemling/qml/components/MiniButton.qml:26: TypeError: Cannot read property 'textMuted' of undefined
17:35:10.936 [WRN] qrc:/qt/qml/stroemling/qml/components/MiniButton.qml:19: TypeError: Cannot read property 'border' of undefined
17:35:10.936 [WRN] qrc:/qt/qml/stroemling/qml/components/MiniButton.qml:18: TypeError: Cannot read property 'inputBg' of undefined
17:35:10.936 [WRN] qrc:/qt/qml/stroemling/qml/components/MiniButton.qml:26: TypeError: Cannot read property 'textMuted' of undefined
17:35:10.936 [WRN] qrc:/qt/qml/stroemling/qml/components/MiniButton.qml:19: TypeError: Cannot read property 'border' of undefined
17:35:10.936 [WRN] qrc:/qt/qml/stroemling/qml/components/MiniButton.qml:18: TypeError: Cannot read property 'inputBg' of undefined
17:35:10.936 [WRN] qrc:/qt/qml/stroemling/qml/components/MiniButton.qml:26: TypeError: Cannot read property 'textMuted' of undefined
17:35:10.936 [WRN] qrc:/qt/qml/stroemling/qml/components/MiniButton.qml:19: TypeError: Cannot read property 'border' of undefined
17:35:10.936 [WRN] qrc:/qt/qml/stroemling/qml/components/MiniButton.qml:18: TypeError: Cannot read property 'inputBg' of undefined
17:35:10.936 [WRN] qrc:/qt/qml/stroemling/qml/components/MiniButton.qml:26: TypeError: Cannot read property 'textMuted' of undefined
17:35:10.936 [WRN] qrc:/qt/qml/stroemling/qml/components/MiniButton.qml:19: TypeError: Cannot read property 'border' of undefined
17:35:10.936 [WRN] qrc:/qt/qml/stroemling/qml/components/MiniButton.qml:18: TypeError: Cannot read property 'inputBg' of undefined
17:35:10.936 [WRN] qrc:/qt/qml/stroemling/qml/components/MiniButton.qml:26: TypeError: Cannot read property 'textMuted' of undefined
17:35:10.936 [WRN] qrc:/qt/qml/stroemling/qml/components/MiniButton.qml:19: TypeError: Cannot read property 'border' of undefined
17:35:10.936 [WRN] qrc:/qt/qml/stroemling/qml/components/MiniButton.qml:18: TypeError: Cannot read property 'inputBg' of undefined
17:35:10.936 [WRN] qrc:/qt/qml/stroemling/qml/components/MiniButton.qml:26: TypeError: Cannot read property 'textMuted' of undefined
17:35:10.936 [WRN] qrc:/qt/qml/stroemling/qml/components/MiniButton.qml:19: TypeError: Cannot read property 'border' of undefined
17:35:10.936 [WRN] qrc:/qt/qml/stroemling/qml/components/MiniButton.qml:18: TypeError: Cannot read property 'inputBg' of undefined
17:35:10.936 [WRN] qrc:/qt/qml/stroemling/qml/components/MiniButton.qml:26: TypeError: Cannot read property 'textMuted' of undefined
17:35:10.936 [WRN] qrc:/qt/qml/stroemling/qml/components/MiniButton.qml:19: TypeError: Cannot read property 'border' of undefined
17:35:10.936 [WRN] qrc:/qt/qml/stroemling/qml/components/MiniButton.qml:18: TypeError: Cannot read property 'inputBg' of undefined
17:35:10.936 [WRN] qrc:/qt/qml/stroemling/qml/components/MiniButton.qml:26: TypeError: Cannot read property 'textMuted' of undefined
17:35:10.936 [WRN] qrc:/qt/qml/stroemling/qml/components/MiniButton.qml:19: TypeError: Cannot read property 'border' of undefined
17:35:10.936 [WRN] qrc:/qt/qml/stroemling/qml/components/MiniButton.qml:18: TypeError: Cannot read property 'inputBg' of undefined
17:35:10.936 [WRN] qrc:/qt/qml/stroemling/qml/components/MiniButton.qml:26: TypeError: Cannot read property 'textMuted' of undefined
17:35:10.936 [WRN] qrc:/qt/qml/stroemling/qml/components/MiniButton.qml:19: TypeError: Cannot read property 'border' of undefined
17:35:10.936 [WRN] qrc:/qt/qml/stroemling/qml/components/MiniButton.qml:18: TypeError: Cannot read property 'inputBg' of undefined
17:35:10.936 [WRN] qrc:/qt/qml/stroemling/qml/components/MiniButton.qml:26: TypeError: Cannot read property 'textMuted' of undefined
17:35:10.936 [WRN] qrc:/qt/qml/stroemling/qml/components/MiniButton.qml:19: TypeError: Cannot read property 'border' of undefined
17:35:10.936 [WRN] qrc:/qt/qml/stroemling/qml/components/MiniButton.qml:18: TypeError: Cannot read property 'inputBg' of undefined
17:35:10.936 [WRN] qrc:/qt/qml/stroemling/qml/components/MiniButton.qml:26: TypeError: Cannot read property 'textMuted' of undefined
17:35:10.936 [WRN] qrc:/qt/qml/stroemling/qml/components/MiniButton.qml:19: TypeError: Cannot read property 'border' of undefined
17:35:10.936 [WRN] qrc:/qt/qml/stroemling/qml/components/MiniButton.qml:18: TypeError: Cannot read property 'inputBg' of undefined
17:35:10.936 [WRN] qrc:/qt/qml/stroemling/qml/components/MiniButton.qml:26: TypeError: Cannot read property 'textMuted' of undefined
17:35:10.936 [WRN] qrc:/qt/qml/stroemling/qml/components/MiniButton.qml:19: TypeError: Cannot read property 'border' of undefined
17:35:10.936 [WRN] qrc:/qt/qml/stroemling/qml/components/MiniButton.qml:18: TypeError: Cannot read property 'inputBg' of undefined
17:35:10.936 [WRN] qrc:/qt/qml/stroemling/qml/components/MiniButton.qml:26: TypeError: Cannot read property 'textMuted' of undefined
17:35:10.936 [WRN] qrc:/qt/qml/stroemling/qml/components/MiniButton.qml:19: TypeError: Cannot read property 'border' of undefined
17:35:10.936 [WRN] qrc:/qt/qml/stroemling/qml/components/MiniButton.qml:18: TypeError: Cannot read property 'inputBg' of undefined
17:35:10.936 [WRN] qrc:/qt/qml/stroemling/qml/components/MiniButton.qml:26: TypeError: Cannot read property 'textMuted' of undefined
17:35:10.936 [WRN] qrc:/qt/qml/stroemling/qml/components/MiniButton.qml:19: TypeError: Cannot read property 'border' of undefined
17:35:10.936 [WRN] qrc:/qt/qml/stroemling/qml/components/MiniButton.qml:18: TypeError: Cannot read property 'inputBg' of undefined
17:35:10.936 [WRN] qrc:/qt/qml/stroemling/qml/components/MiniButton.qml:26: TypeError: Cannot read property 'textMuted' of undefined
17:35:10.936 [WRN] qrc:/qt/qml/stroemling/qml/components/MiniButton.qml:19: TypeError: Cannot read property 'border' of undefined
17:35:10.936 [WRN] qrc:/qt/qml/stroemling/qml/components/MiniButton.qml:18: TypeError: Cannot read property 'inputBg' of undefined
17:35:10.936 [WRN] qrc:/qt/qml/stroemling/qml/components/MiniButton.qml:26: TypeError: Cannot read property 'textMuted' of undefined
17:35:10.936 [WRN] qrc:/qt/qml/stroemling/qml/components/MiniButton.qml:19: TypeError: Cannot read property 'border' of undefined
17:35:10.936 [WRN] qrc:/qt/qml/stroemling/qml/components/MiniButton.qml:18: TypeError: Cannot read property 'inputBg' of undefined
17:35:10.936 [WRN] qrc:/qt/qml/stroemling/qml/components/MiniButton.qml:26: TypeError: Cannot read property 'textMuted' of undefined
17:35:10.936 [WRN] qrc:/qt/qml/stroemling/qml/components/MiniButton.qml:19: TypeError: Cannot read property 'border' of undefined
17:35:10.936 [WRN] qrc:/qt/qml/stroemling/qml/components/MiniButton.qml:18: TypeError: Cannot read property 'inputBg' of undefined
17:35:10.936 [WRN] qrc:/qt/qml/stroemling/qml/components/MiniButton.qml:26: TypeError: Cannot read property 'textMuted' of undefined
17:35:10.936 [WRN] qrc:/qt/qml/stroemling/qml/components/MiniButton.qml:19: TypeError: Cannot read property 'border' of undefined
17:35:10.936 [WRN] qrc:/qt/qml/stroemling/qml/ep/EpSteckverbinderSection.qml:72: TypeError: Cannot read property 'textPrimary' of undefined
17:35:10.936 [WRN] qrc:/qt/qml/stroemling/qml/ep/EpSteckverbinderSection.qml:71: TypeError: Cannot read property 'inputBg' of undefined
17:35:10.936 [WRN] qrc:/qt/qml/stroemling/qml/ep/EpSteckverbinderSection.qml:71: TypeError: Cannot read property 'border' of undefined
17:35:10.936 [WRN] qrc:/qt/qml/stroemling/qml/ep/EpSteckverbinderSection.qml:86: TypeError: Cannot read property 'inputBg' of undefined
17:35:10.936 [WRN] qrc:/qt/qml/stroemling/qml/ep/EpSteckverbinderSection.qml:86: TypeError: Cannot read property 'border' of undefined
17:35:10.936 [WRN] qrc:/qt/qml/stroemling/qml/ep/EpSteckverbinderSection.qml:108: TypeError: Cannot read property 'inputBg' of undefined
17:35:10.936 [WRN] qrc:/qt/qml/stroemling/qml/ep/EpSteckverbinderSection.qml:108: TypeError: Cannot read property 'border' of undefined
17:35:10.936 [WRN] qrc:/qt/qml/stroemling/qml/ep/EpSteckverbinderSection.qml:129: TypeError: Cannot read property 'inputBg' of undefined
17:35:10.936 [WRN] qrc:/qt/qml/stroemling/qml/ep/EpSteckverbinderSection.qml:129: TypeError: Cannot read property 'border' of undefined
17:35:10.936 [WRN] qrc:/qt/qml/stroemling/qml/components/MiniButton.qml:18: TypeError: Cannot read property 'inputBg' of undefined
17:35:10.936 [WRN] qrc:/qt/qml/stroemling/qml/components/MiniButton.qml:26: TypeError: Cannot read property 'textMuted' of undefined
17:35:10.936 [WRN] qrc:/qt/qml/stroemling/qml/components/MiniButton.qml:19: TypeError: Cannot read property 'border' of undefined
17:35:10.936 [WRN] qrc:/qt/qml/stroemling/qml/components/MiniButton.qml:18: TypeError: Cannot read property 'inputBg' of undefined
17:35:10.936 [WRN] qrc:/qt/qml/stroemling/qml/components/MiniButton.qml:26: TypeError: Cannot read property 'textMuted' of undefined
17:35:10.936 [WRN] qrc:/qt/qml/stroemling/qml/components/MiniButton.qml:19: TypeError: Cannot read property 'border' of undefined
17:35:10.936 [WRN] qrc:/qt/qml/stroemling/qml/components/MiniButton.qml:18: TypeError: Cannot read property 'inputBg' of undefined
17:35:10.936 [WRN] qrc:/qt/qml/stroemling/qml/components/MiniButton.qml:26: TypeError: Cannot read property 'textMuted' of undefined
17:35:10.936 [WRN] qrc:/qt/qml/stroemling/qml/components/MiniButton.qml:19: TypeError: Cannot read property 'border' of undefined
17:35:10.936 [WRN] qrc:/qt/qml/stroemling/qml/components/MiniButton.qml:18: TypeError: Cannot read property 'activeItemAlt' of undefined
17:35:10.936 [WRN] qrc:/qt/qml/stroemling/qml/components/MiniButton.qml:26: TypeError: Cannot read property 'accent' of undefined
17:35:10.936 [WRN] qrc:/qt/qml/stroemling/qml/components/MiniButton.qml:19: TypeError: Cannot read property 'accent' of undefined
17:35:10.936 [WRN] qrc:/qt/qml/stroemling/qml/components/StilSlider.qml:20: TypeError: Cannot read property 'border' of undefined
17:35:10.936 [WRN] qrc:/qt/qml/stroemling/qml/components/StilSlider.qml:23: TypeError: Cannot read property 'accent' of undefined
17:35:10.936 [WRN] qrc:/qt/qml/stroemling/qml/components/StilSlider.qml:30: TypeError: Cannot read property 'accent' of undefined
17:35:10.936 [WRN] qrc:/qt/qml/stroemling/qml/components/StilSlider.qml:20: TypeError: Cannot read property 'border' of undefined
17:35:10.936 [WRN] qrc:/qt/qml/stroemling/qml/components/StilSlider.qml:23: TypeError: Cannot read property 'accent' of undefined
17:35:10.936 [WRN] qrc:/qt/qml/stroemling/qml/components/StilSlider.qml:30: TypeError: Cannot read property 'accent' of undefined
17:35:10.936 [WRN] qrc:/qt/qml/stroemling/qml/components/StilSlider.qml:20: TypeError: Cannot read property 'border' of undefined
17:35:10.936 [WRN] qrc:/qt/qml/stroemling/qml/components/StilSlider.qml:23: TypeError: Cannot read property 'accent' of undefined
17:35:10.936 [WRN] qrc:/qt/qml/stroemling/qml/components/StilSlider.qml:30: TypeError: Cannot read property 'accent' of undefined
17:35:10.936 [WRN] qrc:/qt/qml/stroemling/qml/components/StilSlider.qml:20: TypeError: Cannot read property 'border' of undefined
17:35:10.936 [WRN] qrc:/qt/qml/stroemling/qml/components/StilSlider.qml:23: TypeError: Cannot read property 'accent' of undefined
17:35:10.936 [WRN] qrc:/qt/qml/stroemling/qml/components/StilSlider.qml:30: TypeError: Cannot read property 'accent' of undefined
17:35:10.936 [WRN] qrc:/qt/qml/stroemling/qml/components/MiniButton.qml:18: TypeError: Cannot read property 'inputBg' of undefined
17:35:10.936 [WRN] qrc:/qt/qml/stroemling/qml/components/MiniButton.qml:26: TypeError: Cannot read property 'textMuted' of undefined
17:35:10.936 [WRN] qrc:/qt/qml/stroemling/qml/components/MiniButton.qml:19: TypeError: Cannot read property 'border' of undefined
17:35:10.936 [WRN] qrc:/qt/qml/stroemling/qml/components/MiniButton.qml:18: TypeError: Cannot read property 'inputBg' of undefined
17:35:10.936 [WRN] qrc:/qt/qml/stroemling/qml/components/MiniButton.qml:26: TypeError: Cannot read property 'textMuted' of undefined
17:35:10.936 [WRN] qrc:/qt/qml/stroemling/qml/components/MiniButton.qml:19: TypeError: Cannot read property 'border' of undefined
17:35:10.936 [WRN] qrc:/qt/qml/stroemling/qml/components/MiniButton.qml:18: TypeError: Cannot read property 'activeItemAlt' of undefined
17:35:10.936 [WRN] qrc:/qt/qml/stroemling/qml/components/MiniButton.qml:26: TypeError: Cannot read property 'accent' of undefined
17:35:10.936 [WRN] qrc:/qt/qml/stroemling/qml/components/MiniButton.qml:19: TypeError: Cannot read property 'accent' of undefined
17:35:10.936 [WRN] qrc:/qt/qml/stroemling/qml/components/ColorPalette.qml:38: TypeError: Cannot read property 'borderDark' of undefined
17:35:10.936 [WRN] qrc:/qt/qml/stroemling/qml/components/ColorPalette.qml:38: TypeError: Cannot read property 'borderDark' of undefined
17:35:10.936 [WRN] qrc:/qt/qml/stroemling/qml/components/ColorPalette.qml:38: TypeError: Cannot read property 'borderDark' of undefined
17:35:10.936 [WRN] qrc:/qt/qml/stroemling/qml/components/ColorPalette.qml:38: TypeError: Cannot read property 'borderDark' of undefined
17:35:10.936 [WRN] qrc:/qt/qml/stroemling/qml/components/ColorPalette.qml:38: TypeError: Cannot read property 'borderDark' of undefined
17:35:10.937 [WRN] qrc:/qt/qml/stroemling/qml/components/ColorPalette.qml:38: TypeError: Cannot read property 'borderDark' of undefined
17:35:10.937 [WRN] qrc:/qt/qml/stroemling/qml/components/ColorPalette.qml:38: TypeError: Cannot read property 'borderDark' of undefined
17:35:10.937 [WRN] qrc:/qt/qml/stroemling/qml/components/ColorPalette.qml:38: TypeError: Cannot read property 'borderDark' of undefined
17:35:10.937 [WRN] qrc:/qt/qml/stroemling/qml/components/ColorPalette.qml:38: TypeError: Cannot read property 'borderDark' of undefined
17:35:10.937 [WRN] qrc:/qt/qml/stroemling/qml/components/ColorPalette.qml:38: TypeError: Cannot read property 'borderDark' of undefined
17:35:10.937 [WRN] qrc:/qt/qml/stroemling/qml/components/ColorPalette.qml:38: TypeError: Cannot read property 'borderDark' of undefined
17:35:10.937 [WRN] qrc:/qt/qml/stroemling/qml/components/ColorPalette.qml:38: TypeError: Cannot read property 'borderDark' of undefined
17:35:10.937 [WRN] qrc:/qt/qml/stroemling/qml/components/ColorPalette.qml:38: TypeError: Cannot read property 'borderDark' of undefined
17:35:10.937 [WRN] qrc:/qt/qml/stroemling/qml/components/ColorPalette.qml:38: TypeError: Cannot read property 'borderDark' of undefined
17:35:10.937 [WRN] qrc:/qt/qml/stroemling/qml/components/ColorPalette.qml:38: TypeError: Cannot read property 'borderDark' of undefined
17:35:10.937 [WRN] qrc:/qt/qml/stroemling/qml/components/ColorPalette.qml:38: TypeError: Cannot read property 'borderDark' of undefined
17:35:10.937 [WRN] qrc:/qt/qml/stroemling/qml/components/ColorPalette.qml:38: TypeError: Cannot read property 'borderDark' of undefined
17:35:10.937 [WRN] qrc:/qt/qml/stroemling/qml/components/ColorPalette.qml:38: TypeError: Cannot read property 'borderDark' of undefined
17:35:10.937 [WRN] qrc:/qt/qml/stroemling/qml/components/ColorPalette.qml:38: TypeError: Cannot read property 'borderDark' of undefined
17:35:10.937 [WRN] qrc:/qt/qml/stroemling/qml/components/ColorPalette.qml:38: TypeError: Cannot read property 'borderDark' of undefined
17:35:10.937 [WRN] qrc:/qt/qml/stroemling/qml/components/ColorPalette.qml:38: TypeError: Cannot read property 'borderDark' of undefined
17:35:10.937 [WRN] qrc:/qt/qml/stroemling/qml/components/ColorPalette.qml:38: TypeError: Cannot read property 'borderDark' of undefined
17:35:10.937 [WRN] qrc:/qt/qml/stroemling/qml/components/ColorPalette.qml:38: TypeError: Cannot read property 'borderDark' of undefined
17:35:10.937 [WRN] qrc:/qt/qml/stroemling/qml/components/ColorPalette.qml:38: TypeError: Cannot read property 'borderDark' of undefined
17:35:10.937 [WRN] qrc:/qt/qml/stroemling/qml/components/ColorPalette.qml:38: TypeError: Cannot read property 'borderDark' of undefined
17:35:10.937 [WRN] qrc:/qt/qml/stroemling/qml/components/ColorPalette.qml:38: TypeError: Cannot read property 'borderDark' of undefined
17:35:10.937 [WRN] qrc:/qt/qml/stroemling/qml/components/ColorPalette.qml:38: TypeError: Cannot read property 'borderDark' of undefined
17:35:10.937 [WRN] qrc:/qt/qml/stroemling/qml/components/ColorPalette.qml:38: TypeError: Cannot read property 'borderDark' of undefined
17:35:10.937 [WRN] qrc:/qt/qml/stroemling/qml/components/ColorPalette.qml:38: TypeError: Cannot read property 'borderDark' of undefined
17:35:10.937 [WRN] qrc:/qt/qml/stroemling/qml/components/ColorPalette.qml:38: TypeError: Cannot read property 'borderDark' of undefined
17:35:10.937 [WRN] qrc:/qt/qml/stroemling/qml/components/ColorPalette.qml:38: TypeError: Cannot read property 'borderDark' of undefined
17:35:10.937 [WRN] qrc:/qt/qml/stroemling/qml/components/ColorPalette.qml:38: TypeError: Cannot read property 'borderDark' of undefined
17:35:10.937 [WRN] qrc:/qt/qml/stroemling/qml/components/ColorPalette.qml:38: TypeError: Cannot read property 'borderDark' of undefined
17:35:10.937 [WRN] qrc:/qt/qml/stroemling/qml/components/ColorPalette.qml:38: TypeError: Cannot read property 'borderDark' of undefined
17:35:10.937 [WRN] qrc:/qt/qml/stroemling/qml/components/ColorPalette.qml:38: TypeError: Cannot read property 'borderDark' of undefined
17:35:10.937 [WRN] qrc:/qt/qml/stroemling/qml/components/ColorPalette.qml:38: TypeError: Cannot read property 'borderDark' of undefined
17:35:10.937 [WRN] qrc:/qt/qml/stroemling/qml/components/ColorPalette.qml:38: TypeError: Cannot read property 'borderDark' of undefined
17:35:10.937 [WRN] qrc:/qt/qml/stroemling/qml/components/ColorPalette.qml:38: TypeError: Cannot read property 'borderDark' of undefined
17:35:10.937 [WRN] qrc:/qt/qml/stroemling/qml/components/ColorPalette.qml:38: TypeError: Cannot read property 'borderDark' of undefined
17:35:10.937 [WRN] qrc:/qt/qml/stroemling/qml/components/ColorPalette.qml:38: TypeError: Cannot read property 'borderDark' of undefined
17:35:10.937 [WRN] qrc:/qt/qml/stroemling/qml/components/ColorPalette.qml:38: TypeError: Cannot read property 'borderDark' of undefined
17:35:10.937 [WRN] qrc:/qt/qml/stroemling/qml/components/ColorPalette.qml:38: TypeError: Cannot read property 'borderDark' of undefined
17:35:10.937 [WRN] qrc:/qt/qml/stroemling/qml/components/ColorPalette.qml:38: TypeError: Cannot read property 'borderDark' of undefined
17:35:10.937 [WRN] qrc:/qt/qml/stroemling/qml/components/ColorPalette.qml:38: TypeError: Cannot read property 'borderDark' of undefined
17:35:10.937 [WRN] qrc:/qt/qml/stroemling/qml/components/ColorPalette.qml:38: TypeError: Cannot read property 'borderDark' of undefined
17:35:10.937 [WRN] qrc:/qt/qml/stroemling/qml/components/ColorPalette.qml:38: TypeError: Cannot read property 'borderDark' of undefined
17:35:10.937 [WRN] qrc:/qt/qml/stroemling/qml/components/ColorPalette.qml:38: TypeError: Cannot read property 'borderDark' of undefined
17:35:10.937 [WRN] qrc:/qt/qml/stroemling/qml/components/ColorPalette.qml:38: TypeError: Cannot read property 'borderDark' of undefined
17:35:10.937 [WRN] qrc:/qt/qml/stroemling/qml/ep/EpSpsKanalSection.qml:257: TypeError: Cannot read property 'sidebar' of undefined
17:35:10.937 [WRN] qrc:/qt/qml/stroemling/qml/ep/EpSpsKanalSection.qml:258: TypeError: Cannot read property 'border' of undefined
17:35:10.937 [WRN] qrc:/qt/qml/stroemling/qml/ep/EpBetriebsmittelSection.qml:462: TypeError: Cannot read property 'inputBg' of undefined
17:35:10.937 [WRN] qrc:/qt/qml/stroemling/qml/ep/EpBetriebsmittelSection.qml:463: TypeError: Cannot read property 'border' of undefined
17:35:10.937 [WRN] qrc:/qt/qml/stroemling/qml/ep/EpBetriebsmittelSection.qml:476: TypeError: Cannot read property 'textMuted' of undefined
17:35:10.937 [WRN] qrc:/qt/qml/stroemling/qml/ep/EpBetriebsmittelSection.qml:462: TypeError: Cannot read property 'inputBg' of undefined
17:35:10.937 [WRN] qrc:/qt/qml/stroemling/qml/ep/EpBetriebsmittelSection.qml:463: TypeError: Cannot read property 'border' of undefined
17:35:10.937 [WRN] qrc:/qt/qml/stroemling/qml/ep/EpBetriebsmittelSection.qml:476: TypeError: Cannot read property 'textMuted' of undefined
17:35:10.937 [WRN] qrc:/qt/qml/stroemling/qml/ep/EpBetriebsmittelSection.qml:462: TypeError: Cannot read property 'inputBg' of undefined
17:35:10.937 [WRN] qrc:/qt/qml/stroemling/qml/ep/EpBetriebsmittelSection.qml:463: TypeError: Cannot read property 'border' of undefined
17:35:10.937 [WRN] qrc:/qt/qml/stroemling/qml/ep/EpBetriebsmittelSection.qml:476: TypeError: Cannot read property 'textMuted' of undefined
17:35:10.937 [WRN] qrc:/qt/qml/stroemling/qml/ep/EpBetriebsmittelSection.qml:462: TypeError: Cannot read property 'inputBg' of undefined
17:35:10.937 [WRN] qrc:/qt/qml/stroemling/qml/ep/EpBetriebsmittelSection.qml:463: TypeError: Cannot read property 'border' of undefined
17:35:10.937 [WRN] qrc:/qt/qml/stroemling/qml/ep/EpBetriebsmittelSection.qml:476: TypeError: Cannot read property 'textMuted' of undefined
17:35:10.937 [WRN] qrc:/qt/qml/stroemling/qml/ep/EpBetriebsmittelSection.qml:51: TypeError: Cannot read property 'panelMid' of undefined
17:35:10.937 [WRN] qrc:/qt/qml/stroemling/qml/ep/EpBetriebsmittelSection.qml:560: TypeError: Cannot read property 'inputBg' of undefined
17:35:10.937 [WRN] qrc:/qt/qml/stroemling/qml/ep/EpBetriebsmittelSection.qml:568: TypeError: Cannot read property 'accent' of undefined
17:35:10.937 [WRN] qrc:/qt/qml/stroemling/qml/ep/EpBetriebsmittelSection.qml:561: TypeError: Cannot read property 'border' of undefined
17:35:10.937 [WRN] qrc:/qt/qml/stroemling/qml/ep/EpBetriebsmittelSection.qml:581: TypeError: Cannot read property 'inputBg' of undefined
17:35:10.937 [WRN] qrc:/qt/qml/stroemling/qml/ep/EpBetriebsmittelSection.qml:587: TypeError: Cannot read property 'textSecondary' of undefined
17:35:10.937 [WRN] qrc:/qt/qml/stroemling/qml/ep/EpBetriebsmittelSection.qml:582: TypeError: Cannot read property 'border' of undefined
17:35:10.937 [WRN] qrc:/qt/qml/stroemling/qml/ep/EpBetriebsmittelSection.qml:602: TypeError: Cannot read property 'inputBg' of undefined
17:35:10.937 [WRN] qrc:/qt/qml/stroemling/qml/ep/EpBetriebsmittelSection.qml:606: TypeError: Cannot read property 'accent' of undefined
17:35:10.937 [WRN] qrc:/qt/qml/stroemling/qml/ep/EpBetriebsmittelSection.qml:603: TypeError: Cannot read property 'border' of undefined
17:35:10.937 [WRN] qrc:/qt/qml/stroemling/qml/ep/EpBetriebsmittelSection.qml:620: TypeError: Cannot read property 'inputBg' of undefined
17:35:10.937 [WRN] qrc:/qt/qml/stroemling/qml/ep/EpBetriebsmittelSection.qml:626: TypeError: Cannot read property 'borderDark' of undefined
17:35:10.937 [WRN] qrc:/qt/qml/stroemling/qml/ep/EpBetriebsmittelSection.qml:622: TypeError: Cannot read property 'divider' of undefined
17:35:10.937 [WRN] qrc:/qt/qml/stroemling/qml/ep/EpBetriebsmittelSection.qml:51: TypeError: Cannot read property 'panelMid' of undefined
17:35:10.937 [WRN] qrc:/qt/qml/stroemling/qml/ep/EpBetriebsmittelSection.qml:560: TypeError: Cannot read property 'inputBg' of undefined
17:35:10.937 [WRN] qrc:/qt/qml/stroemling/qml/ep/EpBetriebsmittelSection.qml:568: TypeError: Cannot read property 'accent' of undefined
17:35:10.937 [WRN] qrc:/qt/qml/stroemling/qml/ep/EpBetriebsmittelSection.qml:561: TypeError: Cannot read property 'border' of undefined
17:35:10.937 [WRN] qrc:/qt/qml/stroemling/qml/ep/EpBetriebsmittelSection.qml:581: TypeError: Cannot read property 'inputBg' of undefined
17:35:10.937 [WRN] qrc:/qt/qml/stroemling/qml/ep/EpBetriebsmittelSection.qml:587: TypeError: Cannot read property 'textSecondary' of undefined
17:35:10.937 [WRN] qrc:/qt/qml/stroemling/qml/ep/EpBetriebsmittelSection.qml:582: TypeError: Cannot read property 'border' of undefined
17:35:10.937 [WRN] qrc:/qt/qml/stroemling/qml/ep/EpBetriebsmittelSection.qml:602: TypeError: Cannot read property 'inputBg' of undefined
17:35:10.937 [WRN] qrc:/qt/qml/stroemling/qml/ep/EpBetriebsmittelSection.qml:606: TypeError: Cannot read property 'borderDark' of undefined
17:35:10.937 [WRN] qrc:/qt/qml/stroemling/qml/ep/EpBetriebsmittelSection.qml:603: TypeError: Cannot read property 'divider' of undefined
17:35:10.937 [WRN] qrc:/qt/qml/stroemling/qml/ep/EpBetriebsmittelSection.qml:620: TypeError: Cannot read property 'inputBg' of undefined
17:35:10.937 [WRN] qrc:/qt/qml/stroemling/qml/ep/EpBetriebsmittelSection.qml:626: TypeError: Cannot read property 'accent' of undefined
17:35:10.937 [WRN] qrc:/qt/qml/stroemling/qml/ep/EpBetriebsmittelSection.qml:622: TypeError: Cannot read property 'border' of undefined
17:35:10.937 [WRN] qrc:/qt/qml/stroemling/qml/ep/EpBetriebsmittelSection.qml:756: TypeError: Cannot read property 'sidebar' of undefined
17:35:10.937 [WRN] qrc:/qt/qml/stroemling/qml/ep/EpBetriebsmittelSection.qml:757: TypeError: Cannot read property 'border' of undefined
17:35:10.937 [WRN] qrc:/qt/qml/stroemling/qml/ep/EpBetriebsmittelSection.qml:854: TypeError: Cannot read property 'inputBg' of undefined
17:35:10.937 [WRN] qrc:/qt/qml/stroemling/qml/ep/EpBetriebsmittelSection.qml:854: TypeError: Cannot read property 'border' of undefined
17:35:10.937 [WRN] qrc:/qt/qml/stroemling/qml/ep/EpBetriebsmittelSection.qml:862: TypeError: Cannot read property 'inputBg' of undefined
17:35:10.937 [WRN] qrc:/qt/qml/stroemling/qml/ep/EpBetriebsmittelSection.qml:862: TypeError: Cannot read property 'border' of undefined
17:35:10.937 [WRN] qrc:/qt/qml/stroemling/qml/components/MiniButton.qml:18: TypeError: Cannot read property 'inputBg' of undefined
17:35:10.937 [WRN] qrc:/qt/qml/stroemling/qml/components/MiniButton.qml:26: TypeError: Cannot read property 'textMuted' of undefined
17:35:10.938 [WRN] qrc:/qt/qml/stroemling/qml/components/MiniButton.qml:19: TypeError: Cannot read property 'border' of undefined
17:35:10.938 [WRN] qrc:/qt/qml/stroemling/qml/components/MiniButton.qml:18: TypeError: Cannot read property 'inputBg' of undefined
17:35:10.938 [WRN] qrc:/qt/qml/stroemling/qml/components/MiniButton.qml:26: TypeError: Cannot read property 'textMuted' of undefined
17:35:10.938 [WRN] qrc:/qt/qml/stroemling/qml/components/MiniButton.qml:19: TypeError: Cannot read property 'border' of undefined
17:35:10.938 [WRN] qrc:/qt/qml/stroemling/qml/components/MiniButton.qml:18: TypeError: Cannot read property 'inputBg' of undefined
17:35:10.938 [WRN] qrc:/qt/qml/stroemling/qml/components/MiniButton.qml:26: TypeError: Cannot read property 'textMuted' of undefined
17:35:10.938 [WRN] qrc:/qt/qml/stroemling/qml/components/MiniButton.qml:19: TypeError: Cannot read property 'border' of undefined
17:35:10.938 [WRN] qrc:/qt/qml/stroemling/qml/components/MiniButton.qml:18: TypeError: Cannot read property 'activeItemAlt' of undefined
17:35:10.938 [WRN] qrc:/qt/qml/stroemling/qml/components/MiniButton.qml:26: TypeError: Cannot read property 'accent' of undefined
17:35:10.938 [WRN] qrc:/qt/qml/stroemling/qml/components/MiniButton.qml:19: TypeError: Cannot read property 'accent' of undefined
17:35:10.938 [WRN] qrc:/qt/qml/stroemling/qml/ep/EpQuerverweisSection.qml:246: TypeError: Cannot read property 'textSecondary' of undefined
17:35:10.938 [WRN] qrc:/qt/qml/stroemling/qml/ep/EpQuerverweisSection.qml:240: TypeError: Cannot read property 'inputBg' of undefined
17:35:10.938 [WRN] qrc:/qt/qml/stroemling/qml/ep/EpQuerverweisSection.qml:241: TypeError: Cannot read property 'border' of undefined
17:35:10.938 [WRN] qrc:/qt/qml/stroemling/qml/ep/EpMakrokastenSection.qml:125: TypeError: Cannot read property 'textPrimary' of undefined
17:35:10.938 [WRN] qrc:/qt/qml/stroemling/qml/ep/EpMakrokastenSection.qml:129: TypeError: Cannot read property 'inputBg' of undefined
17:35:10.938 [WRN] qrc:/qt/qml/stroemling/qml/ep/EpMakrokastenSection.qml:130: TypeError: Cannot read property 'accent' of undefined
17:35:10.938 [WRN] qrc:/qt/qml/stroemling/qml/ep/EpMakrokastenSection.qml:154: TypeError: Cannot read property 'textPrimary' of undefined
17:35:10.938 [WRN] qrc:/qt/qml/stroemling/qml/ep/EpMakrokastenSection.qml:158: TypeError: Cannot read property 'inputBg' of undefined
17:35:10.938 [WRN] qrc:/qt/qml/stroemling/qml/ep/EpMakrokastenSection.qml:159: TypeError: Cannot read property 'border' of undefined
17:35:10.938 [WRN] qrc:/qt/qml/stroemling/qml/ep/EpKabelDefinitionSection.qml:220: TypeError: Cannot read property 'textPrimary' of undefined
17:35:10.938 [WRN] qrc:/qt/qml/stroemling/qml/ep/EpKabelDefinitionSection.qml:222: TypeError: Cannot read property 'inputBg' of undefined
17:35:10.938 [WRN] qrc:/qt/qml/stroemling/qml/ep/EpKabelDefinitionSection.qml:222: TypeError: Cannot read property 'border' of undefined
17:35:10.938 [WRN] qrc:/qt/qml/stroemling/qml/ep/EpKabelDefinitionSection.qml:232: TypeError: Cannot read property 'textMuted' of undefined
17:35:10.938 [WRN] qrc:/qt/qml/stroemling/qml/ep/EpKabelDefinitionSection.qml:321: TypeError: Cannot read property 'textMuted' of undefined
17:35:10.938 [WRN] qrc:/qt/qml/stroemling/qml/ep/EpKabelDefinitionSection.qml:325: TypeError: Cannot read property 'inputBg' of undefined
17:35:10.938 [WRN] qrc:/qt/qml/stroemling/qml/ep/EpKabelDefinitionSection.qml:326: TypeError: Cannot read property 'border' of undefined
17:35:10.938 [WRN] qrc:/qt/qml/stroemling/qml/components/MiniButton.qml:18: TypeError: Cannot read property 'inputBg' of undefined
17:35:10.938 [WRN] qrc:/qt/qml/stroemling/qml/components/MiniButton.qml:26: TypeError: Cannot read property 'textMuted' of undefined
17:35:10.938 [WRN] qrc:/qt/qml/stroemling/qml/components/MiniButton.qml:19: TypeError: Cannot read property 'border' of undefined
17:35:10.938 [WRN] qrc:/qt/qml/stroemling/qml/components/MiniButton.qml:18: TypeError: Cannot read property 'inputBg' of undefined
17:35:10.938 [WRN] qrc:/qt/qml/stroemling/qml/components/MiniButton.qml:26: TypeError: Cannot read property 'textMuted' of undefined
17:35:10.938 [WRN] qrc:/qt/qml/stroemling/qml/components/MiniButton.qml:19: TypeError: Cannot read property 'border' of undefined
17:35:10.938 [WRN] qrc:/qt/qml/stroemling/qml/components/MiniButton.qml:18: TypeError: Cannot read property 'inputBg' of undefined
17:35:10.938 [WRN] qrc:/qt/qml/stroemling/qml/components/MiniButton.qml:26: TypeError: Cannot read property 'textMuted' of undefined
17:35:10.938 [WRN] qrc:/qt/qml/stroemling/qml/components/MiniButton.qml:19: TypeError: Cannot read property 'border' of undefined
17:35:10.938 [WRN] qrc:/qt/qml/stroemling/qml/components/MiniButton.qml:18: TypeError: Cannot read property 'inputBg' of undefined
17:35:10.938 [WRN] qrc:/qt/qml/stroemling/qml/components/MiniButton.qml:26: TypeError: Cannot read property 'textMuted' of undefined
17:35:10.938 [WRN] qrc:/qt/qml/stroemling/qml/components/MiniButton.qml:19: TypeError: Cannot read property 'border' of undefined
17:35:10.938 [WRN] qrc:/qt/qml/stroemling/qml/ba/BaFormContent.qml:25: TypeError: Cannot read property 'inputBg' of undefined
17:35:10.938 [WRN] qrc:/qt/qml/stroemling/qml/ba/BaFormContent.qml:25: TypeError: Cannot read property 'border' of undefined
17:35:10.938 [WRN] qrc:/qt/qml/stroemling/qml/ba/BaFormContent.qml:36: TypeError: Cannot read property 'inputBg' of undefined
17:35:10.938 [WRN] qrc:/qt/qml/stroemling/qml/ba/BaFormContent.qml:36: TypeError: Cannot read property 'border' of undefined
17:35:10.938 [WRN] qrc:/qt/qml/stroemling/qml/ba/BaFormContent.qml:41: TypeError: Cannot read property 'inputBg' of undefined
17:35:10.938 [WRN] qrc:/qt/qml/stroemling/qml/ba/BaFormContent.qml:41: TypeError: Cannot read property 'border' of undefined
17:35:10.938 [WRN] qrc:/qt/qml/stroemling/qml/ba/BaFormContent.qml:49: TypeError: Cannot read property 'inputBg' of undefined
17:35:10.938 [WRN] qrc:/qt/qml/stroemling/qml/ba/BaFormContent.qml:49: TypeError: Cannot read property 'border' of undefined
17:35:10.938 [WRN] qrc:/qt/qml/stroemling/qml/ba/BaFormContent.qml:54: TypeError: Cannot read property 'inputBg' of undefined
17:35:10.938 [WRN] qrc:/qt/qml/stroemling/qml/ba/BaFormContent.qml:54: TypeError: Cannot read property 'border' of undefined
17:35:10.938 [WRN] qrc:/qt/qml/stroemling/qml/ba/BaFormContent.qml:62: TypeError: Cannot read property 'inputBg' of undefined
17:35:10.938 [WRN] qrc:/qt/qml/stroemling/qml/ba/BaFormContent.qml:62: TypeError: Cannot read property 'border' of undefined
17:35:10.938 [WRN] qrc:/qt/qml/stroemling/qml/ba/BaFormContent.qml:67: TypeError: Cannot read property 'inputBg' of undefined
17:35:10.938 [WRN] qrc:/qt/qml/stroemling/qml/ba/BaFormContent.qml:67: TypeError: Cannot read property 'border' of undefined
17:35:10.938 [WRN] qrc:/qt/qml/stroemling/qml/ba/BaFormContent.qml:75: TypeError: Cannot read property 'inputBg' of undefined
17:35:10.938 [WRN] qrc:/qt/qml/stroemling/qml/ba/BaFormContent.qml:75: TypeError: Cannot read property 'border' of undefined
17:35:10.938 [WRN] qrc:/qt/qml/stroemling/qml/ba/BaFormContent.qml:84: TypeError: Cannot read property 'inputBg' of undefined
17:35:10.938 [WRN] qrc:/qt/qml/stroemling/qml/ba/BaFormContent.qml:84: TypeError: Cannot read property 'border' of undefined
17:35:10.938 [WRN] qrc:/qt/qml/stroemling/qml/ba/BaFormContent.qml:25: TypeError: Cannot read property 'inputBg' of undefined
17:35:10.938 [WRN] qrc:/qt/qml/stroemling/qml/ba/BaFormContent.qml:25: TypeError: Cannot read property 'border' of undefined
17:35:10.938 [WRN] qrc:/qt/qml/stroemling/qml/ba/BaFormContent.qml:36: TypeError: Cannot read property 'inputBg' of undefined
17:35:10.938 [WRN] qrc:/qt/qml/stroemling/qml/ba/BaFormContent.qml:36: TypeError: Cannot read property 'border' of undefined
17:35:10.938 [WRN] qrc:/qt/qml/stroemling/qml/ba/BaFormContent.qml:41: TypeError: Cannot read property 'inputBg' of undefined
17:35:10.938 [WRN] qrc:/qt/qml/stroemling/qml/ba/BaFormContent.qml:41: TypeError: Cannot read property 'border' of undefined
17:35:10.938 [WRN] qrc:/qt/qml/stroemling/qml/ba/BaFormContent.qml:49: TypeError: Cannot read property 'inputBg' of undefined
17:35:10.938 [WRN] qrc:/qt/qml/stroemling/qml/ba/BaFormContent.qml:49: TypeError: Cannot read property 'border' of undefined
17:35:10.938 [WRN] qrc:/qt/qml/stroemling/qml/ba/BaFormContent.qml:54: TypeError: Cannot read property 'inputBg' of undefined
17:35:10.938 [WRN] qrc:/qt/qml/stroemling/qml/ba/BaFormContent.qml:54: TypeError: Cannot read property 'border' of undefined
17:35:10.938 [WRN] qrc:/qt/qml/stroemling/qml/ba/BaFormContent.qml:62: TypeError: Cannot read property 'inputBg' of undefined
17:35:10.938 [WRN] qrc:/qt/qml/stroemling/qml/ba/BaFormContent.qml:62: TypeError: Cannot read property 'border' of undefined
17:35:10.938 [WRN] qrc:/qt/qml/stroemling/qml/ba/BaFormContent.qml:67: TypeError: Cannot read property 'inputBg' of undefined
17:35:10.938 [WRN] qrc:/qt/qml/stroemling/qml/ba/BaFormContent.qml:67: TypeError: Cannot read property 'border' of undefined
17:35:10.938 [WRN] qrc:/qt/qml/stroemling/qml/ba/BaFormContent.qml:75: TypeError: Cannot read property 'inputBg' of undefined
17:35:10.938 [WRN] qrc:/qt/qml/stroemling/qml/ba/BaFormContent.qml:75: TypeError: Cannot read property 'border' of undefined
17:35:10.938 [WRN] qrc:/qt/qml/stroemling/qml/ba/BaFormContent.qml:84: TypeError: Cannot read property 'inputBg' of undefined
17:35:10.938 [WRN] qrc:/qt/qml/stroemling/qml/ba/BaFormContent.qml:84: TypeError: Cannot read property 'border' of undefined
17:35:10.938 [WRN] qrc:/qt/qml/stroemling/qml/klemmenreihen/KrVorschauPanel.qml:195: TypeError: Cannot read property 'textPrimary' of undefined
17:35:10.938 [WRN] qrc:/qt/qml/stroemling/qml/klemmenreihen/KrVorschauPanel.qml:199: TypeError: Cannot read property 'inputBg' of undefined
17:35:10.938 [WRN] qrc:/qt/qml/stroemling/qml/klemmenreihen/KrVorschauPanel.qml:199: TypeError: Cannot read property 'accent' of undefined
17:35:10.938 [WRN] qrc:/qt/qml/stroemling/qml/klemmenreihen/KrVorschauPanel.qml:213: TypeError: Cannot read property 'textSecondary' of undefined
17:35:10.938 [WRN] qrc:/qt/qml/stroemling/qml/klemmenreihen/KrVorschauPanel.qml:217: TypeError: Cannot read property 'border' of undefined
17:35:10.938 [WRN] qrc:/qt/qml/stroemling/qml/klemmenreihen/KrVorschauPanel.qml:232: TypeError: Cannot read property 'textSecondary' of undefined
17:35:10.938 [WRN] qrc:/qt/qml/stroemling/qml/klemmenreihen/KrVorschauPanel.qml:236: TypeError: Cannot read property 'border' of undefined
17:35:10.938 [WRN] qrc:/qt/qml/stroemling/qml/klemmenreihen/KrEigenschaftenPanel.qml:61: TypeError: Cannot read property 'inputBg' of undefined
17:35:10.938 [WRN] qrc:/qt/qml/stroemling/qml/klemmenreihen/KrEigenschaftenPanel.qml:61: TypeError: Cannot read property 'border' of undefined
17:35:10.938 [WRN] qrc:/qt/qml/stroemling/qml/klemmenreihen/KrEigenschaftenPanel.qml:91: TypeError: Cannot read property 'sidebar' of undefined
17:35:10.938 [WRN] qrc:/qt/qml/stroemling/qml/klemmenreihen/KrEigenschaftenPanel.qml:91: TypeError: Cannot read property 'border' of undefined
17:35:10.938 [WRN] qrc:/qt/qml/stroemling/qml/klemmenreihen/KrEigenschaftenPanel.qml:86: TypeError: Cannot read property 'textPrimary' of undefined
17:35:10.938 [WRN] qrc:/qt/qml/stroemling/qml/klemmenreihen/KrEigenschaftenPanel.qml:90: TypeError: Cannot read property 'inputBg' of undefined
17:35:10.938 [WRN] qrc:/qt/qml/stroemling/qml/klemmenreihen/KrEigenschaftenPanel.qml:90: TypeError: Cannot read property 'border' of undefined
17:35:10.938 [WRN] qrc:/qt/qml/stroemling/qml/klemmenreihen/KrEigenschaftenPanel.qml:122: TypeError: Cannot read property 'inputBg' of undefined
17:35:10.938 [WRN] qrc:/qt/qml/stroemling/qml/klemmenreihen/KrEigenschaftenPanel.qml:122: TypeError: Cannot read property 'border' of undefined
17:35:10.938 [WRN] qrc:/qt/qml/stroemling/qml/klemmenreihen/KrEigenschaftenPanel.qml:140: TypeError: Cannot read property 'inputBg' of undefined
17:35:10.938 [WRN] qrc:/qt/qml/stroemling/qml/klemmenreihen/KrEigenschaftenPanel.qml:140: TypeError: Cannot read property 'border' of undefined
17:35:10.938 [WRN] qrc:/qt/qml/stroemling/qml/klemmenreihen/KrEigenschaftenPanel.qml:159: TypeError: Cannot read property 'inputBg' of undefined
17:35:10.938 [WRN] qrc:/qt/qml/stroemling/qml/klemmenreihen/KrEigenschaftenPanel.qml:159: TypeError: Cannot read property 'border' of undefined
17:35:10.939 [WRN] qrc:/qt/qml/stroemling/qml/klemmenreihen/KrEigenschaftenPanel.qml:316: TypeError: Cannot read property 'inputBg' of undefined
17:35:10.939 [WRN] qrc:/qt/qml/stroemling/qml/klemmenreihen/KrEigenschaftenPanel.qml:316: TypeError: Cannot read property 'border' of undefined
17:35:10.939 [WRN] qrc:/qt/qml/stroemling/qml/klemmenreihen/KrEigenschaftenPanel.qml:347: TypeError: Cannot read property 'textPrimary' of undefined
17:35:10.939 [WRN] qrc:/qt/qml/stroemling/qml/klemmenreihen/KrEigenschaftenPanel.qml:351: TypeError: Cannot read property 'inputBg' of undefined
17:35:10.939 [WRN] qrc:/qt/qml/stroemling/qml/klemmenreihen/KrEigenschaftenPanel.qml:351: TypeError: Cannot read property 'accent' of undefined
17:35:10.939 [WRN] qrc:/qt/qml/stroemling/qml/klemmenreihen/KrEigenschaftenPanel.qml:416: TypeError: Cannot read property 'textPrimary' of undefined
17:35:10.939 [WRN] qrc:/qt/qml/stroemling/qml/klemmenreihen/KrEigenschaftenPanel.qml:420: TypeError: Cannot read property 'inputBg' of undefined
17:35:10.939 [WRN] qrc:/qt/qml/stroemling/qml/klemmenreihen/KrEigenschaftenPanel.qml:420: TypeError: Cannot read property 'accent' of undefined
17:35:10.939 [WRN] qrc:/qt/qml/stroemling/qml/la/LaTabStueckliste.qml:37: TypeError: Cannot read property 'textSubtle' of undefined
17:35:10.939 [WRN] qrc:/qt/qml/stroemling/qml/la/LaTabStueckliste.qml:37: TypeError: Cannot read property 'textSubtle' of undefined
17:35:10.939 [WRN] qrc:/qt/qml/stroemling/qml/la/LaTabStueckliste.qml:37: TypeError: Cannot read property 'textSubtle' of undefined
17:35:10.939 [WRN] qrc:/qt/qml/stroemling/qml/la/LaTabStueckliste.qml:37: TypeError: Cannot read property 'textSubtle' of undefined
17:35:10.939 [WRN] qrc:/qt/qml/stroemling/qml/la/LaTabStueckliste.qml:37: TypeError: Cannot read property 'textSubtle' of undefined
17:35:10.939 [WRN] qrc:/qt/qml/stroemling/qml/la/LaTabStueckliste.qml:37: TypeError: Cannot read property 'textSubtle' of undefined
17:35:10.939 [WRN] qrc:/qt/qml/stroemling/qml/la/LaTabStueckliste.qml:37: TypeError: Cannot read property 'textSubtle' of undefined
17:35:10.939 [WRN] qrc:/qt/qml/stroemling/qml/la/LaTabStueckliste.qml:37: TypeError: Cannot read property 'textSubtle' of undefined
17:35:10.939 [WRN] qrc:/qt/qml/stroemling/qml/la/LaTabStueckliste.qml:37: TypeError: Cannot read property 'textSubtle' of undefined
17:35:10.939 [WRN] qrc:/qt/qml/stroemling/qml/la/LaTabQuerverweise.qml:37: TypeError: Cannot read property 'textSubtle' of undefined
17:35:10.939 [WRN] qrc:/qt/qml/stroemling/qml/la/LaTabQuerverweise.qml:37: TypeError: Cannot read property 'textSubtle' of undefined
17:35:10.939 [WRN] qrc:/qt/qml/stroemling/qml/la/LaTabQuerverweise.qml:37: TypeError: Cannot read property 'textSubtle' of undefined
17:35:10.939 [WRN] qrc:/qt/qml/stroemling/qml/la/LaTabQuerverweise.qml:37: TypeError: Cannot read property 'textSubtle' of undefined
17:35:10.939 [WRN] qrc:/qt/qml/stroemling/qml/la/LaTabAderliste.qml:38: TypeError: Cannot read property 'textSubtle' of undefined
17:35:10.939 [WRN] qrc:/qt/qml/stroemling/qml/la/LaTabAderliste.qml:38: TypeError: Cannot read property 'textSubtle' of undefined
17:35:10.939 [WRN] qrc:/qt/qml/stroemling/qml/la/LaTabAderliste.qml:38: TypeError: Cannot read property 'textSubtle' of undefined
17:35:10.939 [WRN] qrc:/qt/qml/stroemling/qml/la/LaTabAderliste.qml:38: TypeError: Cannot read property 'textSubtle' of undefined
17:35:10.939 [WRN] qrc:/qt/qml/stroemling/qml/la/LaTabAderliste.qml:38: TypeError: Cannot read property 'textSubtle' of undefined
17:35:10.939 [WRN] qrc:/qt/qml/stroemling/qml/la/LaTabAderliste.qml:38: TypeError: Cannot read property 'textSubtle' of undefined
17:35:10.939 [WRN] qrc:/qt/qml/stroemling/qml/la/LaTabAderliste.qml:38: TypeError: Cannot read property 'textSubtle' of undefined
17:35:10.939 [WRN] qrc:/qt/qml/stroemling/qml/la/LaTabAderliste.qml:38: TypeError: Cannot read property 'textSubtle' of undefined
17:35:10.939 [WRN] qrc:/qt/qml/stroemling/qml/la/LaTabAderliste.qml:38: TypeError: Cannot read property 'textSubtle' of undefined
17:35:10.939 [WRN] qrc:/qt/qml/stroemling/qml/la/LaTabKlemmenplan.qml:37: TypeError: Cannot read property 'textSubtle' of undefined
17:35:10.939 [WRN] qrc:/qt/qml/stroemling/qml/la/LaTabKlemmenplan.qml:37: TypeError: Cannot read property 'textSubtle' of undefined
17:35:10.939 [WRN] qrc:/qt/qml/stroemling/qml/la/LaTabKlemmenplan.qml:37: TypeError: Cannot read property 'textSubtle' of undefined
17:35:10.939 [WRN] qrc:/qt/qml/stroemling/qml/la/LaTabKlemmenplan.qml:37: TypeError: Cannot read property 'textSubtle' of undefined
17:35:10.939 [WRN] qrc:/qt/qml/stroemling/qml/la/LaTabKlemmenplan.qml:37: TypeError: Cannot read property 'textSubtle' of undefined
17:35:10.939 [WRN] qrc:/qt/qml/stroemling/qml/la/LaTabKlemmenplan.qml:37: TypeError: Cannot read property 'textSubtle' of undefined
17:35:10.939 [WRN] qrc:/qt/qml/stroemling/qml/la/LaTabKlemmenplan.qml:37: TypeError: Cannot read property 'textSubtle' of undefined
17:35:10.939 [WRN] qrc:/qt/qml/stroemling/qml/la/LaTabKabelliste.qml:37: TypeError: Cannot read property 'textSubtle' of undefined
17:35:10.939 [WRN] qrc:/qt/qml/stroemling/qml/la/LaTabKabelliste.qml:37: TypeError: Cannot read property 'textSubtle' of undefined
17:35:10.939 [WRN] qrc:/qt/qml/stroemling/qml/la/LaTabKabelliste.qml:37: TypeError: Cannot read property 'textSubtle' of undefined
17:35:10.939 [WRN] qrc:/qt/qml/stroemling/qml/la/LaTabKabelliste.qml:37: TypeError: Cannot read property 'textSubtle' of undefined
17:35:10.939 [WRN] qrc:/qt/qml/stroemling/qml/la/LaTabKabelliste.qml:37: TypeError: Cannot read property 'textSubtle' of undefined
17:35:10.939 [WRN] qrc:/qt/qml/stroemling/qml/la/LaTabKabelliste.qml:37: TypeError: Cannot read property 'textSubtle' of undefined
17:35:10.939 [WRN] qrc:/qt/qml/stroemling/qml/la/LaTabKabelliste.qml:37: TypeError: Cannot read property 'textSubtle' of undefined
17:35:10.939 [WRN] qrc:/qt/qml/stroemling/qml/la/LaTabKabelliste.qml:37: TypeError: Cannot read property 'textSubtle' of undefined
17:35:10.939 [WRN] qrc:/qt/qml/stroemling/qml/la/LaTabKabelliste.qml:46: TypeError: Cannot read property 'surface' of undefined
17:35:10.939 [WRN] qrc:/qt/qml/stroemling/qml/ibn/IbnBmSplit.qml:156: TypeError: Cannot read property 'textPrimary' of undefined
17:35:10.939 [WRN] qrc:/qt/qml/stroemling/qml/ibn/IbnBmSplit.qml:146: TypeError: Cannot read property 'inputBg' of undefined
17:35:10.939 [WRN] qrc:/qt/qml/stroemling/qml/ibn/IbnBmSplit.qml:146: TypeError: Cannot read property 'border' of undefined
17:35:10.939 [WRN] qrc:/qt/qml/stroemling/qml/ibn/IbnBmSplit.qml:184: TypeError: Cannot read property 'inputBg' of undefined
17:35:10.939 [WRN] qrc:/qt/qml/stroemling/qml/ibn/IbnBmSplit.qml:184: TypeError: Cannot read property 'border' of undefined
17:35:10.939 [WRN] qrc:/qt/qml/stroemling/qml/ibn/IbnBmSplit.qml:295: TypeError: Cannot read property 'inputBg' of undefined
17:35:10.939 [WRN] qrc:/qt/qml/stroemling/qml/ibn/IbnBmSplit.qml:295: TypeError: Cannot read property 'border' of undefined
17:35:10.939 [WRN] qrc:/qt/qml/stroemling/qml/ibn/IbnBmSplit.qml:301: TypeError: Cannot read property 'inputBg' of undefined
17:35:10.939 [WRN] qrc:/qt/qml/stroemling/qml/ibn/IbnBmSplit.qml:301: TypeError: Cannot read property 'border' of undefined
17:35:10.939 [WRN] qrc:/qt/qml/stroemling/qml/ibn/IbnBmSplit.qml:310: TypeError: Cannot read property 'textPrimary' of undefined
17:35:10.939 [WRN] qrc:/qt/qml/stroemling/qml/ibn/IbnBmSplit.qml:313: TypeError: Cannot read property 'inputBg' of undefined
17:35:10.939 [WRN] qrc:/qt/qml/stroemling/qml/ibn/IbnBmSplit.qml:313: TypeError: Cannot read property 'accent' of undefined
17:35:10.939 [WRN] qrc:/qt/qml/stroemling/qml/IbnFeldEditorDialog.qml:77: TypeError: Cannot read property 'sidebar' of undefined
17:35:10.939 [WRN] qrc:/qt/qml/stroemling/qml/IbnFeldEditorDialog.qml:78: TypeError: Cannot read property 'border' of undefined
17:35:10.939 [WRN] qrc:/qt/qml/stroemling/qml/IbnFeldEditorDialog.qml:102: TypeError: Cannot read property 'textMuted' of undefined
17:35:10.939 [WRN] qrc:/qt/qml/stroemling/qml/IbnFeldEditorDialog.qml:257: TypeError: Cannot read property 'surfaceDeep' of undefined
17:35:10.939 [WRN] qrc:/qt/qml/stroemling/qml/IbnFeldEditorDialog.qml:258: TypeError: Cannot read property 'border' of undefined
17:35:10.939 [WRN] qrc:/qt/qml/stroemling/qml/IbnFeldEditorDialog.qml:251: TypeError: Cannot read property 'textPrimary' of undefined
17:35:10.939 [WRN] qrc:/qt/qml/stroemling/qml/IbnFeldEditorDialog.qml:246: TypeError: Cannot read property 'inputBg' of undefined
17:35:10.939 [WRN] qrc:/qt/qml/stroemling/qml/IbnFeldEditorDialog.qml:247: TypeError: Cannot read property 'border' of undefined
17:35:10.939 [WRN] qrc:/qt/qml/stroemling/qml/IbnFeldEditorDialog.qml:290: TypeError: Cannot read property 'inputBg' of undefined
17:35:10.939 [WRN] qrc:/qt/qml/stroemling/qml/IbnFeldEditorDialog.qml:291: TypeError: Cannot read property 'border' of undefined
17:35:10.939 [WRN] qrc:/qt/qml/stroemling/qml/IbnFeldEditorDialog.qml:310: TypeError: Cannot read property 'inputBg' of undefined
17:35:10.939 [WRN] qrc:/qt/qml/stroemling/qml/IbnFeldEditorDialog.qml:311: TypeError: Cannot read property 'border' of undefined
17:35:10.939 [WRN] qrc:/qt/qml/stroemling/qml/IbnFeldEditorDialog.qml:341: TypeError: Cannot read property 'surfaceDeep' of undefined
17:35:10.939 [WRN] qrc:/qt/qml/stroemling/qml/IbnFeldEditorDialog.qml:342: TypeError: Cannot read property 'border' of undefined
17:35:10.939 [WRN] qrc:/qt/qml/stroemling/qml/IbnFeldEditorDialog.qml:337: TypeError: Cannot read property 'textPrimary' of undefined
17:35:10.939 [WRN] qrc:/qt/qml/stroemling/qml/IbnFeldEditorDialog.qml:333: TypeError: Cannot read property 'inputBg' of undefined
17:35:10.939 [WRN] qrc:/qt/qml/stroemling/qml/IbnFeldEditorDialog.qml:334: TypeError: Cannot read property 'border' of undefined
17:35:10.939 [WRN] qrc:/qt/qml/stroemling/qml/IbnFeldEditorDialog.qml:375: TypeError: Cannot read property 'inputBg' of undefined
17:35:10.939 [WRN] qrc:/qt/qml/stroemling/qml/IbnFeldEditorDialog.qml:376: TypeError: Cannot read property 'border' of undefined
17:35:10.939 [WRN] qrc:/qt/qml/stroemling/qml/IbnFeldEditorDialog.qml:395: TypeError: Cannot read property 'inputBg' of undefined
17:35:10.939 [WRN] qrc:/qt/qml/stroemling/qml/IbnFeldEditorDialog.qml:396: TypeError: Cannot read property 'border' of undefined
17:35:10.939 [WRN] qrc:/qt/qml/stroemling/qml/IbnFeldEditorDialog.qml:418: TypeError: Cannot read property 'textPrimary' of undefined
17:35:10.939 [WRN] qrc:/qt/qml/stroemling/qml/IbnFeldEditorDialog.qml:410: TypeError: Cannot read property 'inputBg' of undefined
17:35:10.939 [WRN] qrc:/qt/qml/stroemling/qml/IbnFeldEditorDialog.qml:411: TypeError: Cannot read property 'border' of undefined
17:35:10.939 [WRN] qrc:/qt/qml/stroemling/qml/IbnFeldEditorDialog.qml:443: TypeError: Cannot read property 'textSecondary' of undefined
17:35:10.939 [WRN] qrc:/qt/qml/stroemling/qml/IbnFeldEditorDialog.qml:446: TypeError: Cannot read property 'inputBg' of undefined
17:35:10.939 [WRN] qrc:/qt/qml/stroemling/qml/IbnFeldEditorDialog.qml:447: TypeError: Cannot read property 'border' of undefined
17:35:10.939 [WRN] qrc:/qt/qml/stroemling/qml/IbnFeldEditorDialog.qml:458: TypeError: Cannot read property 'textMuted' of undefined
17:35:10.939 [WRN] qrc:/qt/qml/stroemling/qml/IbnFeldEditorDialog.qml:465: TypeError: Cannot read property 'inputBg' of undefined
17:35:10.939 [WRN] qrc:/qt/qml/stroemling/qml/IbnFeldEditorDialog.qml:468: TypeError: Cannot read property 'border' of undefined
17:35:10.939 [WRN] qrc:/qt/qml/stroemling/qml/IbnFeldEditorDialog.qml:507: TypeError: Cannot read property 'textSecondary' of undefined
17:35:10.939 [WRN] qrc:/qt/qml/stroemling/qml/IbnFeldEditorDialog.qml:511: TypeError: Cannot read property 'border' of undefined
17:35:10.939 [WRN] qrc:/qt/qml/stroemling/qml/ibn/IbnKabelSplit.qml:175: TypeError: Cannot read property 'textPrimary' of undefined
17:35:10.939 [WRN] qrc:/qt/qml/stroemling/qml/ibn/IbnKabelSplit.qml:165: TypeError: Cannot read property 'inputBg' of undefined
17:35:10.939 [WRN] qrc:/qt/qml/stroemling/qml/ibn/IbnKabelSplit.qml:165: TypeError: Cannot read property 'border' of undefined
17:35:10.939 [WRN] qrc:/qt/qml/stroemling/qml/ibn/IbnKabelSplit.qml:259: TypeError: Cannot read property 'inputBg' of undefined
17:35:10.939 [WRN] qrc:/qt/qml/stroemling/qml/ibn/IbnKabelSplit.qml:259: TypeError: Cannot read property 'border' of undefined
17:35:10.939 [WRN] qrc:/qt/qml/stroemling/qml/ibn/IbnKabelSplit.qml:265: TypeError: Cannot read property 'inputBg' of undefined
17:35:10.939 [WRN] qrc:/qt/qml/stroemling/qml/ibn/IbnKabelSplit.qml:265: TypeError: Cannot read property 'border' of undefined
17:35:10.939 [WRN] qrc:/qt/qml/stroemling/qml/ibn/IbnKabelSplit.qml:274: TypeError: Cannot read property 'textPrimary' of undefined
17:35:10.939 [WRN] qrc:/qt/qml/stroemling/qml/ibn/IbnKabelSplit.qml:277: TypeError: Cannot read property 'inputBg' of undefined
17:35:10.939 [WRN] qrc:/qt/qml/stroemling/qml/ibn/IbnKabelSplit.qml:277: TypeError: Cannot read property 'accent' of undefined
17:35:10.939 [WRN] qrc:/qt/qml/stroemling/qml/ep/EpVerbindungSection.qml:152: TypeError: Cannot read property 'textSecondary' of undefined
17:35:10.939 [WRN] qrc:/qt/qml/stroemling/qml/components/ColorPalette.qml:38: TypeError: Cannot read property 'borderDark' of undefined
17:35:10.939 [WRN] qrc:/qt/qml/stroemling/qml/components/ColorPalette.qml:38: TypeError: Cannot read property 'borderDark' of undefined
17:35:10.939 [WRN] qrc:/qt/qml/stroemling/qml/components/ColorPalette.qml:38: TypeError: Cannot read property 'borderDark' of undefined
17:35:10.939 [WRN] qrc:/qt/qml/stroemling/qml/components/ColorPalette.qml:38: TypeError: Cannot read property 'borderDark' of undefined
17:35:10.939 [WRN] qrc:/qt/qml/stroemling/qml/components/ColorPalette.qml:38: TypeError: Cannot read property 'borderDark' of undefined
17:35:10.939 [WRN] qrc:/qt/qml/stroemling/qml/components/ColorPalette.qml:38: TypeError: Cannot read property 'borderDark' of undefined
17:35:10.940 [WRN] qrc:/qt/qml/stroemling/qml/components/ColorPalette.qml:38: TypeError: Cannot read property 'borderDark' of undefined
17:35:10.940 [WRN] qrc:/qt/qml/stroemling/qml/components/ColorPalette.qml:38: TypeError: Cannot read property 'borderDark' of undefined
17:35:10.940 [WRN] qrc:/qt/qml/stroemling/qml/components/ColorPalette.qml:38: TypeError: Cannot read property 'borderDark' of undefined
17:35:10.940 [WRN] qrc:/qt/qml/stroemling/qml/components/ColorPalette.qml:38: TypeError: Cannot read property 'borderDark' of undefined
17:35:10.940 [WRN] qrc:/qt/qml/stroemling/qml/components/ColorPalette.qml:38: TypeError: Cannot read property 'borderDark' of undefined
17:35:10.940 [WRN] qrc:/qt/qml/stroemling/qml/components/ColorPalette.qml:38: TypeError: Cannot read property 'borderDark' of undefined
17:35:10.940 [WRN] qrc:/qt/qml/stroemling/qml/components/MiniButton.qml:18: TypeError: Cannot read property 'inputBg' of undefined
17:35:10.940 [WRN] qrc:/qt/qml/stroemling/qml/components/MiniButton.qml:26: TypeError: Cannot read property 'textMuted' of undefined
17:35:10.940 [WRN] qrc:/qt/qml/stroemling/qml/components/MiniButton.qml:19: TypeError: Cannot read property 'border' of undefined
17:35:10.940 [WRN] qrc:/qt/qml/stroemling/qml/components/MiniButton.qml:18: TypeError: Cannot read property 'inputBg' of undefined
17:35:10.940 [WRN] qrc:/qt/qml/stroemling/qml/components/MiniButton.qml:26: TypeError: Cannot read property 'textMuted' of undefined
17:35:10.940 [WRN] qrc:/qt/qml/stroemling/qml/components/MiniButton.qml:19: TypeError: Cannot read property 'border' of undefined
17:35:10.940 [WRN] qrc:/qt/qml/stroemling/qml/components/MiniButton.qml:18: TypeError: Cannot read property 'inputBg' of undefined
17:35:10.940 [WRN] qrc:/qt/qml/stroemling/qml/components/MiniButton.qml:26: TypeError: Cannot read property 'textMuted' of undefined
17:35:10.940 [WRN] qrc:/qt/qml/stroemling/qml/components/MiniButton.qml:19: TypeError: Cannot read property 'border' of undefined
17:35:10.940 [WRN] qrc:/qt/qml/stroemling/qml/components/MiniButton.qml:18: TypeError: Cannot read property 'activeItemAlt' of undefined
17:35:10.940 [WRN] qrc:/qt/qml/stroemling/qml/components/MiniButton.qml:26: TypeError: Cannot read property 'accent' of undefined
17:35:10.940 [WRN] qrc:/qt/qml/stroemling/qml/components/MiniButton.qml:19: TypeError: Cannot read property 'accent' of undefined
17:35:10.940 [WRN] qrc:/qt/qml/stroemling/qml/components/MiniButton.qml:18: TypeError: Cannot read property 'inputBg' of undefined
17:35:10.940 [WRN] qrc:/qt/qml/stroemling/qml/components/MiniButton.qml:26: TypeError: Cannot read property 'textMuted' of undefined
17:35:10.940 [WRN] qrc:/qt/qml/stroemling/qml/components/MiniButton.qml:19: TypeError: Cannot read property 'border' of undefined
17:35:10.940 [WRN] qrc:/qt/qml/stroemling/qml/components/MiniButton.qml:18: TypeError: Cannot read property 'inputBg' of undefined
17:35:10.940 [WRN] qrc:/qt/qml/stroemling/qml/components/MiniButton.qml:26: TypeError: Cannot read property 'textMuted' of undefined
17:35:10.940 [WRN] qrc:/qt/qml/stroemling/qml/components/MiniButton.qml:19: TypeError: Cannot read property 'border' of undefined
17:35:10.940 [WRN] qrc:/qt/qml/stroemling/qml/components/MiniButton.qml:18: TypeError: Cannot read property 'inputBg' of undefined
17:35:10.940 [WRN] qrc:/qt/qml/stroemling/qml/components/MiniButton.qml:26: TypeError: Cannot read property 'textMuted' of undefined
17:35:10.940 [WRN] qrc:/qt/qml/stroemling/qml/components/MiniButton.qml:19: TypeError: Cannot read property 'border' of undefined
17:35:10.940 [WRN] qrc:/qt/qml/stroemling/qml/components/MiniButton.qml:18: TypeError: Cannot read property 'inputBg' of undefined
17:35:10.940 [WRN] qrc:/qt/qml/stroemling/qml/components/MiniButton.qml:26: TypeError: Cannot read property 'textMuted' of undefined
17:35:10.940 [WRN] qrc:/qt/qml/stroemling/qml/components/MiniButton.qml:19: TypeError: Cannot read property 'border' of undefined
17:35:10.940 [WRN] qrc:/qt/qml/stroemling/qml/components/MiniButton.qml:18: TypeError: Cannot read property 'activeItemAlt' of undefined
17:35:10.940 [WRN] qrc:/qt/qml/stroemling/qml/components/MiniButton.qml:26: TypeError: Cannot read property 'accent' of undefined
17:35:10.940 [WRN] qrc:/qt/qml/stroemling/qml/components/MiniButton.qml:19: TypeError: Cannot read property 'accent' of undefined
17:35:10.940 [WRN] qrc:/qt/qml/stroemling/qml/components/StilSlider.qml:20: TypeError: Cannot read property 'border' of undefined
17:35:10.940 [WRN] qrc:/qt/qml/stroemling/qml/components/StilSlider.qml:23: TypeError: Cannot read property 'accent' of undefined
17:35:10.940 [WRN] qrc:/qt/qml/stroemling/qml/components/StilSlider.qml:30: TypeError: Cannot read property 'accent' of undefined
17:35:10.940 [WRN] qrc:/qt/qml/stroemling/qml/components/ColorPalette.qml:38: TypeError: Cannot read property 'borderDark' of undefined
17:35:10.940 [WRN] qrc:/qt/qml/stroemling/qml/components/ColorPalette.qml:38: TypeError: Cannot read property 'borderDark' of undefined
17:35:10.940 [WRN] qrc:/qt/qml/stroemling/qml/components/ColorPalette.qml:38: TypeError: Cannot read property 'borderDark' of undefined
17:35:10.940 [WRN] qrc:/qt/qml/stroemling/qml/components/ColorPalette.qml:38: TypeError: Cannot read property 'borderDark' of undefined
17:35:10.940 [WRN] qrc:/qt/qml/stroemling/qml/components/ColorPalette.qml:38: TypeError: Cannot read property 'borderDark' of undefined
17:35:10.940 [WRN] qrc:/qt/qml/stroemling/qml/components/ColorPalette.qml:38: TypeError: Cannot read property 'borderDark' of undefined
17:35:10.940 [WRN] qrc:/qt/qml/stroemling/qml/components/ColorPalette.qml:38: TypeError: Cannot read property 'borderDark' of undefined
17:35:10.940 [WRN] qrc:/qt/qml/stroemling/qml/components/ColorPalette.qml:38: TypeError: Cannot read property 'borderDark' of undefined
17:35:10.940 [WRN] qrc:/qt/qml/stroemling/qml/components/ColorPalette.qml:38: TypeError: Cannot read property 'borderDark' of undefined
17:35:10.940 [WRN] qrc:/qt/qml/stroemling/qml/components/ColorPalette.qml:38: TypeError: Cannot read property 'borderDark' of undefined
17:35:10.940 [WRN] qrc:/qt/qml/stroemling/qml/components/ColorPalette.qml:38: TypeError: Cannot read property 'borderDark' of undefined
17:35:10.940 [WRN] qrc:/qt/qml/stroemling/qml/components/ColorPalette.qml:38: TypeError: Cannot read property 'borderDark' of undefined
17:35:10.940 [WRN] qrc:/qt/qml/stroemling/qml/components/StilSlider.qml:20: TypeError: Cannot read property 'border' of undefined
17:35:10.940 [WRN] qrc:/qt/qml/stroemling/qml/components/StilSlider.qml:23: TypeError: Cannot read property 'accent' of undefined
17:35:10.940 [WRN] qrc:/qt/qml/stroemling/qml/components/StilSlider.qml:30: TypeError: Cannot read property 'accent' of undefined
17:35:10.940 [WRN] qrc:/qt/qml/stroemling/qml/components/StilSlider.qml:20: TypeError: Cannot read property 'border' of undefined
17:35:10.940 [WRN] qrc:/qt/qml/stroemling/qml/components/StilSlider.qml:23: TypeError: Cannot read property 'accent' of undefined
17:35:10.940 [WRN] qrc:/qt/qml/stroemling/qml/components/StilSlider.qml:30: TypeError: Cannot read property 'accent' of undefined
17:35:10.940 [WRN] qrc:/qt/qml/stroemling/qml/components/MiniButton.qml:18: TypeError: Cannot read property 'inputBg' of undefined
17:35:10.940 [WRN] qrc:/qt/qml/stroemling/qml/components/MiniButton.qml:26: TypeError: Cannot read property 'textMuted' of undefined
17:35:10.940 [WRN] qrc:/qt/qml/stroemling/qml/components/MiniButton.qml:19: TypeError: Cannot read property 'border' of undefined
17:35:10.940 [WRN] qrc:/qt/qml/stroemling/qml/components/MiniButton.qml:18: TypeError: Cannot read property 'inputBg' of undefined
17:35:10.940 [WRN] qrc:/qt/qml/stroemling/qml/components/MiniButton.qml:26: TypeError: Cannot read property 'textMuted' of undefined
17:35:10.940 [WRN] qrc:/qt/qml/stroemling/qml/components/MiniButton.qml:19: TypeError: Cannot read property 'border' of undefined
17:35:10.940 [WRN] qrc:/qt/qml/stroemling/qml/components/MiniButton.qml:18: TypeError: Cannot read property 'inputBg' of undefined
17:35:10.940 [WRN] qrc:/qt/qml/stroemling/qml/components/MiniButton.qml:26: TypeError: Cannot read property 'textMuted' of undefined
17:35:10.940 [WRN] qrc:/qt/qml/stroemling/qml/components/MiniButton.qml:19: TypeError: Cannot read property 'border' of undefined
17:35:10.940 [WRN] qrc:/qt/qml/stroemling/qml/components/MiniButton.qml:18: TypeError: Cannot read property 'inputBg' of undefined
17:35:10.940 [WRN] qrc:/qt/qml/stroemling/qml/components/MiniButton.qml:26: TypeError: Cannot read property 'textMuted' of undefined
17:35:10.940 [WRN] qrc:/qt/qml/stroemling/qml/components/MiniButton.qml:19: TypeError: Cannot read property 'border' of undefined
17:35:10.940 [WRN] qrc:/qt/qml/stroemling/qml/components/MiniButton.qml:18: TypeError: Cannot read property 'inputBg' of undefined
17:35:10.940 [WRN] qrc:/qt/qml/stroemling/qml/components/MiniButton.qml:26: TypeError: Cannot read property 'textMuted' of undefined
17:35:10.940 [WRN] qrc:/qt/qml/stroemling/qml/components/MiniButton.qml:19: TypeError: Cannot read property 'border' of undefined
17:35:10.940 [WRN] qrc:/qt/qml/stroemling/qml/components/MiniButton.qml:18: TypeError: Cannot read property 'inputBg' of undefined
17:35:10.940 [WRN] qrc:/qt/qml/stroemling/qml/components/MiniButton.qml:26: TypeError: Cannot read property 'textMuted' of undefined
17:35:10.940 [WRN] qrc:/qt/qml/stroemling/qml/components/MiniButton.qml:19: TypeError: Cannot read property 'border' of undefined
17:35:10.940 [WRN] qrc:/qt/qml/stroemling/qml/components/MiniButton.qml:18: TypeError: Cannot read property 'inputBg' of undefined
17:35:10.940 [WRN] qrc:/qt/qml/stroemling/qml/components/MiniButton.qml:26: TypeError: Cannot read property 'textMuted' of undefined
17:35:10.940 [WRN] qrc:/qt/qml/stroemling/qml/components/MiniButton.qml:19: TypeError: Cannot read property 'border' of undefined
17:35:10.940 [WRN] qrc:/qt/qml/stroemling/qml/components/MiniButton.qml:18: TypeError: Cannot read property 'activeItemAlt' of undefined
17:35:10.940 [WRN] qrc:/qt/qml/stroemling/qml/components/MiniButton.qml:26: TypeError: Cannot read property 'accent' of undefined
17:35:10.940 [WRN] qrc:/qt/qml/stroemling/qml/components/MiniButton.qml:19: TypeError: Cannot read property 'accent' of undefined
17:35:10.940 [WRN] qrc:/qt/qml/stroemling/qml/ep/EpAderdefinitionSection.qml:84: TypeError: Cannot read property 'inputBg' of undefined
17:35:10.940 [WRN] qrc:/qt/qml/stroemling/qml/ep/EpAderdefinitionSection.qml:97: TypeError: Cannot read property 'textMuted' of undefined
17:35:10.940 [WRN] qrc:/qt/qml/stroemling/qml/ep/EpAderdefinitionSection.qml:85: TypeError: Cannot read property 'border' of undefined
17:35:10.940 [WRN] qrc:/qt/qml/stroemling/qml/ep/EpAderdefinitionSection.qml:84: TypeError: Cannot read property 'inputBg' of undefined
17:35:10.940 [WRN] qrc:/qt/qml/stroemling/qml/ep/EpAderdefinitionSection.qml:97: TypeError: Cannot read property 'textMuted' of undefined
17:35:10.940 [WRN] qrc:/qt/qml/stroemling/qml/ep/EpAderdefinitionSection.qml:85: TypeError: Cannot read property 'border' of undefined
17:35:10.940 [WRN] qrc:/qt/qml/stroemling/qml/ep/EpAderdefinitionSection.qml:84: TypeError: Cannot read property 'inputBg' of undefined
17:35:10.940 [WRN] qrc:/qt/qml/stroemling/qml/ep/EpAderdefinitionSection.qml:97: TypeError: Cannot read property 'textMuted' of undefined
17:35:10.940 [WRN] qrc:/qt/qml/stroemling/qml/ep/EpAderdefinitionSection.qml:85: TypeError: Cannot read property 'border' of undefined
17:35:10.940 [WRN] qrc:/qt/qml/stroemling/qml/ep/EpAderdefinitionSection.qml:84: TypeError: Cannot read property 'inputBg' of undefined
17:35:10.940 [WRN] qrc:/qt/qml/stroemling/qml/ep/EpAderdefinitionSection.qml:97: TypeError: Cannot read property 'textMuted' of undefined
17:35:10.940 [WRN] qrc:/qt/qml/stroemling/qml/ep/EpAderdefinitionSection.qml:85: TypeError: Cannot read property 'border' of undefined
17:35:10.940 [WRN] qrc:/qt/qml/stroemling/qml/ep/EpAderdefinitionSection.qml:84: TypeError: Cannot read property 'inputBg' of undefined
17:35:10.940 [WRN] qrc:/qt/qml/stroemling/qml/ep/EpAderdefinitionSection.qml:97: TypeError: Cannot read property 'textMuted' of undefined
17:35:10.940 [WRN] qrc:/qt/qml/stroemling/qml/ep/EpAderdefinitionSection.qml:85: TypeError: Cannot read property 'border' of undefined
17:35:10.940 [WRN] qrc:/qt/qml/stroemling/qml/ep/EpAderdefinitionSection.qml:84: TypeError: Cannot read property 'inputBg' of undefined
17:35:10.940 [WRN] qrc:/qt/qml/stroemling/qml/ep/EpAderdefinitionSection.qml:97: TypeError: Cannot read property 'textMuted' of undefined
17:35:10.940 [WRN] qrc:/qt/qml/stroemling/qml/ep/EpAderdefinitionSection.qml:85: TypeError: Cannot read property 'border' of undefined
17:35:10.940 [WRN] qrc:/qt/qml/stroemling/qml/ep/EpAderdefinitionSection.qml:84: TypeError: Cannot read property 'inputBg' of undefined
17:35:10.940 [WRN] qrc:/qt/qml/stroemling/qml/ep/EpAderdefinitionSection.qml:97: TypeError: Cannot read property 'textMuted' of undefined
17:35:10.940 [WRN] qrc:/qt/qml/stroemling/qml/ep/EpAderdefinitionSection.qml:85: TypeError: Cannot read property 'border' of undefined
17:35:10.940 [WRN] qrc:/qt/qml/stroemling/qml/ep/EpAderdefinitionSection.qml:84: TypeError: Cannot read property 'inputBg' of undefined
17:35:10.940 [WRN] qrc:/qt/qml/stroemling/qml/ep/EpAderdefinitionSection.qml:97: TypeError: Cannot read property 'textMuted' of undefined
17:35:10.940 [WRN] qrc:/qt/qml/stroemling/qml/ep/EpAderdefinitionSection.qml:85: TypeError: Cannot read property 'border' of undefined
17:35:10.940 [WRN] qrc:/qt/qml/stroemling/qml/ep/EpAderdefinitionSection.qml:84: TypeError: Cannot read property 'inputBg' of undefined
17:35:10.940 [WRN] qrc:/qt/qml/stroemling/qml/ep/EpAderdefinitionSection.qml:97: TypeError: Cannot read property 'textMuted' of undefined
17:35:10.940 [WRN] qrc:/qt/qml/stroemling/qml/ep/EpAderdefinitionSection.qml:85: TypeError: Cannot read property 'border' of undefined
17:35:10.940 [WRN] qrc:/qt/qml/stroemling/qml/ep/EpAderdefinitionSection.qml:84: TypeError: Cannot read property 'inputBg' of undefined
17:35:10.940 [WRN] qrc:/qt/qml/stroemling/qml/ep/EpAderdefinitionSection.qml:97: TypeError: Cannot read property 'textMuted' of undefined
17:35:10.940 [WRN] qrc:/qt/qml/stroemling/qml/ep/EpAderdefinitionSection.qml:85: TypeError: Cannot read property 'border' of undefined
17:35:10.941 [WRN] qrc:/qt/qml/stroemling/qml/ep/EpAderdefinitionSection.qml:84: TypeError: Cannot read property 'inputBg' of undefined
17:35:10.941 [WRN] qrc:/qt/qml/stroemling/qml/ep/EpAderdefinitionSection.qml:97: TypeError: Cannot read property 'textMuted' of undefined
17:35:10.941 [WRN] qrc:/qt/qml/stroemling/qml/ep/EpAderdefinitionSection.qml:85: TypeError: Cannot read property 'border' of undefined
17:35:10.941 [WRN] qrc:/qt/qml/stroemling/qml/ep/EpAderdefinitionSection.qml:84: TypeError: Cannot read property 'inputBg' of undefined
17:35:10.941 [WRN] qrc:/qt/qml/stroemling/qml/ep/EpAderdefinitionSection.qml:97: TypeError: Cannot read property 'textMuted' of undefined
17:35:10.941 [WRN] qrc:/qt/qml/stroemling/qml/ep/EpAderdefinitionSection.qml:85: TypeError: Cannot read property 'border' of undefined
17:35:10.941 [WRN] qrc:/qt/qml/stroemling/qml/components/MiniButton.qml:18: TypeError: Cannot read property 'inputBg' of undefined
17:35:10.941 [WRN] qrc:/qt/qml/stroemling/qml/components/MiniButton.qml:26: TypeError: Cannot read property 'textMuted' of undefined
17:35:10.941 [WRN] qrc:/qt/qml/stroemling/qml/components/MiniButton.qml:19: TypeError: Cannot read property 'border' of undefined
17:35:10.941 [WRN] qrc:/qt/qml/stroemling/qml/components/MiniButton.qml:18: TypeError: Cannot read property 'inputBg' of undefined
17:35:10.941 [WRN] qrc:/qt/qml/stroemling/qml/components/MiniButton.qml:26: TypeError: Cannot read property 'textMuted' of undefined
17:35:10.941 [WRN] qrc:/qt/qml/stroemling/qml/components/MiniButton.qml:19: TypeError: Cannot read property 'border' of undefined
17:35:10.941 [WRN] qrc:/qt/qml/stroemling/qml/components/MiniButton.qml:18: TypeError: Cannot read property 'inputBg' of undefined
17:35:10.941 [WRN] qrc:/qt/qml/stroemling/qml/components/MiniButton.qml:26: TypeError: Cannot read property 'textMuted' of undefined
17:35:10.941 [WRN] qrc:/qt/qml/stroemling/qml/components/MiniButton.qml:19: TypeError: Cannot read property 'border' of undefined
17:35:10.941 [WRN] qrc:/qt/qml/stroemling/qml/components/MiniButton.qml:18: TypeError: Cannot read property 'inputBg' of undefined
17:35:10.941 [WRN] qrc:/qt/qml/stroemling/qml/components/MiniButton.qml:26: TypeError: Cannot read property 'textMuted' of undefined
17:35:10.941 [WRN] qrc:/qt/qml/stroemling/qml/components/MiniButton.qml:19: TypeError: Cannot read property 'border' of undefined
17:35:10.941 [WRN] qrc:/qt/qml/stroemling/qml/components/MiniButton.qml:18: TypeError: Cannot read property 'inputBg' of undefined
17:35:10.941 [WRN] qrc:/qt/qml/stroemling/qml/components/MiniButton.qml:26: TypeError: Cannot read property 'textMuted' of undefined
17:35:10.941 [WRN] qrc:/qt/qml/stroemling/qml/components/MiniButton.qml:19: TypeError: Cannot read property 'border' of undefined
17:35:10.941 [WRN] qrc:/qt/qml/stroemling/qml/components/MiniButton.qml:18: TypeError: Cannot read property 'inputBg' of undefined
17:35:10.941 [WRN] qrc:/qt/qml/stroemling/qml/components/MiniButton.qml:26: TypeError: Cannot read property 'textMuted' of undefined
17:35:10.941 [WRN] qrc:/qt/qml/stroemling/qml/components/MiniButton.qml:19: TypeError: Cannot read property 'border' of undefined
17:35:10.941 [WRN] qrc:/qt/qml/stroemling/qml/components/MiniButton.qml:18: TypeError: Cannot read property 'inputBg' of undefined
17:35:10.941 [WRN] qrc:/qt/qml/stroemling/qml/components/MiniButton.qml:26: TypeError: Cannot read property 'textMuted' of undefined
17:35:10.941 [WRN] qrc:/qt/qml/stroemling/qml/components/MiniButton.qml:19: TypeError: Cannot read property 'border' of undefined
17:35:10.941 [WRN] qrc:/qt/qml/stroemling/qml/components/MiniButton.qml:18: TypeError: Cannot read property 'inputBg' of undefined
17:35:10.941 [WRN] qrc:/qt/qml/stroemling/qml/components/MiniButton.qml:26: TypeError: Cannot read property 'textMuted' of undefined
17:35:10.941 [WRN] qrc:/qt/qml/stroemling/qml/components/MiniButton.qml:19: TypeError: Cannot read property 'border' of undefined
17:35:10.941 [WRN] qrc:/qt/qml/stroemling/qml/components/MiniButton.qml:18: TypeError: Cannot read property 'inputBg' of undefined
17:35:10.941 [WRN] qrc:/qt/qml/stroemling/qml/components/MiniButton.qml:26: TypeError: Cannot read property 'textMuted' of undefined
17:35:10.941 [WRN] qrc:/qt/qml/stroemling/qml/components/MiniButton.qml:19: TypeError: Cannot read property 'border' of undefined
17:35:10.941 [WRN] qrc:/qt/qml/stroemling/qml/components/MiniButton.qml:18: TypeError: Cannot read property 'inputBg' of undefined
17:35:10.941 [WRN] qrc:/qt/qml/stroemling/qml/components/MiniButton.qml:26: TypeError: Cannot read property 'textMuted' of undefined
17:35:10.941 [WRN] qrc:/qt/qml/stroemling/qml/components/MiniButton.qml:19: TypeError: Cannot read property 'border' of undefined
17:35:10.941 [WRN] qrc:/qt/qml/stroemling/qml/components/MiniButton.qml:18: TypeError: Cannot read property 'inputBg' of undefined
17:35:10.941 [WRN] qrc:/qt/qml/stroemling/qml/components/MiniButton.qml:26: TypeError: Cannot read property 'textMuted' of undefined
17:35:10.941 [WRN] qrc:/qt/qml/stroemling/qml/components/MiniButton.qml:19: TypeError: Cannot read property 'border' of undefined
17:35:10.941 [WRN] qrc:/qt/qml/stroemling/qml/components/MiniButton.qml:18: TypeError: Cannot read property 'inputBg' of undefined
17:35:10.941 [WRN] qrc:/qt/qml/stroemling/qml/components/MiniButton.qml:26: TypeError: Cannot read property 'textMuted' of undefined
17:35:10.941 [WRN] qrc:/qt/qml/stroemling/qml/components/MiniButton.qml:19: TypeError: Cannot read property 'border' of undefined
17:35:10.941 [WRN] qrc:/qt/qml/stroemling/qml/components/MiniButton.qml:18: TypeError: Cannot read property 'inputBg' of undefined
17:35:10.941 [WRN] qrc:/qt/qml/stroemling/qml/components/MiniButton.qml:26: TypeError: Cannot read property 'textMuted' of undefined
17:35:10.941 [WRN] qrc:/qt/qml/stroemling/qml/components/MiniButton.qml:19: TypeError: Cannot read property 'border' of undefined
17:35:10.941 [WRN] qrc:/qt/qml/stroemling/qml/components/MiniButton.qml:18: TypeError: Cannot read property 'inputBg' of undefined
17:35:10.941 [WRN] qrc:/qt/qml/stroemling/qml/components/MiniButton.qml:26: TypeError: Cannot read property 'textMuted' of undefined
17:35:10.941 [WRN] qrc:/qt/qml/stroemling/qml/components/MiniButton.qml:19: TypeError: Cannot read property 'border' of undefined
17:35:10.941 [WRN] qrc:/qt/qml/stroemling/qml/components/MiniButton.qml:18: TypeError: Cannot read property 'inputBg' of undefined
17:35:10.941 [WRN] qrc:/qt/qml/stroemling/qml/components/MiniButton.qml:26: TypeError: Cannot read property 'textMuted' of undefined
17:35:10.941 [WRN] qrc:/qt/qml/stroemling/qml/components/MiniButton.qml:19: TypeError: Cannot read property 'border' of undefined
17:35:10.941 [WRN] qrc:/qt/qml/stroemling/qml/components/MiniButton.qml:18: TypeError: Cannot read property 'inputBg' of undefined
17:35:10.941 [WRN] qrc:/qt/qml/stroemling/qml/components/MiniButton.qml:26: TypeError: Cannot read property 'textMuted' of undefined
17:35:10.941 [WRN] qrc:/qt/qml/stroemling/qml/components/MiniButton.qml:19: TypeError: Cannot read property 'border' of undefined
17:35:10.941 [WRN] qrc:/qt/qml/stroemling/qml/components/MiniButton.qml:18: TypeError: Cannot read property 'inputBg' of undefined
17:35:10.941 [WRN] qrc:/qt/qml/stroemling/qml/components/MiniButton.qml:26: TypeError: Cannot read property 'textMuted' of undefined
17:35:10.941 [WRN] qrc:/qt/qml/stroemling/qml/components/MiniButton.qml:19: TypeError: Cannot read property 'border' of undefined
17:35:10.941 [WRN] qrc:/qt/qml/stroemling/qml/components/MiniButton.qml:18: TypeError: Cannot read property 'inputBg' of undefined
17:35:10.941 [WRN] qrc:/qt/qml/stroemling/qml/components/MiniButton.qml:26: TypeError: Cannot read property 'textMuted' of undefined
17:35:10.941 [WRN] qrc:/qt/qml/stroemling/qml/components/MiniButton.qml:19: TypeError: Cannot read property 'border' of undefined
17:35:10.941 [WRN] qrc:/qt/qml/stroemling/qml/components/MiniButton.qml:18: TypeError: Cannot read property 'inputBg' of undefined
17:35:10.941 [WRN] qrc:/qt/qml/stroemling/qml/components/MiniButton.qml:26: TypeError: Cannot read property 'textMuted' of undefined
17:35:10.941 [WRN] qrc:/qt/qml/stroemling/qml/components/MiniButton.qml:19: TypeError: Cannot read property 'border' of undefined
17:35:10.941 [WRN] qrc:/qt/qml/stroemling/qml/components/MiniButton.qml:18: TypeError: Cannot read property 'inputBg' of undefined
17:35:10.941 [WRN] qrc:/qt/qml/stroemling/qml/components/MiniButton.qml:26: TypeError: Cannot read property 'textMuted' of undefined
17:35:10.941 [WRN] qrc:/qt/qml/stroemling/qml/components/MiniButton.qml:19: TypeError: Cannot read property 'border' of undefined
17:35:10.941 [WRN] qrc:/qt/qml/stroemling/qml/components/MiniButton.qml:18: TypeError: Cannot read property 'inputBg' of undefined
17:35:10.941 [WRN] qrc:/qt/qml/stroemling/qml/components/MiniButton.qml:26: TypeError: Cannot read property 'textMuted' of undefined
17:35:10.941 [WRN] qrc:/qt/qml/stroemling/qml/components/MiniButton.qml:19: TypeError: Cannot read property 'border' of undefined
17:35:10.941 [WRN] qrc:/qt/qml/stroemling/qml/components/MiniButton.qml:18: TypeError: Cannot read property 'inputBg' of undefined
17:35:10.941 [WRN] qrc:/qt/qml/stroemling/qml/components/MiniButton.qml:26: TypeError: Cannot read property 'textMuted' of undefined
17:35:10.941 [WRN] qrc:/qt/qml/stroemling/qml/components/MiniButton.qml:19: TypeError: Cannot read property 'border' of undefined
17:35:10.941 [WRN] qrc:/qt/qml/stroemling/qml/ep/EpSteckverbinderSection.qml:72: TypeError: Cannot read property 'textPrimary' of undefined
17:35:10.941 [WRN] qrc:/qt/qml/stroemling/qml/ep/EpSteckverbinderSection.qml:71: TypeError: Cannot read property 'inputBg' of undefined
17:35:10.941 [WRN] qrc:/qt/qml/stroemling/qml/ep/EpSteckverbinderSection.qml:71: TypeError: Cannot read property 'border' of undefined
17:35:10.941 [WRN] qrc:/qt/qml/stroemling/qml/ep/EpSteckverbinderSection.qml:86: TypeError: Cannot read property 'inputBg' of undefined
17:35:10.941 [WRN] qrc:/qt/qml/stroemling/qml/ep/EpSteckverbinderSection.qml:86: TypeError: Cannot read property 'border' of undefined
17:35:10.941 [WRN] qrc:/qt/qml/stroemling/qml/ep/EpSteckverbinderSection.qml:108: TypeError: Cannot read property 'inputBg' of undefined
17:35:10.941 [WRN] qrc:/qt/qml/stroemling/qml/ep/EpSteckverbinderSection.qml:108: TypeError: Cannot read property 'border' of undefined
17:35:10.941 [WRN] qrc:/qt/qml/stroemling/qml/ep/EpSteckverbinderSection.qml:129: TypeError: Cannot read property 'inputBg' of undefined
17:35:10.941 [WRN] qrc:/qt/qml/stroemling/qml/ep/EpSteckverbinderSection.qml:129: TypeError: Cannot read property 'border' of undefined
17:35:10.941 [WRN] qrc:/qt/qml/stroemling/qml/components/MiniButton.qml:18: TypeError: Cannot read property 'inputBg' of undefined
17:35:10.941 [WRN] qrc:/qt/qml/stroemling/qml/components/MiniButton.qml:26: TypeError: Cannot read property 'textMuted' of undefined
17:35:10.941 [WRN] qrc:/qt/qml/stroemling/qml/components/MiniButton.qml:19: TypeError: Cannot read property 'border' of undefined
17:35:10.941 [WRN] qrc:/qt/qml/stroemling/qml/components/MiniButton.qml:18: TypeError: Cannot read property 'inputBg' of undefined
17:35:10.941 [WRN] qrc:/qt/qml/stroemling/qml/components/MiniButton.qml:26: TypeError: Cannot read property 'textMuted' of undefined
17:35:10.941 [WRN] qrc:/qt/qml/stroemling/qml/components/MiniButton.qml:19: TypeError: Cannot read property 'border' of undefined
17:35:10.941 [WRN] qrc:/qt/qml/stroemling/qml/components/MiniButton.qml:18: TypeError: Cannot read property 'inputBg' of undefined
17:35:10.941 [WRN] qrc:/qt/qml/stroemling/qml/components/MiniButton.qml:26: TypeError: Cannot read property 'textMuted' of undefined
17:35:10.941 [WRN] qrc:/qt/qml/stroemling/qml/components/MiniButton.qml:19: TypeError: Cannot read property 'border' of undefined
17:35:10.941 [WRN] qrc:/qt/qml/stroemling/qml/components/MiniButton.qml:18: TypeError: Cannot read property 'activeItemAlt' of undefined
17:35:10.941 [WRN] qrc:/qt/qml/stroemling/qml/components/MiniButton.qml:26: TypeError: Cannot read property 'accent' of undefined
17:35:10.941 [WRN] qrc:/qt/qml/stroemling/qml/components/MiniButton.qml:19: TypeError: Cannot read property 'accent' of undefined
17:35:10.941 [WRN] qrc:/qt/qml/stroemling/qml/components/StilSlider.qml:20: TypeError: Cannot read property 'border' of undefined
17:35:10.941 [WRN] qrc:/qt/qml/stroemling/qml/components/StilSlider.qml:23: TypeError: Cannot read property 'accent' of undefined
17:35:10.941 [WRN] qrc:/qt/qml/stroemling/qml/components/StilSlider.qml:30: TypeError: Cannot read property 'accent' of undefined
17:35:10.941 [WRN] qrc:/qt/qml/stroemling/qml/components/StilSlider.qml:20: TypeError: Cannot read property 'border' of undefined
17:35:10.941 [WRN] qrc:/qt/qml/stroemling/qml/components/StilSlider.qml:23: TypeError: Cannot read property 'accent' of undefined
17:35:10.941 [WRN] qrc:/qt/qml/stroemling/qml/components/StilSlider.qml:30: TypeError: Cannot read property 'accent' of undefined
17:35:10.941 [WRN] qrc:/qt/qml/stroemling/qml/components/StilSlider.qml:20: TypeError: Cannot read property 'border' of undefined
17:35:10.941 [WRN] qrc:/qt/qml/stroemling/qml/components/StilSlider.qml:23: TypeError: Cannot read property 'accent' of undefined
17:35:10.941 [WRN] qrc:/qt/qml/stroemling/qml/components/StilSlider.qml:30: TypeError: Cannot read property 'accent' of undefined
17:35:10.941 [WRN] qrc:/qt/qml/stroemling/qml/components/StilSlider.qml:20: TypeError: Cannot read property 'border' of undefined
17:35:10.942 [WRN] qrc:/qt/qml/stroemling/qml/components/StilSlider.qml:23: TypeError: Cannot read property 'accent' of undefined
17:35:10.942 [WRN] qrc:/qt/qml/stroemling/qml/components/StilSlider.qml:30: TypeError: Cannot read property 'accent' of undefined
17:35:10.942 [WRN] qrc:/qt/qml/stroemling/qml/components/MiniButton.qml:18: TypeError: Cannot read property 'inputBg' of undefined
17:35:10.942 [WRN] qrc:/qt/qml/stroemling/qml/components/MiniButton.qml:26: TypeError: Cannot read property 'textMuted' of undefined
17:35:10.942 [WRN] qrc:/qt/qml/stroemling/qml/components/MiniButton.qml:19: TypeError: Cannot read property 'border' of undefined
17:35:10.942 [WRN] qrc:/qt/qml/stroemling/qml/components/MiniButton.qml:18: TypeError: Cannot read property 'inputBg' of undefined
17:35:10.942 [WRN] qrc:/qt/qml/stroemling/qml/components/MiniButton.qml:26: TypeError: Cannot read property 'textMuted' of undefined
17:35:10.942 [WRN] qrc:/qt/qml/stroemling/qml/components/MiniButton.qml:19: TypeError: Cannot read property 'border' of undefined
17:35:10.942 [WRN] qrc:/qt/qml/stroemling/qml/components/MiniButton.qml:18: TypeError: Cannot read property 'activeItemAlt' of undefined
17:35:10.942 [WRN] qrc:/qt/qml/stroemling/qml/components/MiniButton.qml:26: TypeError: Cannot read property 'accent' of undefined
17:35:10.942 [WRN] qrc:/qt/qml/stroemling/qml/components/MiniButton.qml:19: TypeError: Cannot read property 'accent' of undefined
17:35:10.942 [WRN] qrc:/qt/qml/stroemling/qml/components/ColorPalette.qml:38: TypeError: Cannot read property 'borderDark' of undefined
17:35:10.942 [WRN] qrc:/qt/qml/stroemling/qml/components/ColorPalette.qml:38: TypeError: Cannot read property 'borderDark' of undefined
17:35:10.942 [WRN] qrc:/qt/qml/stroemling/qml/components/ColorPalette.qml:38: TypeError: Cannot read property 'borderDark' of undefined
17:35:10.942 [WRN] qrc:/qt/qml/stroemling/qml/components/ColorPalette.qml:38: TypeError: Cannot read property 'borderDark' of undefined
17:35:10.942 [WRN] qrc:/qt/qml/stroemling/qml/components/ColorPalette.qml:38: TypeError: Cannot read property 'borderDark' of undefined
17:35:10.942 [WRN] qrc:/qt/qml/stroemling/qml/components/ColorPalette.qml:38: TypeError: Cannot read property 'borderDark' of undefined
17:35:10.942 [WRN] qrc:/qt/qml/stroemling/qml/components/ColorPalette.qml:38: TypeError: Cannot read property 'borderDark' of undefined
17:35:10.942 [WRN] qrc:/qt/qml/stroemling/qml/components/ColorPalette.qml:38: TypeError: Cannot read property 'borderDark' of undefined
17:35:10.942 [WRN] qrc:/qt/qml/stroemling/qml/components/ColorPalette.qml:38: TypeError: Cannot read property 'borderDark' of undefined
17:35:10.942 [WRN] qrc:/qt/qml/stroemling/qml/components/ColorPalette.qml:38: TypeError: Cannot read property 'borderDark' of undefined
17:35:10.942 [WRN] qrc:/qt/qml/stroemling/qml/components/ColorPalette.qml:38: TypeError: Cannot read property 'borderDark' of undefined
17:35:10.942 [WRN] qrc:/qt/qml/stroemling/qml/components/ColorPalette.qml:38: TypeError: Cannot read property 'borderDark' of undefined
17:35:10.942 [WRN] qrc:/qt/qml/stroemling/qml/components/ColorPalette.qml:38: TypeError: Cannot read property 'borderDark' of undefined
17:35:10.942 [WRN] qrc:/qt/qml/stroemling/qml/components/ColorPalette.qml:38: TypeError: Cannot read property 'borderDark' of undefined
17:35:10.942 [WRN] qrc:/qt/qml/stroemling/qml/components/ColorPalette.qml:38: TypeError: Cannot read property 'borderDark' of undefined
17:35:10.942 [WRN] qrc:/qt/qml/stroemling/qml/components/ColorPalette.qml:38: TypeError: Cannot read property 'borderDark' of undefined
17:35:10.942 [WRN] qrc:/qt/qml/stroemling/qml/components/ColorPalette.qml:38: TypeError: Cannot read property 'borderDark' of undefined
17:35:10.942 [WRN] qrc:/qt/qml/stroemling/qml/components/ColorPalette.qml:38: TypeError: Cannot read property 'borderDark' of undefined
17:35:10.942 [WRN] qrc:/qt/qml/stroemling/qml/components/ColorPalette.qml:38: TypeError: Cannot read property 'borderDark' of undefined
17:35:10.942 [WRN] qrc:/qt/qml/stroemling/qml/components/ColorPalette.qml:38: TypeError: Cannot read property 'borderDark' of undefined
17:35:10.942 [WRN] qrc:/qt/qml/stroemling/qml/components/ColorPalette.qml:38: TypeError: Cannot read property 'borderDark' of undefined
17:35:10.942 [WRN] qrc:/qt/qml/stroemling/qml/components/ColorPalette.qml:38: TypeError: Cannot read property 'borderDark' of undefined
17:35:10.942 [WRN] qrc:/qt/qml/stroemling/qml/components/ColorPalette.qml:38: TypeError: Cannot read property 'borderDark' of undefined
17:35:10.942 [WRN] qrc:/qt/qml/stroemling/qml/components/ColorPalette.qml:38: TypeError: Cannot read property 'borderDark' of undefined
17:35:10.942 [WRN] qrc:/qt/qml/stroemling/qml/components/ColorPalette.qml:38: TypeError: Cannot read property 'borderDark' of undefined
17:35:10.942 [WRN] qrc:/qt/qml/stroemling/qml/components/ColorPalette.qml:38: TypeError: Cannot read property 'borderDark' of undefined
17:35:10.942 [WRN] qrc:/qt/qml/stroemling/qml/components/ColorPalette.qml:38: TypeError: Cannot read property 'borderDark' of undefined
17:35:10.942 [WRN] qrc:/qt/qml/stroemling/qml/components/ColorPalette.qml:38: TypeError: Cannot read property 'borderDark' of undefined
17:35:10.942 [WRN] qrc:/qt/qml/stroemling/qml/components/ColorPalette.qml:38: TypeError: Cannot read property 'borderDark' of undefined
17:35:10.942 [WRN] qrc:/qt/qml/stroemling/qml/components/ColorPalette.qml:38: TypeError: Cannot read property 'borderDark' of undefined
17:35:10.942 [WRN] qrc:/qt/qml/stroemling/qml/components/ColorPalette.qml:38: TypeError: Cannot read property 'borderDark' of undefined
17:35:10.942 [WRN] qrc:/qt/qml/stroemling/qml/components/ColorPalette.qml:38: TypeError: Cannot read property 'borderDark' of undefined
17:35:10.942 [WRN] qrc:/qt/qml/stroemling/qml/components/ColorPalette.qml:38: TypeError: Cannot read property 'borderDark' of undefined
17:35:10.942 [WRN] qrc:/qt/qml/stroemling/qml/components/ColorPalette.qml:38: TypeError: Cannot read property 'borderDark' of undefined
17:35:10.942 [WRN] qrc:/qt/qml/stroemling/qml/components/ColorPalette.qml:38: TypeError: Cannot read property 'borderDark' of undefined
17:35:10.942 [WRN] qrc:/qt/qml/stroemling/qml/components/ColorPalette.qml:38: TypeError: Cannot read property 'borderDark' of undefined
17:35:10.942 [WRN] qrc:/qt/qml/stroemling/qml/components/ColorPalette.qml:38: TypeError: Cannot read property 'borderDark' of undefined
17:35:10.942 [WRN] qrc:/qt/qml/stroemling/qml/components/ColorPalette.qml:38: TypeError: Cannot read property 'borderDark' of undefined
17:35:10.942 [WRN] qrc:/qt/qml/stroemling/qml/components/ColorPalette.qml:38: TypeError: Cannot read property 'borderDark' of undefined
17:35:10.942 [WRN] qrc:/qt/qml/stroemling/qml/components/ColorPalette.qml:38: TypeError: Cannot read property 'borderDark' of undefined
17:35:10.942 [WRN] qrc:/qt/qml/stroemling/qml/components/ColorPalette.qml:38: TypeError: Cannot read property 'borderDark' of undefined
17:35:10.942 [WRN] qrc:/qt/qml/stroemling/qml/components/ColorPalette.qml:38: TypeError: Cannot read property 'borderDark' of undefined
17:35:10.942 [WRN] qrc:/qt/qml/stroemling/qml/components/ColorPalette.qml:38: TypeError: Cannot read property 'borderDark' of undefined
17:35:10.942 [WRN] qrc:/qt/qml/stroemling/qml/components/ColorPalette.qml:38: TypeError: Cannot read property 'borderDark' of undefined
17:35:10.942 [WRN] qrc:/qt/qml/stroemling/qml/components/ColorPalette.qml:38: TypeError: Cannot read property 'borderDark' of undefined
17:35:10.942 [WRN] qrc:/qt/qml/stroemling/qml/components/ColorPalette.qml:38: TypeError: Cannot read property 'borderDark' of undefined
17:35:10.942 [WRN] qrc:/qt/qml/stroemling/qml/components/ColorPalette.qml:38: TypeError: Cannot read property 'borderDark' of undefined
17:35:10.942 [WRN] qrc:/qt/qml/stroemling/qml/components/ColorPalette.qml:38: TypeError: Cannot read property 'borderDark' of undefined
17:35:10.942 [WRN] qrc:/qt/qml/stroemling/qml/ep/EpSpsKanalSection.qml:257: TypeError: Cannot read property 'sidebar' of undefined
17:35:10.942 [WRN] qrc:/qt/qml/stroemling/qml/ep/EpSpsKanalSection.qml:258: TypeError: Cannot read property 'border' of undefined
17:35:10.942 [WRN] qrc:/qt/qml/stroemling/qml/ep/EpBetriebsmittelSection.qml:462: TypeError: Cannot read property 'inputBg' of undefined
17:35:10.942 [WRN] qrc:/qt/qml/stroemling/qml/ep/EpBetriebsmittelSection.qml:463: TypeError: Cannot read property 'border' of undefined
17:35:10.942 [WRN] qrc:/qt/qml/stroemling/qml/ep/EpBetriebsmittelSection.qml:476: TypeError: Cannot read property 'textMuted' of undefined
17:35:10.942 [WRN] qrc:/qt/qml/stroemling/qml/ep/EpBetriebsmittelSection.qml:462: TypeError: Cannot read property 'inputBg' of undefined
17:35:10.942 [WRN] qrc:/qt/qml/stroemling/qml/ep/EpBetriebsmittelSection.qml:463: TypeError: Cannot read property 'border' of undefined
17:35:10.942 [WRN] qrc:/qt/qml/stroemling/qml/ep/EpBetriebsmittelSection.qml:476: TypeError: Cannot read property 'textMuted' of undefined
17:35:10.942 [WRN] qrc:/qt/qml/stroemling/qml/ep/EpBetriebsmittelSection.qml:462: TypeError: Cannot read property 'inputBg' of undefined
17:35:10.942 [WRN] qrc:/qt/qml/stroemling/qml/ep/EpBetriebsmittelSection.qml:463: TypeError: Cannot read property 'border' of undefined
17:35:10.942 [WRN] qrc:/qt/qml/stroemling/qml/ep/EpBetriebsmittelSection.qml:476: TypeError: Cannot read property 'textMuted' of undefined
17:35:10.942 [WRN] qrc:/qt/qml/stroemling/qml/ep/EpBetriebsmittelSection.qml:462: TypeError: Cannot read property 'inputBg' of undefined
17:35:10.942 [WRN] qrc:/qt/qml/stroemling/qml/ep/EpBetriebsmittelSection.qml:463: TypeError: Cannot read property 'border' of undefined
17:35:10.942 [WRN] qrc:/qt/qml/stroemling/qml/ep/EpBetriebsmittelSection.qml:476: TypeError: Cannot read property 'textMuted' of undefined
17:35:10.942 [WRN] qrc:/qt/qml/stroemling/qml/ep/EpBetriebsmittelSection.qml:51: TypeError: Cannot read property 'panelMid' of undefined
17:35:10.942 [WRN] qrc:/qt/qml/stroemling/qml/ep/EpBetriebsmittelSection.qml:560: TypeError: Cannot read property 'inputBg' of undefined
17:35:10.942 [WRN] qrc:/qt/qml/stroemling/qml/ep/EpBetriebsmittelSection.qml:568: TypeError: Cannot read property 'accent' of undefined
17:35:10.942 [WRN] qrc:/qt/qml/stroemling/qml/ep/EpBetriebsmittelSection.qml:561: TypeError: Cannot read property 'border' of undefined
17:35:10.942 [WRN] qrc:/qt/qml/stroemling/qml/ep/EpBetriebsmittelSection.qml:581: TypeError: Cannot read property 'inputBg' of undefined
17:35:10.942 [WRN] qrc:/qt/qml/stroemling/qml/ep/EpBetriebsmittelSection.qml:587: TypeError: Cannot read property 'textSecondary' of undefined
17:35:10.942 [WRN] qrc:/qt/qml/stroemling/qml/ep/EpBetriebsmittelSection.qml:582: TypeError: Cannot read property 'border' of undefined
17:35:10.942 [WRN] qrc:/qt/qml/stroemling/qml/ep/EpBetriebsmittelSection.qml:602: TypeError: Cannot read property 'inputBg' of undefined
17:35:10.942 [WRN] qrc:/qt/qml/stroemling/qml/ep/EpBetriebsmittelSection.qml:606: TypeError: Cannot read property 'accent' of undefined
17:35:10.942 [WRN] qrc:/qt/qml/stroemling/qml/ep/EpBetriebsmittelSection.qml:603: TypeError: Cannot read property 'border' of undefined
17:35:10.942 [WRN] qrc:/qt/qml/stroemling/qml/ep/EpBetriebsmittelSection.qml:620: TypeError: Cannot read property 'inputBg' of undefined
17:35:10.942 [WRN] qrc:/qt/qml/stroemling/qml/ep/EpBetriebsmittelSection.qml:626: TypeError: Cannot read property 'borderDark' of undefined
17:35:10.942 [WRN] qrc:/qt/qml/stroemling/qml/ep/EpBetriebsmittelSection.qml:622: TypeError: Cannot read property 'divider' of undefined
17:35:10.942 [WRN] qrc:/qt/qml/stroemling/qml/ep/EpBetriebsmittelSection.qml:51: TypeError: Cannot read property 'panelMid' of undefined
17:35:10.942 [WRN] qrc:/qt/qml/stroemling/qml/ep/EpBetriebsmittelSection.qml:560: TypeError: Cannot read property 'inputBg' of undefined
17:35:10.942 [WRN] qrc:/qt/qml/stroemling/qml/ep/EpBetriebsmittelSection.qml:568: TypeError: Cannot read property 'accent' of undefined
17:35:10.942 [WRN] qrc:/qt/qml/stroemling/qml/ep/EpBetriebsmittelSection.qml:561: TypeError: Cannot read property 'border' of undefined
17:35:10.942 [WRN] qrc:/qt/qml/stroemling/qml/ep/EpBetriebsmittelSection.qml:581: TypeError: Cannot read property 'inputBg' of undefined
17:35:10.942 [WRN] qrc:/qt/qml/stroemling/qml/ep/EpBetriebsmittelSection.qml:587: TypeError: Cannot read property 'textSecondary' of undefined
17:35:10.942 [WRN] qrc:/qt/qml/stroemling/qml/ep/EpBetriebsmittelSection.qml:582: TypeError: Cannot read property 'border' of undefined
17:35:10.942 [WRN] qrc:/qt/qml/stroemling/qml/ep/EpBetriebsmittelSection.qml:602: TypeError: Cannot read property 'inputBg' of undefined
17:35:10.942 [WRN] qrc:/qt/qml/stroemling/qml/ep/EpBetriebsmittelSection.qml:606: TypeError: Cannot read property 'borderDark' of undefined
17:35:10.942 [WRN] qrc:/qt/qml/stroemling/qml/ep/EpBetriebsmittelSection.qml:603: TypeError: Cannot read property 'divider' of undefined
17:35:10.942 [WRN] qrc:/qt/qml/stroemling/qml/ep/EpBetriebsmittelSection.qml:620: TypeError: Cannot read property 'inputBg' of undefined
17:35:10.942 [WRN] qrc:/qt/qml/stroemling/qml/ep/EpBetriebsmittelSection.qml:626: TypeError: Cannot read property 'accent' of undefined
17:35:10.942 [WRN] qrc:/qt/qml/stroemling/qml/ep/EpBetriebsmittelSection.qml:622: TypeError: Cannot read property 'border' of undefined
17:35:10.942 [WRN] qrc:/qt/qml/stroemling/qml/ep/EpBetriebsmittelSection.qml:756: TypeError: Cannot read property 'sidebar' of undefined
17:35:10.942 [WRN] qrc:/qt/qml/stroemling/qml/ep/EpBetriebsmittelSection.qml:757: TypeError: Cannot read property 'border' of undefined
17:35:10.942 [WRN] qrc:/qt/qml/stroemling/qml/ep/EpBetriebsmittelSection.qml:854: TypeError: Cannot read property 'inputBg' of undefined
17:35:10.942 [WRN] qrc:/qt/qml/stroemling/qml/ep/EpBetriebsmittelSection.qml:854: TypeError: Cannot read property 'border' of undefined
17:35:10.942 [WRN] qrc:/qt/qml/stroemling/qml/ep/EpBetriebsmittelSection.qml:862: TypeError: Cannot read property 'inputBg' of undefined
17:35:10.942 [WRN] qrc:/qt/qml/stroemling/qml/ep/EpBetriebsmittelSection.qml:862: TypeError: Cannot read property 'border' of undefined
17:35:10.942 [WRN] qrc:/qt/qml/stroemling/qml/components/MiniButton.qml:18: TypeError: Cannot read property 'inputBg' of undefined
17:35:10.943 [WRN] qrc:/qt/qml/stroemling/qml/components/MiniButton.qml:26: TypeError: Cannot read property 'textMuted' of undefined
17:35:10.943 [WRN] qrc:/qt/qml/stroemling/qml/components/MiniButton.qml:19: TypeError: Cannot read property 'border' of undefined
17:35:10.943 [WRN] qrc:/qt/qml/stroemling/qml/components/MiniButton.qml:18: TypeError: Cannot read property 'inputBg' of undefined
17:35:10.943 [WRN] qrc:/qt/qml/stroemling/qml/components/MiniButton.qml:26: TypeError: Cannot read property 'textMuted' of undefined
17:35:10.943 [WRN] qrc:/qt/qml/stroemling/qml/components/MiniButton.qml:19: TypeError: Cannot read property 'border' of undefined
17:35:10.943 [WRN] qrc:/qt/qml/stroemling/qml/components/MiniButton.qml:18: TypeError: Cannot read property 'inputBg' of undefined
17:35:10.943 [WRN] qrc:/qt/qml/stroemling/qml/components/MiniButton.qml:26: TypeError: Cannot read property 'textMuted' of undefined
17:35:10.943 [WRN] qrc:/qt/qml/stroemling/qml/components/MiniButton.qml:19: TypeError: Cannot read property 'border' of undefined
17:35:10.943 [WRN] qrc:/qt/qml/stroemling/qml/components/MiniButton.qml:18: TypeError: Cannot read property 'activeItemAlt' of undefined
17:35:10.943 [WRN] qrc:/qt/qml/stroemling/qml/components/MiniButton.qml:26: TypeError: Cannot read property 'accent' of undefined
17:35:10.943 [WRN] qrc:/qt/qml/stroemling/qml/components/MiniButton.qml:19: TypeError: Cannot read property 'accent' of undefined
17:35:10.943 [WRN] qrc:/qt/qml/stroemling/qml/ep/EpQuerverweisSection.qml:246: TypeError: Cannot read property 'textSecondary' of undefined
17:35:10.943 [WRN] qrc:/qt/qml/stroemling/qml/ep/EpQuerverweisSection.qml:240: TypeError: Cannot read property 'inputBg' of undefined
17:35:10.943 [WRN] qrc:/qt/qml/stroemling/qml/ep/EpQuerverweisSection.qml:241: TypeError: Cannot read property 'border' of undefined
17:35:10.943 [WRN] qrc:/qt/qml/stroemling/qml/ep/EpMakrokastenSection.qml:125: TypeError: Cannot read property 'textPrimary' of undefined
17:35:10.943 [WRN] qrc:/qt/qml/stroemling/qml/ep/EpMakrokastenSection.qml:129: TypeError: Cannot read property 'inputBg' of undefined
17:35:10.943 [WRN] qrc:/qt/qml/stroemling/qml/ep/EpMakrokastenSection.qml:130: TypeError: Cannot read property 'accent' of undefined
17:35:10.943 [WRN] qrc:/qt/qml/stroemling/qml/ep/EpMakrokastenSection.qml:154: TypeError: Cannot read property 'textPrimary' of undefined
17:35:10.943 [WRN] qrc:/qt/qml/stroemling/qml/ep/EpMakrokastenSection.qml:158: TypeError: Cannot read property 'inputBg' of undefined
17:35:10.943 [WRN] qrc:/qt/qml/stroemling/qml/ep/EpMakrokastenSection.qml:159: TypeError: Cannot read property 'border' of undefined
17:35:10.943 [WRN] qrc:/qt/qml/stroemling/qml/ep/EpKabelDefinitionSection.qml:220: TypeError: Cannot read property 'textPrimary' of undefined
17:35:10.943 [WRN] qrc:/qt/qml/stroemling/qml/ep/EpKabelDefinitionSection.qml:222: TypeError: Cannot read property 'inputBg' of undefined
17:35:10.943 [WRN] qrc:/qt/qml/stroemling/qml/ep/EpKabelDefinitionSection.qml:222: TypeError: Cannot read property 'border' of undefined
17:35:10.943 [WRN] qrc:/qt/qml/stroemling/qml/ep/EpKabelDefinitionSection.qml:232: TypeError: Cannot read property 'textMuted' of undefined
17:35:10.943 [WRN] qrc:/qt/qml/stroemling/qml/ep/EpKabelDefinitionSection.qml:321: TypeError: Cannot read property 'textMuted' of undefined
17:35:10.943 [WRN] qrc:/qt/qml/stroemling/qml/ep/EpKabelDefinitionSection.qml:325: TypeError: Cannot read property 'inputBg' of undefined
17:35:10.943 [WRN] qrc:/qt/qml/stroemling/qml/ep/EpKabelDefinitionSection.qml:326: TypeError: Cannot read property 'border' of undefined
17:35:10.943 [WRN] qrc:/qt/qml/stroemling/qml/components/MiniButton.qml:18: TypeError: Cannot read property 'inputBg' of undefined
17:35:10.943 [WRN] qrc:/qt/qml/stroemling/qml/components/MiniButton.qml:26: TypeError: Cannot read property 'textMuted' of undefined
17:35:10.943 [WRN] qrc:/qt/qml/stroemling/qml/components/MiniButton.qml:19: TypeError: Cannot read property 'border' of undefined
17:35:10.943 [WRN] qrc:/qt/qml/stroemling/qml/components/MiniButton.qml:18: TypeError: Cannot read property 'inputBg' of undefined
17:35:10.943 [WRN] qrc:/qt/qml/stroemling/qml/components/MiniButton.qml:26: TypeError: Cannot read property 'textMuted' of undefined
17:35:10.943 [WRN] qrc:/qt/qml/stroemling/qml/components/MiniButton.qml:19: TypeError: Cannot read property 'border' of undefined
17:35:10.943 [WRN] qrc:/qt/qml/stroemling/qml/components/MiniButton.qml:18: TypeError: Cannot read property 'inputBg' of undefined
17:35:10.943 [WRN] qrc:/qt/qml/stroemling/qml/components/MiniButton.qml:26: TypeError: Cannot read property 'textMuted' of undefined
17:35:10.943 [WRN] qrc:/qt/qml/stroemling/qml/components/MiniButton.qml:19: TypeError: Cannot read property 'border' of undefined
17:35:10.943 [WRN] qrc:/qt/qml/stroemling/qml/components/MiniButton.qml:18: TypeError: Cannot read property 'inputBg' of undefined
17:35:10.943 [WRN] qrc:/qt/qml/stroemling/qml/components/MiniButton.qml:26: TypeError: Cannot read property 'textMuted' of undefined
17:35:10.943 [WRN] qrc:/qt/qml/stroemling/qml/components/MiniButton.qml:19: TypeError: Cannot read property 'border' of undefined
17:35:10.943 [WRN] qrc:/qt/qml/stroemling/qml/Main.qml:240:9: Unable to assign [undefined] to Qt::ShortcutContext
17:35:10.943 [WRN] qrc:/qt/qml/stroemling/qml/Main.qml:246:9: Unable to assign [undefined] to Qt::ShortcutContext
17:35:10.943 [WRN] qrc:/qt/qml/stroemling/qml/Main.qml:252:9: Unable to assign [undefined] to Qt::ShortcutContext
17:35:10.943 [WRN] qrc:/qt/qml/stroemling/qml/ep/EpVerbindungSection.qml:28: TypeError: Cannot read property 'borderLight' of undefined
17:35:10.943 [WRN] qrc:/qt/qml/stroemling/qml/ep/EpVerbindungSection.qml:37: TypeError: Cannot read property 'panelMid' of undefined
17:35:10.943 [WRN] qrc:/qt/qml/stroemling/qml/ep/EpVerbindungSection.qml:64: TypeError: Cannot read property 'border' of undefined
17:35:10.943 [WRN] qrc:/qt/qml/stroemling/qml/ep/EpVerbindungSection.qml:82: TypeError: Cannot read property 'panelMid' of undefined
17:35:10.943 [WRN] qrc:/qt/qml/stroemling/qml/ep/EpVerbindungSection.qml:88: TypeError: Cannot read property 'inputBg' of undefined
17:35:10.943 [WRN] qrc:/qt/qml/stroemling/qml/ep/EpVerbindungSection.qml:93: TypeError: Cannot read property 'textSecondary' of undefined
17:35:10.943 [WRN] qrc:/qt/qml/stroemling/qml/ep/EpVerbindungSection.qml:89: TypeError: Cannot read property 'border' of undefined
17:35:10.943 [WRN] qrc:/qt/qml/stroemling/qml/ep/EpVerbindungSection.qml:108: TypeError: Cannot read property 'inputBg' of undefined
17:35:10.943 [WRN] qrc:/qt/qml/stroemling/qml/ep/EpVerbindungSection.qml:112: TypeError: Cannot read property 'accent' of undefined
17:35:10.943 [WRN] qrc:/qt/qml/stroemling/qml/ep/EpVerbindungSection.qml:109: TypeError: Cannot read property 'border' of undefined
17:35:10.943 [WRN] qrc:/qt/qml/stroemling/qml/ep/EpVerbindungSection.qml:37: TypeError: Cannot read property 'panelMid' of undefined
17:35:10.943 [WRN] qrc:/qt/qml/stroemling/qml/ep/EpVerbindungSection.qml:18: TypeError: Cannot read property 'border' of undefined
17:35:10.943 [WRN] qrc:/qt/qml/stroemling/qml/ep/EpStilSection.qml:21: TypeError: Cannot read property 'borderLight' of undefined
17:35:10.943 [WRN] qrc:/qt/qml/stroemling/qml/ep/EpStilSection.qml:30: TypeError: Cannot read property 'panelMid' of undefined
17:35:10.943 [WRN] qrc:/qt/qml/stroemling/qml/ep/EpStilSection.qml:104: TypeError: Cannot read property 'accent' of undefined
17:35:10.943 [WRN] qrc:/qt/qml/stroemling/qml/ep/EpStilSection.qml:30: TypeError: Cannot read property 'panelMid' of undefined
17:35:10.943 [WRN] qrc:/qt/qml/stroemling/qml/ep/EpStilSection.qml:30: TypeError: Cannot read property 'panelMid' of undefined
17:35:10.943 [WRN] qrc:/qt/qml/stroemling/qml/ep/EpStilSection.qml:57: TypeError: Cannot read property 'inputBg' of undefined
17:35:10.943 [WRN] qrc:/qt/qml/stroemling/qml/ep/EpStilSection.qml:60: TypeError: Cannot read property 'accent' of undefined
17:35:10.943 [WRN] qrc:/qt/qml/stroemling/qml/ep/EpStilSection.qml:58: TypeError: Cannot read property 'border' of undefined
17:35:10.943 [WRN] qrc:/qt/qml/stroemling/qml/ep/EpStilSection.qml:69: TypeError: Cannot read property 'inputBg' of undefined
17:35:10.943 [WRN] qrc:/qt/qml/stroemling/qml/ep/EpStilSection.qml:70: TypeError: Cannot read property 'textSecondary' of undefined
17:35:10.943 [WRN] qrc:/qt/qml/stroemling/qml/ep/EpStilSection.qml:69: TypeError: Cannot read property 'border' of undefined
17:35:10.943 [WRN] qrc:/qt/qml/stroemling/qml/ep/EpStilSection.qml:75: TypeError: Cannot read property 'inputBg' of undefined
17:35:10.943 [WRN] qrc:/qt/qml/stroemling/qml/ep/EpStilSection.qml:78: TypeError: Cannot read property 'accent' of undefined
17:35:10.943 [WRN] qrc:/qt/qml/stroemling/qml/ep/EpStilSection.qml:76: TypeError: Cannot read property 'border' of undefined
17:35:10.943 [WRN] qrc:/qt/qml/stroemling/qml/ep/EpStilSection.qml:30: TypeError: Cannot read property 'panelMid' of undefined
17:35:10.943 [WRN] qrc:/qt/qml/stroemling/qml/ep/EpStilSection.qml:186: TypeError: Cannot read property 'panelMid' of undefined
17:35:10.943 [WRN] qrc:/qt/qml/stroemling/qml/ep/EpStilSection.qml:193: TypeError: Cannot read property 'inputBg' of undefined
17:35:10.943 [WRN] qrc:/qt/qml/stroemling/qml/ep/EpStilSection.qml:198: TypeError: Cannot read property 'textSecondary' of undefined
17:35:10.943 [WRN] qrc:/qt/qml/stroemling/qml/ep/EpStilSection.qml:193: TypeError: Cannot read property 'border' of undefined
17:35:10.943 [WRN] qrc:/qt/qml/stroemling/qml/ep/EpStilSection.qml:212: TypeError: Cannot read property 'borderLight' of undefined
17:35:10.943 [WRN] qrc:/qt/qml/stroemling/qml/ep/EpFuellungSection.qml:19: TypeError: Cannot read property 'border' of undefined
17:35:10.943 [WRN] qrc:/qt/qml/stroemling/qml/ep/EpFuellungSection.qml:29: TypeError: Cannot read property 'borderLight' of undefined
17:35:10.943 [WRN] qrc:/qt/qml/stroemling/qml/ep/EpFuellungSection.qml:53: TypeError: Cannot read property 'inputBg' of undefined
17:35:10.943 [WRN] qrc:/qt/qml/stroemling/qml/ep/EpFuellungSection.qml:54: TypeError: Cannot read property 'border' of undefined
17:35:10.943 [WRN] qrc:/qt/qml/stroemling/qml/ep/EpFuellungSection.qml:64: TypeError: Cannot read property 'textMuted' of undefined
17:35:10.943 [WRN] qrc:/qt/qml/stroemling/qml/ep/EpFuellungSection.qml:38: TypeError: Cannot read property 'panelMid' of undefined
17:35:10.943 [WRN] qrc:/qt/qml/stroemling/qml/ep/EpFuellungSection.qml:80: TypeError: Cannot read property 'activeItemAlt' of undefined
17:35:10.943 [WRN] qrc:/qt/qml/stroemling/qml/ep/EpFuellungSection.qml:90: TypeError: Cannot read property 'panelMid' of undefined
17:35:10.943 [WRN] qrc:/qt/qml/stroemling/qml/ep/EpFuellungSection.qml:97: TypeError: Cannot read property 'inputBg' of undefined
17:35:10.943 [WRN] qrc:/qt/qml/stroemling/qml/ep/EpFuellungSection.qml:102: TypeError: Cannot read property 'textSecondary' of undefined
17:35:10.943 [WRN] qrc:/qt/qml/stroemling/qml/ep/EpFuellungSection.qml:97: TypeError: Cannot read property 'border' of undefined
17:35:10.943 [WRN] qrc:/qt/qml/stroemling/qml/ep/EpFuellungSection.qml:116: TypeError: Cannot read property 'borderLight' of undefined
17:35:10.943 [WRN] qrc:/qt/qml/stroemling/qml/ep/EpFormSection.qml:17: TypeError: Cannot read property 'border' of undefined
17:35:10.943 [WRN] qrc:/qt/qml/stroemling/qml/ep/EpFormSection.qml:27: TypeError: Cannot read property 'borderLight' of undefined
17:35:10.943 [WRN] qrc:/qt/qml/stroemling/qml/ep/EpFormSection.qml:36: TypeError: Cannot read property 'panelMid' of undefined
17:35:10.943 [WRN] qrc:/qt/qml/stroemling/qml/ep/EpMehrfachauswahlSection.qml:16: TypeError: Cannot read property 'elementeModel' of undefined
17:35:10.943 [WRN] qrc:/qt/qml/stroemling/qml/ep/EpMehrfachauswahlSection.qml:33: TypeError: Cannot read property 'border' of undefined
17:35:10.943 [WRN] qrc:/qt/qml/stroemling/qml/ep/EpMehrfachauswahlSection.qml:43: TypeError: Cannot read property 'borderLight' of undefined
17:35:10.943 [WRN] qrc:/qt/qml/stroemling/qml/ep/EpMehrfachauswahlSection.qml:52: TypeError: Cannot read property 'panelMid' of undefined
17:35:10.943 [WRN] qrc:/qt/qml/stroemling/qml/ep/EpMehrfachauswahlSection.qml:52: TypeError: Cannot read property 'panelMid' of undefined
17:35:10.943 [WRN] qrc:/qt/qml/stroemling/qml/components/MiniButton.qml:18: TypeError: Cannot read property 'inputBg' of undefined
17:35:10.943 [WRN] qrc:/qt/qml/stroemling/qml/components/MiniButton.qml:26: TypeError: Cannot read property 'textMuted' of undefined
17:35:10.943 [WRN] qrc:/qt/qml/stroemling/qml/components/MiniButton.qml:19: TypeError: Cannot read property 'border' of undefined
17:35:10.943 [WRN] qrc:/qt/qml/stroemling/qml/components/MiniButton.qml:18: TypeError: Cannot read property 'inputBg' of undefined
17:35:10.943 [WRN] qrc:/qt/qml/stroemling/qml/components/MiniButton.qml:26: TypeError: Cannot read property 'textMuted' of undefined
17:35:10.943 [WRN] qrc:/qt/qml/stroemling/qml/components/MiniButton.qml:19: TypeError: Cannot read property 'border' of undefined
17:35:10.943 [WRN] qrc:/qt/qml/stroemling/qml/components/MiniButton.qml:18: TypeError: Cannot read property 'inputBg' of undefined
17:35:10.943 [WRN] qrc:/qt/qml/stroemling/qml/components/MiniButton.qml:26: TypeError: Cannot read property 'textMuted' of undefined
17:35:10.943 [WRN] qrc:/qt/qml/stroemling/qml/components/MiniButton.qml:19: TypeError: Cannot read property 'border' of undefined
17:35:10.943 [WRN] qrc:/qt/qml/stroemling/qml/ep/EpSymbolSection.qml:18: TypeError: Cannot read property 'border' of undefined
17:35:10.943 [WRN] qrc:/qt/qml/stroemling/qml/ep/EpSymbolSection.qml:28: TypeError: Cannot read property 'borderLight' of undefined
17:35:10.943 [WRN] qrc:/qt/qml/stroemling/qml/ep/EpSymbolSection.qml:37: TypeError: Cannot read property 'panelMid' of undefined
17:35:10.944 [WRN] qrc:/qt/qml/stroemling/qml/ep/EpSymbolSection.qml:37: TypeError: Cannot read property 'panelMid' of undefined
17:35:10.944 [WRN] qrc:/qt/qml/stroemling/qml/components/MiniButton.qml:18: TypeError: Cannot read property 'inputBg' of undefined
17:35:10.944 [WRN] qrc:/qt/qml/stroemling/qml/components/MiniButton.qml:26: TypeError: Cannot read property 'textMuted' of undefined
17:35:10.944 [WRN] qrc:/qt/qml/stroemling/qml/components/MiniButton.qml:19: TypeError: Cannot read property 'border' of undefined
17:35:10.944 [WRN] qrc:/qt/qml/stroemling/qml/components/MiniButton.qml:18: TypeError: Cannot read property 'inputBg' of undefined
17:35:10.944 [WRN] qrc:/qt/qml/stroemling/qml/components/MiniButton.qml:26: TypeError: Cannot read property 'textMuted' of undefined
17:35:10.944 [WRN] qrc:/qt/qml/stroemling/qml/components/MiniButton.qml:19: TypeError: Cannot read property 'border' of undefined
17:35:10.944 [WRN] qrc:/qt/qml/stroemling/qml/ep/EpAderdefinitionSection.qml:25: TypeError: Cannot read property 'border' of undefined
17:35:10.944 [WRN] qrc:/qt/qml/stroemling/qml/ep/EpAderdefinitionSection.qml:35: TypeError: Cannot read property 'borderLight' of undefined
17:35:10.944 [WRN] qrc:/qt/qml/stroemling/qml/ep/EpAderdefinitionSection.qml:44: TypeError: Cannot read property 'panelMid' of undefined
17:35:10.944 [WRN] qrc:/qt/qml/stroemling/qml/components/MiniButton.qml:18: TypeError: Cannot read property 'activeItemAlt' of undefined
17:35:10.944 [WRN] qrc:/qt/qml/stroemling/qml/components/MiniButton.qml:26: TypeError: Cannot read property 'accent' of undefined
17:35:10.944 [WRN] qrc:/qt/qml/stroemling/qml/components/MiniButton.qml:19: TypeError: Cannot read property 'accent' of undefined
17:35:10.944 [WRN] qrc:/qt/qml/stroemling/qml/components/MiniButton.qml:18: TypeError: Cannot read property 'inputBg' of undefined
17:35:10.944 [WRN] qrc:/qt/qml/stroemling/qml/components/MiniButton.qml:26: TypeError: Cannot read property 'textMuted' of undefined
17:35:10.944 [WRN] qrc:/qt/qml/stroemling/qml/components/MiniButton.qml:19: TypeError: Cannot read property 'border' of undefined
17:35:10.944 [WRN] qrc:/qt/qml/stroemling/qml/components/InputField.qml:37: TypeError: Cannot read property 'panelMid' of undefined
17:35:10.944 [WRN] qrc:/qt/qml/stroemling/qml/components/InputField.qml:49: TypeError: Cannot read property 'inputBg' of undefined
17:35:10.944 [WRN] qrc:/qt/qml/stroemling/qml/components/InputField.qml:56: TypeError: Cannot read property 'textSecondary' of undefined
17:35:10.944 [WRN] qrc:/qt/qml/stroemling/qml/components/InputField.qml:50: TypeError: Cannot read property 'border' of undefined
17:35:10.944 [WRN] qrc:/qt/qml/stroemling/qml/ep/EpAderdefinitionSection.qml:44: TypeError: Cannot read property 'panelMid' of undefined
17:35:10.944 [WRN] qrc:/qt/qml/stroemling/qml/ep/EpAderdefinitionSection.qml:44: TypeError: Cannot read property 'panelMid' of undefined
17:35:10.944 [WRN] qrc:/qt/qml/stroemling/qml/components/InputField.qml:37: TypeError: Cannot read property 'panelMid' of undefined
17:35:10.944 [WRN] qrc:/qt/qml/stroemling/qml/components/InputField.qml:49: TypeError: Cannot read property 'inputBg' of undefined
17:35:10.944 [WRN] qrc:/qt/qml/stroemling/qml/components/InputField.qml:56: TypeError: Cannot read property 'textSecondary' of undefined
17:35:10.944 [WRN] qrc:/qt/qml/stroemling/qml/components/InputField.qml:50: TypeError: Cannot read property 'border' of undefined
17:35:10.944 [WRN] qrc:/qt/qml/stroemling/qml/ep/EpKlemmenAnschlussSection.qml:25: TypeError: Cannot read property 'border' of undefined
17:35:10.944 [WRN] qrc:/qt/qml/stroemling/qml/ep/EpKlemmenAnschlussSection.qml:35: TypeError: Cannot read property 'borderLight' of undefined
17:35:10.944 [WRN] qrc:/qt/qml/stroemling/qml/ep/EpKlemmenAnschlussSection.qml:63: TypeError: Cannot read property 'accent' of undefined
17:35:10.944 [WRN] qrc:/qt/qml/stroemling/qml/ep/EpKlemmenAnschlussSection.qml:69: TypeError: Cannot read property 'badge' of undefined
17:35:10.944 [WRN] qrc:/qt/qml/stroemling/qml/ep/EpKlemmenAnschlussSection.qml:74: TypeError: Cannot read property 'accent' of undefined
17:35:10.944 [WRN] qrc:/qt/qml/stroemling/qml/ep/EpKlemmenAnschlussSection.qml:81: TypeError: Cannot read property 'textMuted' of undefined
17:35:10.944 [WRN] qrc:/qt/qml/stroemling/qml/ep/EpKlemmenAnschlussSection.qml:98: TypeError: Cannot read property 'textSubtle' of undefined
17:35:10.944 [WRN] qrc:/qt/qml/stroemling/qml/components/InputField.qml:37: TypeError: Cannot read property 'panelMid' of undefined
17:35:10.944 [WRN] qrc:/qt/qml/stroemling/qml/components/InputField.qml:49: TypeError: Cannot read property 'inputBg' of undefined
17:35:10.944 [WRN] qrc:/qt/qml/stroemling/qml/components/InputField.qml:56: TypeError: Cannot read property 'textSecondary' of undefined
17:35:10.944 [WRN] qrc:/qt/qml/stroemling/qml/components/InputField.qml:50: TypeError: Cannot read property 'border' of undefined
17:35:10.944 [WRN] qrc:/qt/qml/stroemling/qml/ep/EpKlemmenAnschlussSection.qml:25: TypeError: Cannot read property 'border' of undefined
17:35:10.944 [WRN] qrc:/qt/qml/stroemling/qml/ep/EpKlemmenAnschlussSection.qml:35: TypeError: Cannot read property 'borderLight' of undefined
17:35:10.944 [WRN] qrc:/qt/qml/stroemling/qml/ep/EpKlemmenAnschlussSection.qml:44: TypeError: Cannot read property 'panelMid' of undefined
17:35:10.944 [WRN] qrc:/qt/qml/stroemling/qml/ep/EpKlemmenAnschlussSection.qml:136: TypeError: Cannot read property 'textSecondary' of undefined
17:35:10.944 [WRN] qrc:/qt/qml/stroemling/qml/ep/EpKlemmenAnschlussSection.qml:44: TypeError: Cannot read property 'panelMid' of undefined
17:35:10.944 [WRN] qrc:/qt/qml/stroemling/qml/ep/EpKlemmenAnschlussSection.qml:146: TypeError: Cannot read property 'textSecondary' of undefined
17:35:10.944 [WRN] qrc:/qt/qml/stroemling/qml/ep/EpKlemmenAnschlussSection.qml:157: TypeError: Cannot read property 'textMuted' of undefined
17:35:10.944 [WRN] qrc:/qt/qml/stroemling/qml/ep/EpKlemmenAnschlussSection.qml:160: TypeError: Cannot read property 'textSecondary' of undefined
17:35:10.944 [WRN] qrc:/qt/qml/stroemling/qml/ep/EpKlemmenAnschlussSection.qml:44: TypeError: Cannot read property 'panelMid' of undefined
17:35:10.944 [WRN] qrc:/qt/qml/stroemling/qml/ep/EpKlemmenAnschlussSection.qml:25: TypeError: Cannot read property 'border' of undefined
17:35:10.944 [WRN] qrc:/qt/qml/stroemling/qml/ep/EpKlemmenAnschlussSection.qml:35: TypeError: Cannot read property 'borderLight' of undefined
17:35:10.944 [WRN] qrc:/qt/qml/stroemling/qml/ep/EpKlemmenAnschlussSection.qml:239: TypeError: Cannot read property 'accent' of undefined
17:35:10.944 [WRN] qrc:/qt/qml/stroemling/qml/ep/EpSteckverbinderSection.qml:19: TypeError: Cannot read property 'border' of undefined
17:35:10.944 [WRN] qrc:/qt/qml/stroemling/qml/ep/EpSteckverbinderSection.qml:29: TypeError: Cannot read property 'borderLight' of undefined
17:35:10.944 [WRN] qrc:/qt/qml/stroemling/qml/ep/EpSteckverbinderSection.qml:38: TypeError: Cannot read property 'panelMid' of undefined
17:35:10.944 [WRN] qrc:/qt/qml/stroemling/qml/ep/EpSteckverbinderSection.qml:38: TypeError: Cannot read property 'panelMid' of undefined
17:35:10.944 [WRN] qrc:/qt/qml/stroemling/qml/ep/EpSteckverbinderSection.qml:87: TypeError: Cannot read property 'textPrimary' of undefined
17:35:10.944 [WRN] qrc:/qt/qml/stroemling/qml/ep/EpSteckverbinderSection.qml:100: TypeError: Cannot read property 'textSecondary' of undefined
17:35:10.944 [WRN] qrc:/qt/qml/stroemling/qml/ep/EpSteckverbinderSection.qml:109: TypeError: Cannot read property 'textPrimary' of undefined
17:35:10.944 [WRN] qrc:/qt/qml/stroemling/qml/ep/EpSteckverbinderSection.qml:38: TypeError: Cannot read property 'panelMid' of undefined
17:35:10.944 [WRN] qrc:/qt/qml/stroemling/qml/ep/EpSteckverbinderSection.qml:130: TypeError: Cannot read property 'textPrimary' of undefined
17:35:10.944 [WRN] qrc:/qt/qml/stroemling/qml/ep/EpBildSection.qml:17: TypeError: Cannot read property 'border' of undefined
17:35:10.944 [WRN] qrc:/qt/qml/stroemling/qml/ep/EpBildSection.qml:27: TypeError: Cannot read property 'borderLight' of undefined
17:35:10.944 [WRN] qrc:/qt/qml/stroemling/qml/ep/EpBildSection.qml:36: TypeError: Cannot read property 'panelMid' of undefined
17:35:10.944 [WRN] qrc:/qt/qml/stroemling/qml/ep/EpBildSection.qml:72: TypeError: Cannot read property 'panelMid' of undefined
17:35:10.944 [WRN] qrc:/qt/qml/stroemling/qml/ep/EpBildSection.qml:79: TypeError: Cannot read property 'inputBg' of undefined
17:35:10.944 [WRN] qrc:/qt/qml/stroemling/qml/ep/EpBildSection.qml:84: TypeError: Cannot read property 'textSecondary' of undefined
17:35:10.944 [WRN] qrc:/qt/qml/stroemling/qml/ep/EpBildSection.qml:79: TypeError: Cannot read property 'border' of undefined
17:35:10.944 [WRN] qrc:/qt/qml/stroemling/qml/ep/EpBildSection.qml:102: TypeError: Cannot read property 'borderLight' of undefined
17:35:10.944 [WRN] qrc:/qt/qml/stroemling/qml/ep/EpBildSection.qml:36: TypeError: Cannot read property 'panelMid' of undefined
17:35:10.944 [WRN] qrc:/qt/qml/stroemling/qml/components/MiniButton.qml:18: TypeError: Cannot read property 'inputBg' of undefined
17:35:10.944 [WRN] qrc:/qt/qml/stroemling/qml/components/MiniButton.qml:26: TypeError: Cannot read property 'textMuted' of undefined
17:35:10.944 [WRN] qrc:/qt/qml/stroemling/qml/components/MiniButton.qml:19: TypeError: Cannot read property 'border' of undefined
17:35:10.944 [WRN] qrc:/qt/qml/stroemling/qml/components/MiniButton.qml:18: TypeError: Cannot read property 'inputBg' of undefined
17:35:10.944 [WRN] qrc:/qt/qml/stroemling/qml/components/MiniButton.qml:26: TypeError: Cannot read property 'textMuted' of undefined
17:35:10.944 [WRN] qrc:/qt/qml/stroemling/qml/components/MiniButton.qml:19: TypeError: Cannot read property 'border' of undefined
17:35:10.944 [WRN] qrc:/qt/qml/stroemling/qml/ep/EpBildSection.qml:17: TypeError: Cannot read property 'border' of undefined
17:35:10.944 [WRN] qrc:/qt/qml/stroemling/qml/ep/EpBildSection.qml:27: TypeError: Cannot read property 'borderLight' of undefined
17:35:10.944 [WRN] qrc:/qt/qml/stroemling/qml/ep/EpBildSection.qml:134: TypeError: Cannot read property 'inputBg' of undefined
17:35:10.944 [WRN] qrc:/qt/qml/stroemling/qml/ep/EpBildSection.qml:135: TypeError: Cannot read property 'border' of undefined
17:35:10.944 [WRN] qrc:/qt/qml/stroemling/qml/ep/EpBildSection.qml:142: TypeError: Cannot read property 'textMuted' of undefined
17:35:10.944 [WRN] qrc:/qt/qml/stroemling/qml/ep/EpBildSection.qml:17: TypeError: Cannot read property 'border' of undefined
17:35:10.944 [WRN] qrc:/qt/qml/stroemling/qml/ep/EpBildSection.qml:27: TypeError: Cannot read property 'borderLight' of undefined
17:35:10.944 [WRN] qrc:/qt/qml/stroemling/qml/ep/EpBildSection.qml:153: TypeError: Cannot read property 'panelMid' of undefined
17:35:10.944 [WRN] qrc:/qt/qml/stroemling/qml/ep/EpBildSection.qml:157: TypeError: Cannot read property 'inputBg' of undefined
17:35:10.944 [WRN] qrc:/qt/qml/stroemling/qml/ep/EpBildSection.qml:158: TypeError: Cannot read property 'accent' of undefined
17:35:10.944 [WRN] qrc:/qt/qml/stroemling/qml/ep/EpBildSection.qml:157: TypeError: Cannot read property 'border' of undefined
17:35:10.944 [WRN] qrc:/qt/qml/stroemling/qml/ep/EpBildSection.qml:171: TypeError: Cannot read property 'panelMid' of undefined
17:35:10.944 [WRN] qrc:/qt/qml/stroemling/qml/ep/EpBildSection.qml:175: TypeError: Cannot read property 'inputBg' of undefined
17:35:10.944 [WRN] qrc:/qt/qml/stroemling/qml/ep/EpBildSection.qml:176: TypeError: Cannot read property 'accent' of undefined
17:35:10.944 [WRN] qrc:/qt/qml/stroemling/qml/ep/EpBildSection.qml:175: TypeError: Cannot read property 'border' of undefined
17:35:10.944 [WRN] qrc:/qt/qml/stroemling/qml/ep/EpBildSection.qml:189: TypeError: Cannot read property 'panelMid' of undefined
17:35:10.944 [WRN] qrc:/qt/qml/stroemling/qml/ep/EpBildSection.qml:193: TypeError: Cannot read property 'inputBg' of undefined
17:35:10.944 [WRN] qrc:/qt/qml/stroemling/qml/ep/EpBildSection.qml:194: TypeError: Cannot read property 'accent' of undefined
17:35:10.944 [WRN] qrc:/qt/qml/stroemling/qml/ep/EpBildSection.qml:193: TypeError: Cannot read property 'border' of undefined
17:35:10.944 [WRN] qrc:/qt/qml/stroemling/qml/ep/EpBildSection.qml:207: TypeError: Cannot read property 'panelMid' of undefined
17:35:10.944 [WRN] qrc:/qt/qml/stroemling/qml/ep/EpBildSection.qml:211: TypeError: Cannot read property 'inputBg' of undefined
17:35:10.944 [WRN] qrc:/qt/qml/stroemling/qml/ep/EpBildSection.qml:212: TypeError: Cannot read property 'accent' of undefined
17:35:10.944 [WRN] qrc:/qt/qml/stroemling/qml/ep/EpBildSection.qml:211: TypeError: Cannot read property 'border' of undefined
17:35:10.944 [WRN] qrc:/qt/qml/stroemling/qml/ep/EpTextInhaltSection.qml:17: TypeError: Cannot read property 'border' of undefined
17:35:10.944 [WRN] qrc:/qt/qml/stroemling/qml/ep/EpTextInhaltSection.qml:27: TypeError: Cannot read property 'borderLight' of undefined
17:35:10.944 [WRN] qrc:/qt/qml/stroemling/qml/ep/EpTextInhaltSection.qml:36: TypeError: Cannot read property 'panelMid' of undefined
17:35:10.944 [WRN] qrc:/qt/qml/stroemling/qml/ep/EpTextInhaltSection.qml:52: TypeError: Cannot read property 'inputBg' of undefined
17:35:10.944 [WRN] qrc:/qt/qml/stroemling/qml/ep/EpTextInhaltSection.qml:58: TypeError: Cannot read property 'textSecondary' of undefined
17:35:10.944 [WRN] qrc:/qt/qml/stroemling/qml/ep/EpTextInhaltSection.qml:53: TypeError: Cannot read property 'border' of undefined
17:35:10.944 [WRN] qrc:/qt/qml/stroemling/qml/ep/EpTextInhaltSection.qml:36: TypeError: Cannot read property 'panelMid' of undefined
17:35:10.944 [WRN] qrc:/qt/qml/stroemling/qml/ep/EpTextInhaltSection.qml:108: TypeError: Cannot read property 'inputBg' of undefined
17:35:10.944 [WRN] qrc:/qt/qml/stroemling/qml/ep/EpTextInhaltSection.qml:109: TypeError: Cannot read property 'border' of undefined
17:35:10.944 [WRN] qrc:/qt/qml/stroemling/qml/ep/EpTextInhaltSection.qml:116: TypeError: Cannot read property 'textMuted' of undefined
17:35:10.944 [WRN] qrc:/qt/qml/stroemling/qml/ep/EpTextInhaltSection.qml:36: TypeError: Cannot read property 'panelMid' of undefined
17:35:10.945 [WRN] qrc:/qt/qml/stroemling/qml/components/MiniButton.qml:18: TypeError: Cannot read property 'activeItemAlt' of undefined
17:35:10.945 [WRN] qrc:/qt/qml/stroemling/qml/components/MiniButton.qml:26: TypeError: Cannot read property 'accent' of undefined
17:35:10.945 [WRN] qrc:/qt/qml/stroemling/qml/components/MiniButton.qml:19: TypeError: Cannot read property 'accent' of undefined
17:35:10.945 [WRN] qrc:/qt/qml/stroemling/qml/components/MiniButton.qml:18: TypeError: Cannot read property 'inputBg' of undefined
17:35:10.945 [WRN] qrc:/qt/qml/stroemling/qml/components/MiniButton.qml:26: TypeError: Cannot read property 'textMuted' of undefined
17:35:10.945 [WRN] qrc:/qt/qml/stroemling/qml/components/MiniButton.qml:19: TypeError: Cannot read property 'border' of undefined
17:35:10.945 [WRN] qrc:/qt/qml/stroemling/qml/ep/EpTextInhaltSection.qml:17: TypeError: Cannot read property 'border' of undefined
17:35:10.945 [WRN] qrc:/qt/qml/stroemling/qml/ep/EpTextInhaltSection.qml:27: TypeError: Cannot read property 'borderLight' of undefined
17:35:10.945 [WRN] qrc:/qt/qml/stroemling/qml/ep/EpTextInhaltSection.qml:147: TypeError: Cannot read property 'inputBg' of undefined
17:35:10.945 [WRN] qrc:/qt/qml/stroemling/qml/ep/EpTextInhaltSection.qml:148: TypeError: Cannot read property 'border' of undefined
17:35:10.945 [WRN] qrc:/qt/qml/stroemling/qml/ep/EpTextInhaltSection.qml:154: TypeError: Cannot read property 'textMuted' of undefined
17:35:10.945 [WRN] qrc:/qt/qml/stroemling/qml/ep/EpTextInhaltSection.qml:17: TypeError: Cannot read property 'border' of undefined
17:35:10.945 [WRN] qrc:/qt/qml/stroemling/qml/ep/EpTextInhaltSection.qml:27: TypeError: Cannot read property 'borderLight' of undefined
17:35:10.945 [WRN] qrc:/qt/qml/stroemling/qml/ep/EpTextInhaltSection.qml:36: TypeError: Cannot read property 'panelMid' of undefined
17:35:10.945 [WRN] qrc:/qt/qml/stroemling/qml/components/MiniButton.qml:18: TypeError: Cannot read property 'inputBg' of undefined
17:35:10.945 [WRN] qrc:/qt/qml/stroemling/qml/components/MiniButton.qml:26: TypeError: Cannot read property 'textMuted' of undefined
17:35:10.945 [WRN] qrc:/qt/qml/stroemling/qml/components/MiniButton.qml:19: TypeError: Cannot read property 'border' of undefined
17:35:10.945 [WRN] qrc:/qt/qml/stroemling/qml/ep/EpNotizSection.qml:17: TypeError: Cannot read property 'border' of undefined
17:35:10.945 [WRN] qrc:/qt/qml/stroemling/qml/ep/EpNotizSection.qml:27: TypeError: Cannot read property 'borderLight' of undefined
17:35:10.945 [WRN] qrc:/qt/qml/stroemling/qml/ep/EpNotizSection.qml:36: TypeError: Cannot read property 'panelMid' of undefined
17:35:10.945 [WRN] qrc:/qt/qml/stroemling/qml/ep/EpNotizSection.qml:52: TypeError: Cannot read property 'inputBg' of undefined
17:35:10.945 [WRN] qrc:/qt/qml/stroemling/qml/ep/EpNotizSection.qml:57: TypeError: Cannot read property 'textSecondary' of undefined
17:35:10.945 [WRN] qrc:/qt/qml/stroemling/qml/ep/EpNotizSection.qml:53: TypeError: Cannot read property 'border' of undefined
17:35:10.945 [WRN] qrc:/qt/qml/stroemling/qml/ep/EpNotizSection.qml:36: TypeError: Cannot read property 'panelMid' of undefined
17:35:10.945 [WRN] qrc:/qt/qml/stroemling/qml/ep/EpNotizSection.qml:17: TypeError: Cannot read property 'border' of undefined
17:35:10.945 [WRN] qrc:/qt/qml/stroemling/qml/ep/EpNotizSection.qml:27: TypeError: Cannot read property 'borderLight' of undefined
17:35:10.945 [WRN] qrc:/qt/qml/stroemling/qml/ep/EpNotizSection.qml:36: TypeError: Cannot read property 'panelMid' of undefined
17:35:10.945 [WRN] qrc:/qt/qml/stroemling/qml/components/MiniButton.qml:18: TypeError: Cannot read property 'inputBg' of undefined
17:35:10.945 [WRN] qrc:/qt/qml/stroemling/qml/components/MiniButton.qml:26: TypeError: Cannot read property 'textMuted' of undefined
17:35:10.945 [WRN] qrc:/qt/qml/stroemling/qml/components/MiniButton.qml:19: TypeError: Cannot read property 'border' of undefined
17:35:10.945 [WRN] qrc:/qt/qml/stroemling/qml/ep/EpMasseSection.qml:17: TypeError: Cannot read property 'border' of undefined
17:35:10.945 [WRN] qrc:/qt/qml/stroemling/qml/ep/EpMasseSection.qml:27: TypeError: Cannot read property 'borderLight' of undefined
17:35:10.945 [WRN] qrc:/qt/qml/stroemling/qml/components/MassField.qml:21: TypeError: Cannot read property 'borderLight' of undefined
17:35:10.945 [WRN] qrc:/qt/qml/stroemling/qml/components/MassField.qml:25: TypeError: Cannot read property 'inputBg' of undefined
17:35:10.945 [WRN] qrc:/qt/qml/stroemling/qml/components/MassField.qml:31: TypeError: Cannot read property 'textSecondary' of undefined
17:35:10.945 [WRN] qrc:/qt/qml/stroemling/qml/components/MassField.qml:25: TypeError: Cannot read property 'border' of undefined
17:35:10.945 [WRN] qrc:/qt/qml/stroemling/qml/components/MassField.qml:48: TypeError: Cannot read property 'borderLight' of undefined
17:35:10.945 [WRN] qrc:/qt/qml/stroemling/qml/components/MassField.qml:21: TypeError: Cannot read property 'borderLight' of undefined
17:35:10.945 [WRN] qrc:/qt/qml/stroemling/qml/components/MassField.qml:25: TypeError: Cannot read property 'inputBg' of undefined
17:35:10.945 [WRN] qrc:/qt/qml/stroemling/qml/components/MassField.qml:31: TypeError: Cannot read property 'textSecondary' of undefined
17:35:10.945 [WRN] qrc:/qt/qml/stroemling/qml/components/MassField.qml:25: TypeError: Cannot read property 'border' of undefined
17:35:10.945 [WRN] qrc:/qt/qml/stroemling/qml/components/MassField.qml:48: TypeError: Cannot read property 'borderLight' of undefined
17:35:10.945 [WRN] qrc:/qt/qml/stroemling/qml/components/MassField.qml:21: TypeError: Cannot read property 'borderLight' of undefined
17:35:10.945 [WRN] qrc:/qt/qml/stroemling/qml/components/MassField.qml:25: TypeError: Cannot read property 'inputBg' of undefined
17:35:10.945 [WRN] qrc:/qt/qml/stroemling/qml/components/MassField.qml:31: TypeError: Cannot read property 'textSecondary' of undefined
17:35:10.945 [WRN] qrc:/qt/qml/stroemling/qml/components/MassField.qml:25: TypeError: Cannot read property 'border' of undefined
17:35:10.945 [WRN] qrc:/qt/qml/stroemling/qml/components/MassField.qml:48: TypeError: Cannot read property 'borderLight' of undefined
17:35:10.945 [WRN] qrc:/qt/qml/stroemling/qml/components/MassField.qml:21: TypeError: Cannot read property 'borderLight' of undefined
17:35:10.945 [WRN] qrc:/qt/qml/stroemling/qml/components/MassField.qml:25: TypeError: Cannot read property 'inputBg' of undefined
17:35:10.945 [WRN] qrc:/qt/qml/stroemling/qml/components/MassField.qml:31: TypeError: Cannot read property 'textSecondary' of undefined
17:35:10.945 [WRN] qrc:/qt/qml/stroemling/qml/components/MassField.qml:25: TypeError: Cannot read property 'border' of undefined
17:35:10.945 [WRN] qrc:/qt/qml/stroemling/qml/components/MassField.qml:48: TypeError: Cannot read property 'borderLight' of undefined
17:35:10.945 [WRN] qrc:/qt/qml/stroemling/qml/components/MassField.qml:21: TypeError: Cannot read property 'borderLight' of undefined
17:35:10.945 [WRN] qrc:/qt/qml/stroemling/qml/components/MassField.qml:25: TypeError: Cannot read property 'inputBg' of undefined
17:35:10.945 [WRN] qrc:/qt/qml/stroemling/qml/components/MassField.qml:31: TypeError: Cannot read property 'textSecondary' of undefined
17:35:10.945 [WRN] qrc:/qt/qml/stroemling/qml/components/MassField.qml:25: TypeError: Cannot read property 'border' of undefined
17:35:10.945 [WRN] qrc:/qt/qml/stroemling/qml/components/MassField.qml:48: TypeError: Cannot read property 'borderLight' of undefined
17:35:10.945 [WRN] qrc:/qt/qml/stroemling/qml/components/MassField.qml:21: TypeError: Cannot read property 'borderLight' of undefined
17:35:10.945 [WRN] qrc:/qt/qml/stroemling/qml/components/MassField.qml:25: TypeError: Cannot read property 'inputBg' of undefined
17:35:10.945 [WRN] qrc:/qt/qml/stroemling/qml/components/MassField.qml:31: TypeError: Cannot read property 'textSecondary' of undefined
17:35:10.945 [WRN] qrc:/qt/qml/stroemling/qml/components/MassField.qml:25: TypeError: Cannot read property 'border' of undefined
17:35:10.945 [WRN] qrc:/qt/qml/stroemling/qml/components/MassField.qml:48: TypeError: Cannot read property 'borderLight' of undefined
17:35:10.945 [WRN] qrc:/qt/qml/stroemling/qml/components/MassField.qml:21: TypeError: Cannot read property 'borderLight' of undefined
17:35:10.945 [WRN] qrc:/qt/qml/stroemling/qml/components/MassField.qml:25: TypeError: Cannot read property 'inputBg' of undefined
17:35:10.945 [WRN] qrc:/qt/qml/stroemling/qml/components/MassField.qml:31: TypeError: Cannot read property 'textSecondary' of undefined
17:35:10.945 [WRN] qrc:/qt/qml/stroemling/qml/components/MassField.qml:25: TypeError: Cannot read property 'border' of undefined
17:35:10.945 [WRN] qrc:/qt/qml/stroemling/qml/components/MassField.qml:48: TypeError: Cannot read property 'borderLight' of undefined
17:35:10.945 [WRN] qrc:/qt/qml/stroemling/qml/components/MassField.qml:21: TypeError: Cannot read property 'borderLight' of undefined
17:35:10.945 [WRN] qrc:/qt/qml/stroemling/qml/components/MassField.qml:25: TypeError: Cannot read property 'inputBg' of undefined
17:35:10.945 [WRN] qrc:/qt/qml/stroemling/qml/components/MassField.qml:31: TypeError: Cannot read property 'textSecondary' of undefined
17:35:10.945 [WRN] qrc:/qt/qml/stroemling/qml/components/MassField.qml:25: TypeError: Cannot read property 'border' of undefined
17:35:10.945 [WRN] qrc:/qt/qml/stroemling/qml/components/MassField.qml:48: TypeError: Cannot read property 'borderLight' of undefined
17:35:10.945 [WRN] qrc:/qt/qml/stroemling/qml/components/MassField.qml:21: TypeError: Cannot read property 'borderLight' of undefined
17:35:10.945 [WRN] qrc:/qt/qml/stroemling/qml/components/MassField.qml:25: TypeError: Cannot read property 'inputBg' of undefined
17:35:10.945 [WRN] qrc:/qt/qml/stroemling/qml/components/MassField.qml:31: TypeError: Cannot read property 'textSecondary' of undefined
17:35:10.945 [WRN] qrc:/qt/qml/stroemling/qml/components/MassField.qml:25: TypeError: Cannot read property 'border' of undefined
17:35:10.945 [WRN] qrc:/qt/qml/stroemling/qml/components/MassField.qml:48: TypeError: Cannot read property 'borderLight' of undefined
17:35:10.945 [WRN] qrc:/qt/qml/stroemling/qml/components/MassField.qml:21: TypeError: Cannot read property 'borderLight' of undefined
17:35:10.945 [WRN] qrc:/qt/qml/stroemling/qml/components/MassField.qml:25: TypeError: Cannot read property 'inputBg' of undefined
17:35:10.945 [WRN] qrc:/qt/qml/stroemling/qml/components/MassField.qml:31: TypeError: Cannot read property 'textSecondary' of undefined
17:35:10.945 [WRN] qrc:/qt/qml/stroemling/qml/components/MassField.qml:25: TypeError: Cannot read property 'border' of undefined
17:35:10.945 [WRN] qrc:/qt/qml/stroemling/qml/components/MassField.qml:48: TypeError: Cannot read property 'borderLight' of undefined
17:35:10.945 [WRN] qrc:/qt/qml/stroemling/qml/components/MassField.qml:21: TypeError: Cannot read property 'borderLight' of undefined
17:35:10.945 [WRN] qrc:/qt/qml/stroemling/qml/components/MassField.qml:25: TypeError: Cannot read property 'inputBg' of undefined
17:35:10.945 [WRN] qrc:/qt/qml/stroemling/qml/components/MassField.qml:31: TypeError: Cannot read property 'textSecondary' of undefined
17:35:10.945 [WRN] qrc:/qt/qml/stroemling/qml/components/MassField.qml:25: TypeError: Cannot read property 'border' of undefined
17:35:10.945 [WRN] qrc:/qt/qml/stroemling/qml/components/MassField.qml:48: TypeError: Cannot read property 'borderLight' of undefined
17:35:10.945 [WRN] qrc:/qt/qml/stroemling/qml/components/MassField.qml:21: TypeError: Cannot read property 'borderLight' of undefined
17:35:10.945 [WRN] qrc:/qt/qml/stroemling/qml/components/MassField.qml:25: TypeError: Cannot read property 'inputBg' of undefined
17:35:10.946 [WRN] qrc:/qt/qml/stroemling/qml/components/MassField.qml:31: TypeError: Cannot read property 'textSecondary' of undefined
17:35:10.946 [WRN] qrc:/qt/qml/stroemling/qml/components/MassField.qml:25: TypeError: Cannot read property 'border' of undefined
17:35:10.946 [WRN] qrc:/qt/qml/stroemling/qml/components/MassField.qml:48: TypeError: Cannot read property 'borderLight' of undefined
17:35:10.946 [WRN] qrc:/qt/qml/stroemling/qml/components/MassField.qml:21: TypeError: Cannot read property 'borderLight' of undefined
17:35:10.946 [WRN] qrc:/qt/qml/stroemling/qml/components/MassField.qml:25: TypeError: Cannot read property 'inputBg' of undefined
17:35:10.946 [WRN] qrc:/qt/qml/stroemling/qml/components/MassField.qml:31: TypeError: Cannot read property 'textSecondary' of undefined
17:35:10.946 [WRN] qrc:/qt/qml/stroemling/qml/components/MassField.qml:25: TypeError: Cannot read property 'border' of undefined
17:35:10.946 [WRN] qrc:/qt/qml/stroemling/qml/components/MassField.qml:48: TypeError: Cannot read property 'borderLight' of undefined
17:35:10.946 [WRN] qrc:/qt/qml/stroemling/qml/components/MassField.qml:21: TypeError: Cannot read property 'borderLight' of undefined
17:35:10.946 [WRN] qrc:/qt/qml/stroemling/qml/components/MassField.qml:25: TypeError: Cannot read property 'inputBg' of undefined
17:35:10.946 [WRN] qrc:/qt/qml/stroemling/qml/components/MassField.qml:31: TypeError: Cannot read property 'textSecondary' of undefined
17:35:10.946 [WRN] qrc:/qt/qml/stroemling/qml/components/MassField.qml:25: TypeError: Cannot read property 'border' of undefined
17:35:10.946 [WRN] qrc:/qt/qml/stroemling/qml/components/MassField.qml:48: TypeError: Cannot read property 'borderLight' of undefined
17:35:10.946 [WRN] qrc:/qt/qml/stroemling/qml/components/MassField.qml:21: TypeError: Cannot read property 'borderLight' of undefined
17:35:10.946 [WRN] qrc:/qt/qml/stroemling/qml/components/MassField.qml:25: TypeError: Cannot read property 'inputBg' of undefined
17:35:10.946 [WRN] qrc:/qt/qml/stroemling/qml/components/MassField.qml:31: TypeError: Cannot read property 'textSecondary' of undefined
17:35:10.946 [WRN] qrc:/qt/qml/stroemling/qml/components/MassField.qml:25: TypeError: Cannot read property 'border' of undefined
17:35:10.946 [WRN] qrc:/qt/qml/stroemling/qml/components/MassField.qml:48: TypeError: Cannot read property 'borderLight' of undefined
17:35:10.946 [WRN] qrc:/qt/qml/stroemling/qml/components/MassField.qml:21: TypeError: Cannot read property 'borderLight' of undefined
17:35:10.946 [WRN] qrc:/qt/qml/stroemling/qml/components/MassField.qml:25: TypeError: Cannot read property 'inputBg' of undefined
17:35:10.946 [WRN] qrc:/qt/qml/stroemling/qml/components/MassField.qml:31: TypeError: Cannot read property 'textSecondary' of undefined
17:35:10.946 [WRN] qrc:/qt/qml/stroemling/qml/components/MassField.qml:25: TypeError: Cannot read property 'border' of undefined
17:35:10.946 [WRN] qrc:/qt/qml/stroemling/qml/components/MassField.qml:48: TypeError: Cannot read property 'borderLight' of undefined
17:35:10.946 [WRN] qrc:/qt/qml/stroemling/qml/ep/EpSpsKanalSection.qml:46: TypeError: Cannot read property 'border' of undefined
17:35:10.946 [WRN] qrc:/qt/qml/stroemling/qml/ep/EpSpsKanalSection.qml:56: TypeError: Cannot read property 'borderLight' of undefined
17:35:10.946 [WRN] qrc:/qt/qml/stroemling/qml/ep/EpSpsKanalSection.qml:100: TypeError: Cannot read property 'inputBg' of undefined
17:35:10.946 [WRN] qrc:/qt/qml/stroemling/qml/ep/EpSpsKanalSection.qml:105: TypeError: Cannot read property 'accent' of undefined
17:35:10.946 [WRN] qrc:/qt/qml/stroemling/qml/ep/EpSpsKanalSection.qml:101: TypeError: Cannot read property 'border' of undefined
17:35:10.946 [WRN] qrc:/qt/qml/stroemling/qml/ep/EpSpsKanalSection.qml:71: TypeError: Cannot read property 'panelMid' of undefined
17:35:10.946 [WRN] qrc:/qt/qml/stroemling/qml/ep/EpSpsKanalSection.qml:76: TypeError: Cannot read property 'textSecondary' of undefined
17:35:10.946 [WRN] qrc:/qt/qml/stroemling/qml/ep/EpSpsKanalSection.qml:71: TypeError: Cannot read property 'panelMid' of undefined
17:35:10.946 [WRN] qrc:/qt/qml/stroemling/qml/ep/EpSpsKanalSection.qml:76: TypeError: Cannot read property 'textSecondary' of undefined
17:35:10.946 [WRN] qrc:/qt/qml/stroemling/qml/ep/EpSpsKanalSection.qml:71: TypeError: Cannot read property 'panelMid' of undefined
17:35:10.946 [WRN] qrc:/qt/qml/stroemling/qml/ep/EpSpsKanalSection.qml:76: TypeError: Cannot read property 'textSecondary' of undefined
17:35:10.946 [WRN] qrc:/qt/qml/stroemling/qml/ep/EpSpsKanalSection.qml:71: TypeError: Cannot read property 'panelMid' of undefined
17:35:10.946 [WRN] qrc:/qt/qml/stroemling/qml/ep/EpSpsKanalSection.qml:76: TypeError: Cannot read property 'textSecondary' of undefined
17:35:10.946 [WRN] qrc:/qt/qml/stroemling/qml/ep/EpSpsKanalSection.qml:71: TypeError: Cannot read property 'panelMid' of undefined
17:35:10.946 [WRN] qrc:/qt/qml/stroemling/qml/ep/EpSpsKanalSection.qml:76: TypeError: Cannot read property 'textSecondary' of undefined
17:35:10.946 [WRN] qrc:/qt/qml/stroemling/qml/ep/EpSpsKanalSection.qml:71: TypeError: Cannot read property 'panelMid' of undefined
17:35:10.946 [WRN] qrc:/qt/qml/stroemling/qml/ep/EpSpsKanalSection.qml:76: TypeError: Cannot read property 'textSecondary' of undefined
17:35:10.946 [WRN] qrc:/qt/qml/stroemling/qml/ep/EpSpsKanalSection.qml:71: TypeError: Cannot read property 'panelMid' of undefined
17:35:10.946 [WRN] qrc:/qt/qml/stroemling/qml/ep/EpSpsKanalSection.qml:76: TypeError: Cannot read property 'textSecondary' of undefined
17:35:10.946 [WRN] qrc:/qt/qml/stroemling/qml/ep/EpSpsKanalSection.qml:71: TypeError: Cannot read property 'panelMid' of undefined
17:35:10.946 [WRN] qrc:/qt/qml/stroemling/qml/ep/EpSpsKanalSection.qml:76: TypeError: Cannot read property 'textSecondary' of undefined
17:35:10.946 [WRN] qrc:/qt/qml/stroemling/qml/ep/EpSpsKanalSection.qml:205: TypeError: Cannot read property 'inputBg' of undefined
17:35:10.946 [WRN] qrc:/qt/qml/stroemling/qml/ep/EpSpsKanalSection.qml:210: TypeError: Cannot read property 'accent' of undefined
17:35:10.946 [WRN] qrc:/qt/qml/stroemling/qml/ep/EpSpsKanalSection.qml:206: TypeError: Cannot read property 'border' of undefined
17:35:10.946 [WRN] qrc:/qt/qml/stroemling/qml/ep/EpSpsKanalSection.qml:221: TypeError: Cannot read property 'inputBg' of undefined
17:35:10.946 [WRN] qrc:/qt/qml/stroemling/qml/ep/EpSpsKanalSection.qml:226: TypeError: Cannot read property 'borderLight' of undefined
17:35:10.946 [WRN] qrc:/qt/qml/stroemling/qml/ep/EpSpsKanalSection.qml:222: TypeError: Cannot read property 'border' of undefined
17:35:10.946 [WRN] qrc:/qt/qml/stroemling/qml/ep/EpSpsKanalSection.qml:267: TypeError: Cannot read property 'accent' of undefined
17:35:10.946 [WRN] qrc:/qt/qml/stroemling/qml/ep/EpSpsKanalSection.qml:294: TypeError: Cannot read property 'textBright' of undefined
17:35:10.946 [WRN] qrc:/qt/qml/stroemling/qml/ep/EpSpsKanalSection.qml:359: TypeError: Cannot read property 'textMuted' of undefined
17:35:10.946 [WRN] qrc:/qt/qml/stroemling/qml/ep/EpBetriebsmittelSection.qml:32: TypeError: Cannot read property 'border' of undefined
17:35:10.946 [WRN] qrc:/qt/qml/stroemling/qml/ep/EpBetriebsmittelSection.qml:42: TypeError: Cannot read property 'borderLight' of undefined
17:35:10.946 [WRN] qrc:/qt/qml/stroemling/qml/ep/EpBetriebsmittelSection.qml:51: TypeError: Cannot read property 'panelMid' of undefined
17:35:10.946 [WRN] qrc:/qt/qml/stroemling/qml/ep/EpBetriebsmittelSection.qml:127: TypeError: Cannot read property 'inputBg' of undefined
17:35:10.946 [WRN] qrc:/qt/qml/stroemling/qml/ep/EpBetriebsmittelSection.qml:133: TypeError: Cannot read property 'textSecondary' of undefined
17:35:10.946 [WRN] qrc:/qt/qml/stroemling/qml/ep/EpBetriebsmittelSection.qml:128: TypeError: Cannot read property 'border' of undefined
17:35:10.946 [WRN] qrc:/qt/qml/stroemling/qml/ep/EpBetriebsmittelSection.qml:151: TypeError: Cannot read property 'inputBg' of undefined
17:35:10.946 [WRN] qrc:/qt/qml/stroemling/qml/ep/EpBetriebsmittelSection.qml:155: TypeError: Cannot read property 'accent' of undefined
17:35:10.946 [WRN] qrc:/qt/qml/stroemling/qml/ep/EpBetriebsmittelSection.qml:152: TypeError: Cannot read property 'border' of undefined
17:35:10.946 [WRN] qrc:/qt/qml/stroemling/qml/ep/EpBetriebsmittelSection.qml:51: TypeError: Cannot read property 'panelMid' of undefined
17:35:10.946 [WRN] qrc:/qt/qml/stroemling/qml/ep/EpBetriebsmittelSection.qml:209: TypeError: Cannot read property 'inputBg' of undefined
17:35:10.946 [WRN] qrc:/qt/qml/stroemling/qml/ep/EpBetriebsmittelSection.qml:231: TypeError: Cannot read property 'borderLight' of undefined
17:35:10.946 [WRN] qrc:/qt/qml/stroemling/qml/ep/EpBetriebsmittelSection.qml:239: TypeError: Cannot read property 'accent' of undefined
17:35:10.946 [WRN] qrc:/qt/qml/stroemling/qml/ep/EpBetriebsmittelSection.qml:255: TypeError: Cannot read property 'borderLight' of undefined
17:35:10.946 [WRN] qrc:/qt/qml/stroemling/qml/ep/EpBetriebsmittelSection.qml:213: TypeError: Cannot read property 'border' of undefined
17:35:10.946 [WRN] qrc:/qt/qml/stroemling/qml/ep/EpBetriebsmittelSection.qml:266: TypeError: Cannot read property 'inputBg' of undefined
17:35:10.946 [WRN] qrc:/qt/qml/stroemling/qml/ep/EpBetriebsmittelSection.qml:269: TypeError: Cannot read property 'accent' of undefined
17:35:10.946 [WRN] qrc:/qt/qml/stroemling/qml/ep/EpBetriebsmittelSection.qml:267: TypeError: Cannot read property 'border' of undefined
17:35:10.946 [WRN] qrc:/qt/qml/stroemling/qml/ep/EpBetriebsmittelSection.qml:278: TypeError: Cannot read property 'inputBg' of undefined
17:35:10.946 [WRN] qrc:/qt/qml/stroemling/qml/ep/EpBetriebsmittelSection.qml:282: TypeError: Cannot read property 'borderLight' of undefined
17:35:10.946 [WRN] qrc:/qt/qml/stroemling/qml/ep/EpBetriebsmittelSection.qml:279: TypeError: Cannot read property 'border' of undefined
17:35:10.946 [WRN] qrc:/qt/qml/stroemling/qml/ep/EpBetriebsmittelSection.qml:302: TypeError: Cannot read property 'inputBg' of undefined
17:35:10.946 [WRN] qrc:/qt/qml/stroemling/qml/ep/EpBetriebsmittelSection.qml:309: TypeError: Cannot read property 'textMuted' of undefined
17:35:10.946 [WRN] qrc:/qt/qml/stroemling/qml/ep/EpBetriebsmittelSection.qml:303: TypeError: Cannot read property 'border' of undefined
17:35:10.946 [WRN] qrc:/qt/qml/stroemling/qml/ep/EpBetriebsmittelSection.qml:325: TypeError: Cannot read property 'inputBg' of undefined
17:35:10.946 [WRN] qrc:/qt/qml/stroemling/qml/ep/EpBetriebsmittelSection.qml:330: TypeError: Cannot read property 'textMuted' of undefined
17:35:10.946 [WRN] qrc:/qt/qml/stroemling/qml/ep/EpBetriebsmittelSection.qml:326: TypeError: Cannot read property 'border' of undefined
17:35:10.946 [WRN] qrc:/qt/qml/stroemling/qml/ep/EpBetriebsmittelSection.qml:32: TypeError: Cannot read property 'border' of undefined
17:35:10.946 [WRN] qrc:/qt/qml/stroemling/qml/ep/EpBetriebsmittelSection.qml:42: TypeError: Cannot read property 'borderLight' of undefined
17:35:10.946 [WRN] qrc:/qt/qml/stroemling/qml/components/InputField.qml:37: TypeError: Cannot read property 'panelMid' of undefined
17:35:10.946 [WRN] qrc:/qt/qml/stroemling/qml/components/InputField.qml:49: TypeError: Cannot read property 'inputBg' of undefined
17:35:10.946 [WRN] qrc:/qt/qml/stroemling/qml/components/InputField.qml:56: TypeError: Cannot read property 'textSecondary' of undefined
17:35:10.946 [WRN] qrc:/qt/qml/stroemling/qml/components/InputField.qml:50: TypeError: Cannot read property 'border' of undefined
17:35:10.946 [WRN] qrc:/qt/qml/stroemling/qml/ep/EpBetriebsmittelSection.qml:51: TypeError: Cannot read property 'panelMid' of undefined
17:35:10.946 [WRN] qrc:/qt/qml/stroemling/qml/ep/EpBetriebsmittelSection.qml:32: TypeError: Cannot read property 'border' of undefined
17:35:10.946 [WRN] qrc:/qt/qml/stroemling/qml/ep/EpBetriebsmittelSection.qml:42: TypeError: Cannot read property 'borderLight' of undefined
17:35:10.946 [WRN] qrc:/qt/qml/stroemling/qml/ep/EpBetriebsmittelSection.qml:495: TypeError: Cannot read property 'borderLight' of undefined
17:35:10.946 [WRN] qrc:/qt/qml/stroemling/qml/ep/EpBetriebsmittelSection.qml:32: TypeError: Cannot read property 'border' of undefined
17:35:10.946 [WRN] qrc:/qt/qml/stroemling/qml/ep/EpBetriebsmittelSection.qml:42: TypeError: Cannot read property 'borderLight' of undefined
17:35:10.946 [WRN] qrc:/qt/qml/stroemling/qml/ep/EpBetriebsmittelSection.qml:78: TypeError: Cannot read property 'inputBg' of undefined
17:35:10.946 [WRN] qrc:/qt/qml/stroemling/qml/ep/EpBetriebsmittelSection.qml:81: TypeError: Cannot read property 'accent' of undefined
17:35:10.946 [WRN] qrc:/qt/qml/stroemling/qml/ep/EpBetriebsmittelSection.qml:79: TypeError: Cannot read property 'border' of undefined
17:35:10.946 [WRN] qrc:/qt/qml/stroemling/qml/ep/EpBetriebsmittelSection.qml:90: TypeError: Cannot read property 'inputBg' of undefined
17:35:10.946 [WRN] qrc:/qt/qml/stroemling/qml/ep/EpBetriebsmittelSection.qml:91: TypeError: Cannot read property 'textSecondary' of undefined
17:35:10.946 [WRN] qrc:/qt/qml/stroemling/qml/ep/EpBetriebsmittelSection.qml:90: TypeError: Cannot read property 'border' of undefined
17:35:10.947 [WRN] qrc:/qt/qml/stroemling/qml/ep/EpBetriebsmittelSection.qml:96: TypeError: Cannot read property 'inputBg' of undefined
17:35:10.947 [WRN] qrc:/qt/qml/stroemling/qml/ep/EpBetriebsmittelSection.qml:99: TypeError: Cannot read property 'accent' of undefined
17:35:10.947 [WRN] qrc:/qt/qml/stroemling/qml/ep/EpBetriebsmittelSection.qml:97: TypeError: Cannot read property 'border' of undefined
17:35:10.947 [WRN] qrc:/qt/qml/stroemling/qml/ep/EpBetriebsmittelSection.qml:42: TypeError: Cannot read property 'borderLight' of undefined
17:35:10.947 [WRN] qrc:/qt/qml/stroemling/qml/ep/EpBetriebsmittelSection.qml:662: TypeError: Cannot read property 'panelMid' of undefined
17:35:10.947 [WRN] qrc:/qt/qml/stroemling/qml/ep/EpBetriebsmittelSection.qml:668: TypeError: Cannot read property 'inputBg' of undefined
17:35:10.947 [WRN] qrc:/qt/qml/stroemling/qml/ep/EpBetriebsmittelSection.qml:674: TypeError: Cannot read property 'textSecondary' of undefined
17:35:10.947 [WRN] qrc:/qt/qml/stroemling/qml/ep/EpBetriebsmittelSection.qml:669: TypeError: Cannot read property 'border' of undefined
17:35:10.947 [WRN] qrc:/qt/qml/stroemling/qml/ep/EpBetriebsmittelSection.qml:695: TypeError: Cannot read property 'borderLight' of undefined
17:35:10.947 [WRN] qrc:/qt/qml/stroemling/qml/ep/EpBetriebsmittelSection.qml:704: TypeError: Cannot read property 'panelMid' of undefined
17:35:10.947 [WRN] qrc:/qt/qml/stroemling/qml/ep/EpBetriebsmittelSection.qml:710: TypeError: Cannot read property 'inputBg' of undefined
17:35:10.947 [WRN] qrc:/qt/qml/stroemling/qml/ep/EpBetriebsmittelSection.qml:716: TypeError: Cannot read property 'textSecondary' of undefined
17:35:10.947 [WRN] qrc:/qt/qml/stroemling/qml/ep/EpBetriebsmittelSection.qml:711: TypeError: Cannot read property 'border' of undefined
17:35:10.947 [WRN] qrc:/qt/qml/stroemling/qml/ep/EpBetriebsmittelSection.qml:737: TypeError: Cannot read property 'borderLight' of undefined
17:35:10.947 [WRN] qrc:/qt/qml/stroemling/qml/ep/EpBetriebsmittelSection.qml:766: TypeError: Cannot read property 'accent' of undefined
17:35:10.947 [WRN] qrc:/qt/qml/stroemling/qml/ep/EpBetriebsmittelSection.qml:807: TypeError: Cannot read property 'textBright' of undefined
17:35:10.947 [WRN] qrc:/qt/qml/stroemling/qml/ep/EpBetriebsmittelSection.qml:841: TypeError: Cannot read property 'border' of undefined
17:35:10.947 [WRN] qrc:/qt/qml/stroemling/qml/ep/EpBetriebsmittelSection.qml:845: TypeError: Cannot read property 'textBright' of undefined
17:35:10.947 [WRN] qrc:/qt/qml/stroemling/qml/ep/EpBetriebsmittelSection.qml:855: TypeError: Cannot read property 'textPrimary' of undefined
17:35:10.947 [WRN] qrc:/qt/qml/stroemling/qml/ep/EpBetriebsmittelSection.qml:863: TypeError: Cannot read property 'textPrimary' of undefined
17:35:10.947 [WRN] qrc:/qt/qml/stroemling/qml/ep/EpBetriebsmittelSection.qml:870: TypeError: Cannot read property 'textMuted' of undefined
17:35:10.947 [WRN] qrc:/qt/qml/stroemling/qml/ep/EpQuerverweisSection.qml:43: TypeError: Cannot read property 'border' of undefined
17:35:10.947 [WRN] qrc:/qt/qml/stroemling/qml/ep/EpQuerverweisSection.qml:53: TypeError: Cannot read property 'borderLight' of undefined
17:35:10.947 [WRN] qrc:/qt/qml/stroemling/qml/components/InputField.qml:37: TypeError: Cannot read property 'panelMid' of undefined
17:35:10.947 [WRN] qrc:/qt/qml/stroemling/qml/components/InputField.qml:49: TypeError: Cannot read property 'inputBg' of undefined
17:35:10.947 [WRN] qrc:/qt/qml/stroemling/qml/components/InputField.qml:56: TypeError: Cannot read property 'textSecondary' of undefined
17:35:10.947 [WRN] qrc:/qt/qml/stroemling/qml/components/InputField.qml:50: TypeError: Cannot read property 'border' of undefined
17:35:10.947 [WRN] qrc:/qt/qml/stroemling/qml/ep/EpQuerverweisSection.qml:62: TypeError: Cannot read property 'panelMid' of undefined
17:35:10.947 [WRN] qrc:/qt/qml/stroemling/qml/components/MiniButton.qml:18: TypeError: Cannot read property 'activeItemAlt' of undefined
17:35:10.947 [WRN] qrc:/qt/qml/stroemling/qml/components/MiniButton.qml:26: TypeError: Cannot read property 'accent' of undefined
17:35:10.947 [WRN] qrc:/qt/qml/stroemling/qml/components/MiniButton.qml:19: TypeError: Cannot read property 'accent' of undefined
17:35:10.947 [WRN] qrc:/qt/qml/stroemling/qml/components/MiniButton.qml:18: TypeError: Cannot read property 'inputBg' of undefined
17:35:10.947 [WRN] qrc:/qt/qml/stroemling/qml/components/MiniButton.qml:26: TypeError: Cannot read property 'textMuted' of undefined
17:35:10.947 [WRN] qrc:/qt/qml/stroemling/qml/components/MiniButton.qml:19: TypeError: Cannot read property 'border' of undefined
17:35:10.947 [WRN] qrc:/qt/qml/stroemling/qml/ep/EpQuerverweisSection.qml:62: TypeError: Cannot read property 'panelMid' of undefined
17:35:10.947 [WRN] qrc:/qt/qml/stroemling/qml/components/MiniButton.qml:18: TypeError: Cannot read property 'activeItemAlt' of undefined
17:35:10.947 [WRN] qrc:/qt/qml/stroemling/qml/components/MiniButton.qml:26: TypeError: Cannot read property 'accent' of undefined
17:35:10.947 [WRN] qrc:/qt/qml/stroemling/qml/components/MiniButton.qml:19: TypeError: Cannot read property 'accent' of undefined
17:35:10.947 [WRN] qrc:/qt/qml/stroemling/qml/components/MiniButton.qml:18: TypeError: Cannot read property 'inputBg' of undefined
17:35:10.947 [WRN] qrc:/qt/qml/stroemling/qml/components/MiniButton.qml:26: TypeError: Cannot read property 'textMuted' of undefined
17:35:10.947 [WRN] qrc:/qt/qml/stroemling/qml/components/MiniButton.qml:19: TypeError: Cannot read property 'border' of undefined
17:35:10.947 [WRN] qrc:/qt/qml/stroemling/qml/ep/EpQuerverweisSection.qml:62: TypeError: Cannot read property 'panelMid' of undefined
17:35:10.947 [WRN] qrc:/qt/qml/stroemling/qml/ep/EpQuerverweisSection.qml:62: TypeError: Cannot read property 'panelMid' of undefined
17:35:10.947 [WRN] qrc:/qt/qml/stroemling/qml/ep/EpQuerverweisSection.qml:157: TypeError: Cannot read property 'textSecondary' of undefined
17:35:10.947 [WRN] qrc:/qt/qml/stroemling/qml/components/MiniButton.qml:18: TypeError: Cannot read property 'inputBg' of undefined
17:35:10.947 [WRN] qrc:/qt/qml/stroemling/qml/components/MiniButton.qml:26: TypeError: Cannot read property 'textMuted' of undefined
17:35:10.947 [WRN] qrc:/qt/qml/stroemling/qml/components/MiniButton.qml:19: TypeError: Cannot read property 'border' of undefined
17:35:10.947 [WRN] qrc:/qt/qml/stroemling/qml/ep/EpQuerverweisSection.qml:62: TypeError: Cannot read property 'panelMid' of undefined
17:35:10.947 [WRN] qrc:/qt/qml/stroemling/qml/ep/EpPotenzialSection.qml:28: TypeError: Cannot read property 'border' of undefined
17:35:10.947 [WRN] qrc:/qt/qml/stroemling/qml/ep/EpPotenzialSection.qml:38: TypeError: Cannot read property 'borderLight' of undefined
17:35:10.947 [WRN] qrc:/qt/qml/stroemling/qml/ep/EpPotenzialSection.qml:47: TypeError: Cannot read property 'panelMid' of undefined
17:35:10.947 [WRN] qrc:/qt/qml/stroemling/qml/ep/EpTreffpunktSection.qml:26: TypeError: Cannot read property 'border' of undefined
17:35:10.947 [WRN] qrc:/qt/qml/stroemling/qml/ep/EpTreffpunktSection.qml:36: TypeError: Cannot read property 'borderLight' of undefined
17:35:10.947 [WRN] qrc:/qt/qml/stroemling/qml/ep/EpTreffpunktSection.qml:45: TypeError: Cannot read property 'panelMid' of undefined
17:35:10.947 [WRN] qrc:/qt/qml/stroemling/qml/ep/EpTreffpunktSection.qml:64: TypeError: Cannot read property 'surface' of undefined
17:35:10.947 [WRN] qrc:/qt/qml/stroemling/qml/ep/EpTreffpunktSection.qml:69: TypeError: Cannot read property 'accent' of undefined
17:35:10.947 [WRN] qrc:/qt/qml/stroemling/qml/ep/EpTreffpunktSection.qml:64: TypeError: Cannot read property 'border' of undefined
17:35:10.947 [WRN] qrc:/qt/qml/stroemling/qml/ep/EpGeraeteanschlussSection.qml:31: TypeError: Cannot read property 'border' of undefined
17:35:10.947 [WRN] qrc:/qt/qml/stroemling/qml/ep/EpGeraeteanschlussSection.qml:41: TypeError: Cannot read property 'borderLight' of undefined
17:35:10.947 [WRN] qrc:/qt/qml/stroemling/qml/ep/EpGeraeteanschlussSection.qml:50: TypeError: Cannot read property 'panelMid' of undefined
17:35:10.947 [WRN] qrc:/qt/qml/stroemling/qml/components/MiniButton.qml:18: TypeError: Cannot read property 'activeItemAlt' of undefined
17:35:10.947 [WRN] qrc:/qt/qml/stroemling/qml/components/MiniButton.qml:26: TypeError: Cannot read property 'accent' of undefined
17:35:10.947 [WRN] qrc:/qt/qml/stroemling/qml/components/MiniButton.qml:19: TypeError: Cannot read property 'accent' of undefined
17:35:10.947 [WRN] qrc:/qt/qml/stroemling/qml/components/MiniButton.qml:18: TypeError: Cannot read property 'inputBg' of undefined
17:35:10.947 [WRN] qrc:/qt/qml/stroemling/qml/components/MiniButton.qml:26: TypeError: Cannot read property 'textMuted' of undefined
17:35:10.947 [WRN] qrc:/qt/qml/stroemling/qml/components/MiniButton.qml:19: TypeError: Cannot read property 'border' of undefined
17:35:10.947 [WRN] qrc:/qt/qml/stroemling/qml/components/InputField.qml:37: TypeError: Cannot read property 'panelMid' of undefined
17:35:10.947 [WRN] qrc:/qt/qml/stroemling/qml/components/InputField.qml:49: TypeError: Cannot read property 'inputBg' of undefined
17:35:10.947 [WRN] qrc:/qt/qml/stroemling/qml/components/InputField.qml:56: TypeError: Cannot read property 'textSecondary' of undefined
17:35:10.947 [WRN] qrc:/qt/qml/stroemling/qml/components/InputField.qml:50: TypeError: Cannot read property 'border' of undefined
17:35:10.947 [WRN] qrc:/qt/qml/stroemling/qml/ep/EpGeraeteanschlussSection.qml:50: TypeError: Cannot read property 'panelMid' of undefined
17:35:10.947 [WRN] qrc:/qt/qml/stroemling/qml/ep/EpGeraetekastenSection.qml:24: TypeError: Cannot read property 'border' of undefined
17:35:10.947 [WRN] qrc:/qt/qml/stroemling/qml/ep/EpGeraetekastenSection.qml:34: TypeError: Cannot read property 'borderLight' of undefined
17:35:10.947 [WRN] qrc:/qt/qml/stroemling/qml/components/InputField.qml:37: TypeError: Cannot read property 'panelMid' of undefined
17:35:10.947 [WRN] qrc:/qt/qml/stroemling/qml/components/InputField.qml:49: TypeError: Cannot read property 'inputBg' of undefined
17:35:10.947 [WRN] qrc:/qt/qml/stroemling/qml/components/InputField.qml:56: TypeError: Cannot read property 'textSecondary' of undefined
17:35:10.947 [WRN] qrc:/qt/qml/stroemling/qml/components/InputField.qml:50: TypeError: Cannot read property 'border' of undefined
17:35:10.947 [WRN] qrc:/qt/qml/stroemling/qml/components/InputField.qml:37: TypeError: Cannot read property 'panelMid' of undefined
17:35:10.947 [WRN] qrc:/qt/qml/stroemling/qml/components/InputField.qml:49: TypeError: Cannot read property 'inputBg' of undefined
17:35:10.947 [WRN] qrc:/qt/qml/stroemling/qml/components/InputField.qml:56: TypeError: Cannot read property 'textSecondary' of undefined
17:35:10.947 [WRN] qrc:/qt/qml/stroemling/qml/components/InputField.qml:50: TypeError: Cannot read property 'border' of undefined
17:35:10.947 [WRN] qrc:/qt/qml/stroemling/qml/ep/EpGeraetekastenSection.qml:24: TypeError: Cannot read property 'border' of undefined
17:35:10.947 [WRN] qrc:/qt/qml/stroemling/qml/ep/EpGeraetekastenSection.qml:34: TypeError: Cannot read property 'borderLight' of undefined
17:35:10.947 [WRN] qrc:/qt/qml/stroemling/qml/ep/EpGeraetekastenSection.qml:59: TypeError: Cannot read property 'inputBg' of undefined
17:35:10.947 [WRN] qrc:/qt/qml/stroemling/qml/ep/EpGeraetekastenSection.qml:62: TypeError: Cannot read property 'accent' of undefined
17:35:10.947 [WRN] qrc:/qt/qml/stroemling/qml/ep/EpGeraetekastenSection.qml:60: TypeError: Cannot read property 'border' of undefined
17:35:10.947 [WRN] qrc:/qt/qml/stroemling/qml/ep/EpGeraetekastenSection.qml:69: TypeError: Cannot read property 'inputBg' of undefined
17:35:10.947 [WRN] qrc:/qt/qml/stroemling/qml/ep/EpGeraetekastenSection.qml:70: TypeError: Cannot read property 'textSecondary' of undefined
17:35:10.947 [WRN] qrc:/qt/qml/stroemling/qml/ep/EpGeraetekastenSection.qml:69: TypeError: Cannot read property 'border' of undefined
17:35:10.947 [WRN] qrc:/qt/qml/stroemling/qml/ep/EpGeraetekastenSection.qml:75: TypeError: Cannot read property 'inputBg' of undefined
17:35:10.947 [WRN] qrc:/qt/qml/stroemling/qml/ep/EpGeraetekastenSection.qml:78: TypeError: Cannot read property 'accent' of undefined
17:35:10.947 [WRN] qrc:/qt/qml/stroemling/qml/ep/EpGeraetekastenSection.qml:76: TypeError: Cannot read property 'border' of undefined
17:35:10.947 [WRN] qrc:/qt/qml/stroemling/qml/ep/EpStrukturkastenSection.qml:24: TypeError: Cannot read property 'border' of undefined
17:35:10.947 [WRN] qrc:/qt/qml/stroemling/qml/ep/EpStrukturkastenSection.qml:34: TypeError: Cannot read property 'borderLight' of undefined
17:35:10.947 [WRN] qrc:/qt/qml/stroemling/qml/components/InputField.qml:37: TypeError: Cannot read property 'panelMid' of undefined
17:35:10.947 [WRN] qrc:/qt/qml/stroemling/qml/components/InputField.qml:49: TypeError: Cannot read property 'inputBg' of undefined
17:35:10.947 [WRN] qrc:/qt/qml/stroemling/qml/components/InputField.qml:56: TypeError: Cannot read property 'textSecondary' of undefined
17:35:10.947 [WRN] qrc:/qt/qml/stroemling/qml/components/InputField.qml:50: TypeError: Cannot read property 'border' of undefined
17:35:10.947 [WRN] qrc:/qt/qml/stroemling/qml/components/InputField.qml:37: TypeError: Cannot read property 'panelMid' of undefined
17:35:10.948 [WRN] qrc:/qt/qml/stroemling/qml/components/InputField.qml:49: TypeError: Cannot read property 'inputBg' of undefined
17:35:10.948 [WRN] qrc:/qt/qml/stroemling/qml/components/InputField.qml:56: TypeError: Cannot read property 'textSecondary' of undefined
17:35:10.948 [WRN] qrc:/qt/qml/stroemling/qml/components/InputField.qml:50: TypeError: Cannot read property 'border' of undefined
17:35:10.948 [WRN] qrc:/qt/qml/stroemling/qml/components/InputField.qml:37: TypeError: Cannot read property 'panelMid' of undefined
17:35:10.948 [WRN] qrc:/qt/qml/stroemling/qml/components/InputField.qml:49: TypeError: Cannot read property 'inputBg' of undefined
17:35:10.948 [WRN] qrc:/qt/qml/stroemling/qml/components/InputField.qml:56: TypeError: Cannot read property 'textSecondary' of undefined
17:35:10.948 [WRN] qrc:/qt/qml/stroemling/qml/components/InputField.qml:50: TypeError: Cannot read property 'border' of undefined
17:35:10.948 [WRN] qrc:/qt/qml/stroemling/qml/components/InputField.qml:37: TypeError: Cannot read property 'panelMid' of undefined
17:35:10.948 [WRN] qrc:/qt/qml/stroemling/qml/components/InputField.qml:49: TypeError: Cannot read property 'inputBg' of undefined
17:35:10.948 [WRN] qrc:/qt/qml/stroemling/qml/components/InputField.qml:56: TypeError: Cannot read property 'textSecondary' of undefined
17:35:10.948 [WRN] qrc:/qt/qml/stroemling/qml/components/InputField.qml:50: TypeError: Cannot read property 'border' of undefined
17:35:10.948 [WRN] qrc:/qt/qml/stroemling/qml/components/InputField.qml:37: TypeError: Cannot read property 'panelMid' of undefined
17:35:10.948 [WRN] qrc:/qt/qml/stroemling/qml/components/InputField.qml:49: TypeError: Cannot read property 'inputBg' of undefined
17:35:10.948 [WRN] qrc:/qt/qml/stroemling/qml/components/InputField.qml:56: TypeError: Cannot read property 'textSecondary' of undefined
17:35:10.948 [WRN] qrc:/qt/qml/stroemling/qml/components/InputField.qml:50: TypeError: Cannot read property 'border' of undefined
17:35:10.948 [WRN] qrc:/qt/qml/stroemling/qml/ep/EpStrukturkastenSection.qml:24: TypeError: Cannot read property 'border' of undefined
17:35:10.948 [WRN] qrc:/qt/qml/stroemling/qml/ep/EpStrukturkastenSection.qml:34: TypeError: Cannot read property 'borderLight' of undefined
17:35:10.948 [WRN] qrc:/qt/qml/stroemling/qml/ep/EpStrukturkastenSection.qml:59: TypeError: Cannot read property 'inputBg' of undefined
17:35:10.948 [WRN] qrc:/qt/qml/stroemling/qml/ep/EpStrukturkastenSection.qml:62: TypeError: Cannot read property 'accent' of undefined
17:35:10.948 [WRN] qrc:/qt/qml/stroemling/qml/ep/EpStrukturkastenSection.qml:60: TypeError: Cannot read property 'border' of undefined
17:35:10.948 [WRN] qrc:/qt/qml/stroemling/qml/ep/EpStrukturkastenSection.qml:69: TypeError: Cannot read property 'inputBg' of undefined
17:35:10.948 [WRN] qrc:/qt/qml/stroemling/qml/ep/EpStrukturkastenSection.qml:70: TypeError: Cannot read property 'textSecondary' of undefined
17:35:10.948 [WRN] qrc:/qt/qml/stroemling/qml/ep/EpStrukturkastenSection.qml:69: TypeError: Cannot read property 'border' of undefined
17:35:10.948 [WRN] qrc:/qt/qml/stroemling/qml/ep/EpStrukturkastenSection.qml:75: TypeError: Cannot read property 'inputBg' of undefined
17:35:10.948 [WRN] qrc:/qt/qml/stroemling/qml/ep/EpStrukturkastenSection.qml:78: TypeError: Cannot read property 'accent' of undefined
17:35:10.948 [WRN] qrc:/qt/qml/stroemling/qml/ep/EpStrukturkastenSection.qml:76: TypeError: Cannot read property 'border' of undefined
17:35:10.948 [WRN] qrc:/qt/qml/stroemling/qml/ep/EpMakrokastenSection.qml:26: TypeError: Cannot read property 'border' of undefined
17:35:10.948 [WRN] qrc:/qt/qml/stroemling/qml/ep/EpMakrokastenSection.qml:36: TypeError: Cannot read property 'borderLight' of undefined
17:35:10.948 [WRN] qrc:/qt/qml/stroemling/qml/components/InputField.qml:37: TypeError: Cannot read property 'panelMid' of undefined
17:35:10.948 [WRN] qrc:/qt/qml/stroemling/qml/components/InputField.qml:49: TypeError: Cannot read property 'inputBg' of undefined
17:35:10.948 [WRN] qrc:/qt/qml/stroemling/qml/components/InputField.qml:56: TypeError: Cannot read property 'textSecondary' of undefined
17:35:10.948 [WRN] qrc:/qt/qml/stroemling/qml/components/InputField.qml:50: TypeError: Cannot read property 'border' of undefined
17:35:10.948 [WRN] qrc:/qt/qml/stroemling/qml/components/InputField.qml:37: TypeError: Cannot read property 'panelMid' of undefined
17:35:10.948 [WRN] qrc:/qt/qml/stroemling/qml/components/InputField.qml:49: TypeError: Cannot read property 'inputBg' of undefined
17:35:10.948 [WRN] qrc:/qt/qml/stroemling/qml/components/InputField.qml:56: TypeError: Cannot read property 'textSecondary' of undefined
17:35:10.948 [WRN] qrc:/qt/qml/stroemling/qml/components/InputField.qml:50: TypeError: Cannot read property 'border' of undefined
17:35:10.948 [WRN] qrc:/qt/qml/stroemling/qml/components/InputField.qml:37: TypeError: Cannot read property 'panelMid' of undefined
17:35:10.948 [WRN] qrc:/qt/qml/stroemling/qml/components/InputField.qml:49: TypeError: Cannot read property 'inputBg' of undefined
17:35:10.948 [WRN] qrc:/qt/qml/stroemling/qml/components/InputField.qml:56: TypeError: Cannot read property 'textSecondary' of undefined
17:35:10.948 [WRN] qrc:/qt/qml/stroemling/qml/components/InputField.qml:50: TypeError: Cannot read property 'border' of undefined
17:35:10.948 [WRN] qrc:/qt/qml/stroemling/qml/ep/EpMakrokastenSection.qml:107: TypeError: Cannot read property 'textMuted' of undefined
17:35:10.948 [WRN] qrc:/qt/qml/stroemling/qml/ep/EpKabelDefinitionSection.qml:50: TypeError: Cannot read property 'border' of undefined
17:35:10.948 [WRN] qrc:/qt/qml/stroemling/qml/ep/EpKabelDefinitionSection.qml:60: TypeError: Cannot read property 'borderLight' of undefined
17:35:10.948 [WRN] qrc:/qt/qml/stroemling/qml/components/InputField.qml:37: TypeError: Cannot read property 'panelMid' of undefined
17:35:10.948 [WRN] qrc:/qt/qml/stroemling/qml/components/InputField.qml:49: TypeError: Cannot read property 'inputBg' of undefined
17:35:10.948 [WRN] qrc:/qt/qml/stroemling/qml/components/InputField.qml:56: TypeError: Cannot read property 'textSecondary' of undefined
17:35:10.948 [WRN] qrc:/qt/qml/stroemling/qml/components/InputField.qml:50: TypeError: Cannot read property 'border' of undefined
17:35:10.948 [WRN] qrc:/qt/qml/stroemling/qml/components/InputField.qml:37: TypeError: Cannot read property 'panelMid' of undefined
17:35:10.948 [WRN] qrc:/qt/qml/stroemling/qml/components/InputField.qml:49: TypeError: Cannot read property 'inputBg' of undefined
17:35:10.948 [WRN] qrc:/qt/qml/stroemling/qml/components/InputField.qml:56: TypeError: Cannot read property 'textSecondary' of undefined
17:35:10.948 [WRN] qrc:/qt/qml/stroemling/qml/components/InputField.qml:50: TypeError: Cannot read property 'border' of undefined
17:35:10.948 [WRN] qrc:/qt/qml/stroemling/qml/ep/EpKabelDefinitionSection.qml:69: TypeError: Cannot read property 'panelMid' of undefined
17:35:10.948 [WRN] qrc:/qt/qml/stroemling/qml/ep/EpKabelDefinitionSection.qml:137: TypeError: Cannot read property 'inputBg' of undefined
17:35:10.948 [WRN] qrc:/qt/qml/stroemling/qml/ep/EpKabelDefinitionSection.qml:142: TypeError: Cannot read property 'textSecondary' of undefined
17:35:10.948 [WRN] qrc:/qt/qml/stroemling/qml/ep/EpKabelDefinitionSection.qml:138: TypeError: Cannot read property 'border' of undefined
17:35:10.948 [WRN] qrc:/qt/qml/stroemling/qml/ep/EpKabelDefinitionSection.qml:69: TypeError: Cannot read property 'panelMid' of undefined
17:35:10.948 [WRN] qrc:/qt/qml/stroemling/qml/ep/EpKabelDefinitionSection.qml:163: TypeError: Cannot read property 'inputBg' of undefined
17:35:10.948 [WRN] qrc:/qt/qml/stroemling/qml/ep/EpKabelDefinitionSection.qml:168: TypeError: Cannot read property 'textSecondary' of undefined
17:35:10.948 [WRN] qrc:/qt/qml/stroemling/qml/ep/EpKabelDefinitionSection.qml:164: TypeError: Cannot read property 'border' of undefined
17:35:10.948 [WRN] qrc:/qt/qml/stroemling/qml/ep/EpKabelDefinitionSection.qml:69: TypeError: Cannot read property 'panelMid' of undefined
17:35:10.948 [WRN] qrc:/qt/qml/stroemling/qml/ep/EpKabelDefinitionSection.qml:212: TypeError: Cannot read property 'textMuted' of undefined
17:35:10.948 [WRN] qrc:/qt/qml/stroemling/qml/ep/EpKabelDefinitionSection.qml:69: TypeError: Cannot read property 'panelMid' of undefined
17:35:10.948 [WRN] qrc:/qt/qml/stroemling/qml/ep/EpKabelDefinitionSection.qml:255: TypeError: Cannot read property 'inputBg' of undefined
17:35:10.948 [WRN] qrc:/qt/qml/stroemling/qml/ep/EpKabelDefinitionSection.qml:260: TypeError: Cannot read property 'textSecondary' of undefined
17:35:10.948 [WRN] qrc:/qt/qml/stroemling/qml/ep/EpKabelDefinitionSection.qml:256: TypeError: Cannot read property 'border' of undefined
17:35:10.948 [WRN] qrc:/qt/qml/stroemling/qml/ep/EpKabelDefinitionSection.qml:69: TypeError: Cannot read property 'panelMid' of undefined
17:35:10.948 [WRN] qrc:/qt/qml/stroemling/qml/ep/EpKabelDefinitionSection.qml:285: TypeError: Cannot read property 'inputBg' of undefined
17:35:10.948 [WRN] qrc:/qt/qml/stroemling/qml/ep/EpKabelDefinitionSection.qml:290: TypeError: Cannot read property 'textSecondary' of undefined
17:35:10.948 [WRN] qrc:/qt/qml/stroemling/qml/ep/EpKabelDefinitionSection.qml:286: TypeError: Cannot read property 'border' of undefined
17:35:10.948 [WRN] qrc:/qt/qml/stroemling/qml/ep/EpKabelDefinitionSection.qml:345: TypeError: Cannot read property 'borderLight' of undefined
17:35:10.948 [WRN] qrc:/qt/qml/stroemling/qml/ep/EpKabelDefinitionSection.qml:350: TypeError: Cannot read property 'borderLight' of undefined
17:35:10.948 [WRN] qrc:/qt/qml/stroemling/qml/ep/EpKabelDefinitionSection.qml:427: TypeError: Cannot read property 'textMuted' of undefined
17:35:10.948 [WRN] qrc:/qt/qml/stroemling/qml/ep/EpKabelDefinitionSection.qml:468: TypeError: Cannot read property 'borderLight' of undefined
17:35:10.948 [WRN] qrc:/qt/qml/stroemling/qml/ep/EpKabelDefinitionSection.qml:473: TypeError: Cannot read property 'borderLight' of undefined
17:35:10.948 [WRN] qrc:/qt/qml/stroemling/qml/ep/EpKabelDefinitionSection.qml:497: TypeError: Cannot read property 'textMuted' of undefined
17:35:10.948 [WRN] qrc:/qt/qml/stroemling/qml/ep/EpKabelDefinitionSection.qml:548: TypeError: Cannot read property 'textMuted' of undefined
17:35:10.948 [WRN] qrc:/qt/qml/stroemling/qml/ep/EpVerbindungSection.qml:28: TypeError: Cannot read property 'borderLight' of undefined
17:35:10.948 [WRN] qrc:/qt/qml/stroemling/qml/ep/EpVerbindungSection.qml:37: TypeError: Cannot read property 'panelMid' of undefined
17:35:10.948 [WRN] qrc:/qt/qml/stroemling/qml/ep/EpVerbindungSection.qml:64: TypeError: Cannot read property 'border' of undefined
17:35:10.948 [WRN] qrc:/qt/qml/stroemling/qml/ep/EpVerbindungSection.qml:82: TypeError: Cannot read property 'panelMid' of undefined
17:35:10.948 [WRN] qrc:/qt/qml/stroemling/qml/ep/EpVerbindungSection.qml:88: TypeError: Cannot read property 'inputBg' of undefined
17:35:10.948 [WRN] qrc:/qt/qml/stroemling/qml/ep/EpVerbindungSection.qml:93: TypeError: Cannot read property 'textSecondary' of undefined
17:35:10.948 [WRN] qrc:/qt/qml/stroemling/qml/ep/EpVerbindungSection.qml:89: TypeError: Cannot read property 'border' of undefined
17:35:10.948 [WRN] qrc:/qt/qml/stroemling/qml/ep/EpVerbindungSection.qml:108: TypeError: Cannot read property 'inputBg' of undefined
17:35:10.948 [WRN] qrc:/qt/qml/stroemling/qml/ep/EpVerbindungSection.qml:112: TypeError: Cannot read property 'accent' of undefined
17:35:10.948 [WRN] qrc:/qt/qml/stroemling/qml/ep/EpVerbindungSection.qml:109: TypeError: Cannot read property 'border' of undefined
17:35:10.948 [WRN] qrc:/qt/qml/stroemling/qml/ep/EpVerbindungSection.qml:37: TypeError: Cannot read property 'panelMid' of undefined
17:35:10.948 [WRN] qrc:/qt/qml/stroemling/qml/ep/EpVerbindungSection.qml:18: TypeError: Cannot read property 'border' of undefined
17:35:10.948 [WRN] qrc:/qt/qml/stroemling/qml/ep/EpStilSection.qml:21: TypeError: Cannot read property 'borderLight' of undefined
17:35:10.948 [WRN] qrc:/qt/qml/stroemling/qml/ep/EpStilSection.qml:30: TypeError: Cannot read property 'panelMid' of undefined
17:35:10.948 [WRN] qrc:/qt/qml/stroemling/qml/ep/EpStilSection.qml:104: TypeError: Cannot read property 'accent' of undefined
17:35:10.948 [WRN] qrc:/qt/qml/stroemling/qml/ep/EpStilSection.qml:30: TypeError: Cannot read property 'panelMid' of undefined
17:35:10.948 [WRN] qrc:/qt/qml/stroemling/qml/ep/EpStilSection.qml:30: TypeError: Cannot read property 'panelMid' of undefined
17:35:10.948 [WRN] qrc:/qt/qml/stroemling/qml/ep/EpStilSection.qml:57: TypeError: Cannot read property 'inputBg' of undefined
17:35:10.948 [WRN] qrc:/qt/qml/stroemling/qml/ep/EpStilSection.qml:60: TypeError: Cannot read property 'accent' of undefined
17:35:10.948 [WRN] qrc:/qt/qml/stroemling/qml/ep/EpStilSection.qml:58: TypeError: Cannot read property 'border' of undefined
17:35:10.948 [WRN] qrc:/qt/qml/stroemling/qml/ep/EpStilSection.qml:69: TypeError: Cannot read property 'inputBg' of undefined
17:35:10.948 [WRN] qrc:/qt/qml/stroemling/qml/ep/EpStilSection.qml:70: TypeError: Cannot read property 'textSecondary' of undefined
17:35:10.948 [WRN] qrc:/qt/qml/stroemling/qml/ep/EpStilSection.qml:69: TypeError: Cannot read property 'border' of undefined
17:35:10.948 [WRN] qrc:/qt/qml/stroemling/qml/ep/EpStilSection.qml:75: TypeError: Cannot read property 'inputBg' of undefined
17:35:10.948 [WRN] qrc:/qt/qml/stroemling/qml/ep/EpStilSection.qml:78: TypeError: Cannot read property 'accent' of undefined
17:35:10.949 [WRN] qrc:/qt/qml/stroemling/qml/ep/EpStilSection.qml:76: TypeError: Cannot read property 'border' of undefined
17:35:10.949 [WRN] qrc:/qt/qml/stroemling/qml/ep/EpStilSection.qml:30: TypeError: Cannot read property 'panelMid' of undefined
17:35:10.949 [WRN] qrc:/qt/qml/stroemling/qml/ep/EpStilSection.qml:186: TypeError: Cannot read property 'panelMid' of undefined
17:35:10.949 [WRN] qrc:/qt/qml/stroemling/qml/ep/EpStilSection.qml:193: TypeError: Cannot read property 'inputBg' of undefined
17:35:10.949 [WRN] qrc:/qt/qml/stroemling/qml/ep/EpStilSection.qml:198: TypeError: Cannot read property 'textSecondary' of undefined
17:35:10.949 [WRN] qrc:/qt/qml/stroemling/qml/ep/EpStilSection.qml:193: TypeError: Cannot read property 'border' of undefined
17:35:10.949 [WRN] qrc:/qt/qml/stroemling/qml/ep/EpStilSection.qml:212: TypeError: Cannot read property 'borderLight' of undefined
17:35:10.949 [WRN] qrc:/qt/qml/stroemling/qml/ep/EpFuellungSection.qml:19: TypeError: Cannot read property 'border' of undefined
17:35:10.949 [WRN] qrc:/qt/qml/stroemling/qml/ep/EpFuellungSection.qml:29: TypeError: Cannot read property 'borderLight' of undefined
17:35:10.949 [WRN] qrc:/qt/qml/stroemling/qml/ep/EpFuellungSection.qml:53: TypeError: Cannot read property 'inputBg' of undefined
17:35:10.949 [WRN] qrc:/qt/qml/stroemling/qml/ep/EpFuellungSection.qml:54: TypeError: Cannot read property 'border' of undefined
17:35:10.949 [WRN] qrc:/qt/qml/stroemling/qml/ep/EpFuellungSection.qml:64: TypeError: Cannot read property 'textMuted' of undefined
17:35:10.949 [WRN] qrc:/qt/qml/stroemling/qml/ep/EpFuellungSection.qml:38: TypeError: Cannot read property 'panelMid' of undefined
17:35:10.949 [WRN] qrc:/qt/qml/stroemling/qml/ep/EpFuellungSection.qml:80: TypeError: Cannot read property 'activeItemAlt' of undefined
17:35:10.949 [WRN] qrc:/qt/qml/stroemling/qml/ep/EpFuellungSection.qml:90: TypeError: Cannot read property 'panelMid' of undefined
17:35:10.949 [WRN] qrc:/qt/qml/stroemling/qml/ep/EpFuellungSection.qml:97: TypeError: Cannot read property 'inputBg' of undefined
17:35:10.949 [WRN] qrc:/qt/qml/stroemling/qml/ep/EpFuellungSection.qml:102: TypeError: Cannot read property 'textSecondary' of undefined
17:35:10.949 [WRN] qrc:/qt/qml/stroemling/qml/ep/EpFuellungSection.qml:97: TypeError: Cannot read property 'border' of undefined
17:35:10.949 [WRN] qrc:/qt/qml/stroemling/qml/ep/EpFuellungSection.qml:116: TypeError: Cannot read property 'borderLight' of undefined
17:35:10.949 [WRN] qrc:/qt/qml/stroemling/qml/ep/EpFormSection.qml:17: TypeError: Cannot read property 'border' of undefined
17:35:10.949 [WRN] qrc:/qt/qml/stroemling/qml/ep/EpFormSection.qml:27: TypeError: Cannot read property 'borderLight' of undefined
17:35:10.949 [WRN] qrc:/qt/qml/stroemling/qml/ep/EpFormSection.qml:36: TypeError: Cannot read property 'panelMid' of undefined
17:35:10.949 [WRN] qrc:/qt/qml/stroemling/qml/ep/EpMehrfachauswahlSection.qml:16: TypeError: Cannot read property 'elementeModel' of undefined
17:35:10.949 [WRN] qrc:/qt/qml/stroemling/qml/ep/EpMehrfachauswahlSection.qml:33: TypeError: Cannot read property 'border' of undefined
17:35:10.949 [WRN] qrc:/qt/qml/stroemling/qml/ep/EpMehrfachauswahlSection.qml:43: TypeError: Cannot read property 'borderLight' of undefined
17:35:10.949 [WRN] qrc:/qt/qml/stroemling/qml/ep/EpMehrfachauswahlSection.qml:52: TypeError: Cannot read property 'panelMid' of undefined
17:35:10.949 [WRN] qrc:/qt/qml/stroemling/qml/ep/EpMehrfachauswahlSection.qml:52: TypeError: Cannot read property 'panelMid' of undefined
17:35:10.949 [WRN] qrc:/qt/qml/stroemling/qml/components/MiniButton.qml:18: TypeError: Cannot read property 'inputBg' of undefined
17:35:10.949 [WRN] qrc:/qt/qml/stroemling/qml/components/MiniButton.qml:26: TypeError: Cannot read property 'textMuted' of undefined
17:35:10.949 [WRN] qrc:/qt/qml/stroemling/qml/components/MiniButton.qml:19: TypeError: Cannot read property 'border' of undefined
17:35:10.949 [WRN] qrc:/qt/qml/stroemling/qml/components/MiniButton.qml:18: TypeError: Cannot read property 'inputBg' of undefined
17:35:10.949 [WRN] qrc:/qt/qml/stroemling/qml/components/MiniButton.qml:26: TypeError: Cannot read property 'textMuted' of undefined
17:35:10.949 [WRN] qrc:/qt/qml/stroemling/qml/components/MiniButton.qml:19: TypeError: Cannot read property 'border' of undefined
17:35:10.949 [WRN] qrc:/qt/qml/stroemling/qml/components/MiniButton.qml:18: TypeError: Cannot read property 'inputBg' of undefined
17:35:10.949 [WRN] qrc:/qt/qml/stroemling/qml/components/MiniButton.qml:26: TypeError: Cannot read property 'textMuted' of undefined
17:35:10.949 [WRN] qrc:/qt/qml/stroemling/qml/components/MiniButton.qml:19: TypeError: Cannot read property 'border' of undefined
17:35:10.949 [WRN] qrc:/qt/qml/stroemling/qml/ep/EpSymbolSection.qml:18: TypeError: Cannot read property 'border' of undefined
17:35:10.949 [WRN] qrc:/qt/qml/stroemling/qml/ep/EpSymbolSection.qml:28: TypeError: Cannot read property 'borderLight' of undefined
17:35:10.949 [WRN] qrc:/qt/qml/stroemling/qml/ep/EpSymbolSection.qml:37: TypeError: Cannot read property 'panelMid' of undefined
17:35:10.949 [WRN] qrc:/qt/qml/stroemling/qml/ep/EpSymbolSection.qml:37: TypeError: Cannot read property 'panelMid' of undefined
17:35:10.949 [WRN] qrc:/qt/qml/stroemling/qml/components/MiniButton.qml:18: TypeError: Cannot read property 'inputBg' of undefined
17:35:10.949 [WRN] qrc:/qt/qml/stroemling/qml/components/MiniButton.qml:26: TypeError: Cannot read property 'textMuted' of undefined
17:35:10.949 [WRN] qrc:/qt/qml/stroemling/qml/components/MiniButton.qml:19: TypeError: Cannot read property 'border' of undefined
17:35:10.949 [WRN] qrc:/qt/qml/stroemling/qml/components/MiniButton.qml:18: TypeError: Cannot read property 'inputBg' of undefined
17:35:10.949 [WRN] qrc:/qt/qml/stroemling/qml/components/MiniButton.qml:26: TypeError: Cannot read property 'textMuted' of undefined
17:35:10.949 [WRN] qrc:/qt/qml/stroemling/qml/components/MiniButton.qml:19: TypeError: Cannot read property 'border' of undefined
17:35:10.949 [WRN] qrc:/qt/qml/stroemling/qml/ep/EpAderdefinitionSection.qml:25: TypeError: Cannot read property 'border' of undefined
17:35:10.949 [WRN] qrc:/qt/qml/stroemling/qml/ep/EpAderdefinitionSection.qml:35: TypeError: Cannot read property 'borderLight' of undefined
17:35:10.949 [WRN] qrc:/qt/qml/stroemling/qml/ep/EpAderdefinitionSection.qml:44: TypeError: Cannot read property 'panelMid' of undefined
17:35:10.949 [WRN] qrc:/qt/qml/stroemling/qml/components/MiniButton.qml:18: TypeError: Cannot read property 'activeItemAlt' of undefined
17:35:10.949 [WRN] qrc:/qt/qml/stroemling/qml/components/MiniButton.qml:26: TypeError: Cannot read property 'accent' of undefined
17:35:10.949 [WRN] qrc:/qt/qml/stroemling/qml/components/MiniButton.qml:19: TypeError: Cannot read property 'accent' of undefined
17:35:10.949 [WRN] qrc:/qt/qml/stroemling/qml/components/MiniButton.qml:18: TypeError: Cannot read property 'inputBg' of undefined
17:35:10.949 [WRN] qrc:/qt/qml/stroemling/qml/components/MiniButton.qml:26: TypeError: Cannot read property 'textMuted' of undefined
17:35:10.949 [WRN] qrc:/qt/qml/stroemling/qml/components/MiniButton.qml:19: TypeError: Cannot read property 'border' of undefined
17:35:10.949 [WRN] qrc:/qt/qml/stroemling/qml/components/InputField.qml:37: TypeError: Cannot read property 'panelMid' of undefined
17:35:10.949 [WRN] qrc:/qt/qml/stroemling/qml/components/InputField.qml:49: TypeError: Cannot read property 'inputBg' of undefined
17:35:10.949 [WRN] qrc:/qt/qml/stroemling/qml/components/InputField.qml:56: TypeError: Cannot read property 'textSecondary' of undefined
17:35:10.949 [WRN] qrc:/qt/qml/stroemling/qml/components/InputField.qml:50: TypeError: Cannot read property 'border' of undefined
17:35:10.949 [WRN] qrc:/qt/qml/stroemling/qml/ep/EpAderdefinitionSection.qml:44: TypeError: Cannot read property 'panelMid' of undefined
17:35:10.949 [WRN] qrc:/qt/qml/stroemling/qml/ep/EpAderdefinitionSection.qml:44: TypeError: Cannot read property 'panelMid' of undefined
17:35:10.949 [WRN] qrc:/qt/qml/stroemling/qml/components/InputField.qml:37: TypeError: Cannot read property 'panelMid' of undefined
17:35:10.949 [WRN] qrc:/qt/qml/stroemling/qml/components/InputField.qml:49: TypeError: Cannot read property 'inputBg' of undefined
17:35:10.949 [WRN] qrc:/qt/qml/stroemling/qml/components/InputField.qml:56: TypeError: Cannot read property 'textSecondary' of undefined
17:35:10.949 [WRN] qrc:/qt/qml/stroemling/qml/components/InputField.qml:50: TypeError: Cannot read property 'border' of undefined
17:35:10.949 [WRN] qrc:/qt/qml/stroemling/qml/ep/EpKlemmenAnschlussSection.qml:25: TypeError: Cannot read property 'border' of undefined
17:35:10.949 [WRN] qrc:/qt/qml/stroemling/qml/ep/EpKlemmenAnschlussSection.qml:35: TypeError: Cannot read property 'borderLight' of undefined
17:35:10.949 [WRN] qrc:/qt/qml/stroemling/qml/ep/EpKlemmenAnschlussSection.qml:63: TypeError: Cannot read property 'accent' of undefined
17:35:10.949 [WRN] qrc:/qt/qml/stroemling/qml/ep/EpKlemmenAnschlussSection.qml:69: TypeError: Cannot read property 'badge' of undefined
17:35:10.949 [WRN] qrc:/qt/qml/stroemling/qml/ep/EpKlemmenAnschlussSection.qml:74: TypeError: Cannot read property 'accent' of undefined
17:35:10.949 [WRN] qrc:/qt/qml/stroemling/qml/ep/EpKlemmenAnschlussSection.qml:81: TypeError: Cannot read property 'textMuted' of undefined
17:35:10.949 [WRN] qrc:/qt/qml/stroemling/qml/ep/EpKlemmenAnschlussSection.qml:98: TypeError: Cannot read property 'textSubtle' of undefined
17:35:10.949 [WRN] qrc:/qt/qml/stroemling/qml/components/InputField.qml:37: TypeError: Cannot read property 'panelMid' of undefined
17:35:10.949 [WRN] qrc:/qt/qml/stroemling/qml/components/InputField.qml:49: TypeError: Cannot read property 'inputBg' of undefined
17:35:10.949 [WRN] qrc:/qt/qml/stroemling/qml/components/InputField.qml:56: TypeError: Cannot read property 'textSecondary' of undefined
17:35:10.949 [WRN] qrc:/qt/qml/stroemling/qml/components/InputField.qml:50: TypeError: Cannot read property 'border' of undefined
17:35:10.949 [WRN] qrc:/qt/qml/stroemling/qml/ep/EpKlemmenAnschlussSection.qml:25: TypeError: Cannot read property 'border' of undefined
17:35:10.949 [WRN] qrc:/qt/qml/stroemling/qml/ep/EpKlemmenAnschlussSection.qml:35: TypeError: Cannot read property 'borderLight' of undefined
17:35:10.949 [WRN] qrc:/qt/qml/stroemling/qml/ep/EpKlemmenAnschlussSection.qml:44: TypeError: Cannot read property 'panelMid' of undefined
17:35:10.949 [WRN] qrc:/qt/qml/stroemling/qml/ep/EpKlemmenAnschlussSection.qml:136: TypeError: Cannot read property 'textSecondary' of undefined
17:35:10.949 [WRN] qrc:/qt/qml/stroemling/qml/ep/EpKlemmenAnschlussSection.qml:44: TypeError: Cannot read property 'panelMid' of undefined
17:35:10.949 [WRN] qrc:/qt/qml/stroemling/qml/ep/EpKlemmenAnschlussSection.qml:146: TypeError: Cannot read property 'textSecondary' of undefined
17:35:10.949 [WRN] qrc:/qt/qml/stroemling/qml/ep/EpKlemmenAnschlussSection.qml:157: TypeError: Cannot read property 'textMuted' of undefined
17:35:10.949 [WRN] qrc:/qt/qml/stroemling/qml/ep/EpKlemmenAnschlussSection.qml:160: TypeError: Cannot read property 'textSecondary' of undefined
17:35:10.949 [WRN] qrc:/qt/qml/stroemling/qml/ep/EpKlemmenAnschlussSection.qml:44: TypeError: Cannot read property 'panelMid' of undefined
17:35:10.949 [WRN] qrc:/qt/qml/stroemling/qml/ep/EpKlemmenAnschlussSection.qml:25: TypeError: Cannot read property 'border' of undefined
17:35:10.949 [WRN] qrc:/qt/qml/stroemling/qml/ep/EpKlemmenAnschlussSection.qml:35: TypeError: Cannot read property 'borderLight' of undefined
17:35:10.949 [WRN] qrc:/qt/qml/stroemling/qml/ep/EpKlemmenAnschlussSection.qml:239: TypeError: Cannot read property 'accent' of undefined
17:35:10.949 [WRN] qrc:/qt/qml/stroemling/qml/ep/EpSteckverbinderSection.qml:19: TypeError: Cannot read property 'border' of undefined
17:35:10.949 [WRN] qrc:/qt/qml/stroemling/qml/ep/EpSteckverbinderSection.qml:29: TypeError: Cannot read property 'borderLight' of undefined
17:35:10.949 [WRN] qrc:/qt/qml/stroemling/qml/ep/EpSteckverbinderSection.qml:38: TypeError: Cannot read property 'panelMid' of undefined
17:35:10.949 [WRN] qrc:/qt/qml/stroemling/qml/ep/EpSteckverbinderSection.qml:38: TypeError: Cannot read property 'panelMid' of undefined
17:35:10.949 [WRN] qrc:/qt/qml/stroemling/qml/ep/EpSteckverbinderSection.qml:87: TypeError: Cannot read property 'textPrimary' of undefined
17:35:10.949 [WRN] qrc:/qt/qml/stroemling/qml/ep/EpSteckverbinderSection.qml:100: TypeError: Cannot read property 'textSecondary' of undefined
17:35:10.949 [WRN] qrc:/qt/qml/stroemling/qml/ep/EpSteckverbinderSection.qml:109: TypeError: Cannot read property 'textPrimary' of undefined
17:35:10.949 [WRN] qrc:/qt/qml/stroemling/qml/ep/EpSteckverbinderSection.qml:38: TypeError: Cannot read property 'panelMid' of undefined
17:35:10.949 [WRN] qrc:/qt/qml/stroemling/qml/ep/EpSteckverbinderSection.qml:130: TypeError: Cannot read property 'textPrimary' of undefined
17:35:10.949 [WRN] qrc:/qt/qml/stroemling/qml/ep/EpBildSection.qml:17: TypeError: Cannot read property 'border' of undefined
17:35:10.949 [WRN] qrc:/qt/qml/stroemling/qml/ep/EpBildSection.qml:27: TypeError: Cannot read property 'borderLight' of undefined
17:35:10.949 [WRN] qrc:/qt/qml/stroemling/qml/ep/EpBildSection.qml:36: TypeError: Cannot read property 'panelMid' of undefined
17:35:10.949 [WRN] qrc:/qt/qml/stroemling/qml/ep/EpBildSection.qml:72: TypeError: Cannot read property 'panelMid' of undefined
17:35:10.949 [WRN] qrc:/qt/qml/stroemling/qml/ep/EpBildSection.qml:79: TypeError: Cannot read property 'inputBg' of undefined
17:35:10.949 [WRN] qrc:/qt/qml/stroemling/qml/ep/EpBildSection.qml:84: TypeError: Cannot read property 'textSecondary' of undefined
17:35:10.950 [WRN] qrc:/qt/qml/stroemling/qml/ep/EpBildSection.qml:79: TypeError: Cannot read property 'border' of undefined
17:35:10.950 [WRN] qrc:/qt/qml/stroemling/qml/ep/EpBildSection.qml:102: TypeError: Cannot read property 'borderLight' of undefined
17:35:10.950 [WRN] qrc:/qt/qml/stroemling/qml/ep/EpBildSection.qml:36: TypeError: Cannot read property 'panelMid' of undefined
17:35:10.950 [WRN] qrc:/qt/qml/stroemling/qml/components/MiniButton.qml:18: TypeError: Cannot read property 'inputBg' of undefined
17:35:10.950 [WRN] qrc:/qt/qml/stroemling/qml/components/MiniButton.qml:26: TypeError: Cannot read property 'textMuted' of undefined
17:35:10.950 [WRN] qrc:/qt/qml/stroemling/qml/components/MiniButton.qml:19: TypeError: Cannot read property 'border' of undefined
17:35:10.950 [WRN] qrc:/qt/qml/stroemling/qml/components/MiniButton.qml:18: TypeError: Cannot read property 'inputBg' of undefined
17:35:10.950 [WRN] qrc:/qt/qml/stroemling/qml/components/MiniButton.qml:26: TypeError: Cannot read property 'textMuted' of undefined
17:35:10.950 [WRN] qrc:/qt/qml/stroemling/qml/components/MiniButton.qml:19: TypeError: Cannot read property 'border' of undefined
17:35:10.950 [WRN] qrc:/qt/qml/stroemling/qml/ep/EpBildSection.qml:17: TypeError: Cannot read property 'border' of undefined
17:35:10.950 [WRN] qrc:/qt/qml/stroemling/qml/ep/EpBildSection.qml:27: TypeError: Cannot read property 'borderLight' of undefined
17:35:10.950 [WRN] qrc:/qt/qml/stroemling/qml/ep/EpBildSection.qml:134: TypeError: Cannot read property 'inputBg' of undefined
17:35:10.950 [WRN] qrc:/qt/qml/stroemling/qml/ep/EpBildSection.qml:135: TypeError: Cannot read property 'border' of undefined
17:35:10.950 [WRN] qrc:/qt/qml/stroemling/qml/ep/EpBildSection.qml:142: TypeError: Cannot read property 'textMuted' of undefined
17:35:10.950 [WRN] qrc:/qt/qml/stroemling/qml/ep/EpBildSection.qml:17: TypeError: Cannot read property 'border' of undefined
17:35:10.950 [WRN] qrc:/qt/qml/stroemling/qml/ep/EpBildSection.qml:27: TypeError: Cannot read property 'borderLight' of undefined
17:35:10.950 [WRN] qrc:/qt/qml/stroemling/qml/ep/EpBildSection.qml:153: TypeError: Cannot read property 'panelMid' of undefined
17:35:10.950 [WRN] qrc:/qt/qml/stroemling/qml/ep/EpBildSection.qml:157: TypeError: Cannot read property 'inputBg' of undefined
17:35:10.950 [WRN] qrc:/qt/qml/stroemling/qml/ep/EpBildSection.qml:158: TypeError: Cannot read property 'accent' of undefined
17:35:10.950 [WRN] qrc:/qt/qml/stroemling/qml/ep/EpBildSection.qml:157: TypeError: Cannot read property 'border' of undefined
17:35:10.950 [WRN] qrc:/qt/qml/stroemling/qml/ep/EpBildSection.qml:171: TypeError: Cannot read property 'panelMid' of undefined
17:35:10.950 [WRN] qrc:/qt/qml/stroemling/qml/ep/EpBildSection.qml:175: TypeError: Cannot read property 'inputBg' of undefined
17:35:10.950 [WRN] qrc:/qt/qml/stroemling/qml/ep/EpBildSection.qml:176: TypeError: Cannot read property 'accent' of undefined
17:35:10.950 [WRN] qrc:/qt/qml/stroemling/qml/ep/EpBildSection.qml:175: TypeError: Cannot read property 'border' of undefined
17:35:10.950 [WRN] qrc:/qt/qml/stroemling/qml/ep/EpBildSection.qml:189: TypeError: Cannot read property 'panelMid' of undefined
17:35:10.950 [WRN] qrc:/qt/qml/stroemling/qml/ep/EpBildSection.qml:193: TypeError: Cannot read property 'inputBg' of undefined
17:35:10.950 [WRN] qrc:/qt/qml/stroemling/qml/ep/EpBildSection.qml:194: TypeError: Cannot read property 'accent' of undefined
17:35:10.950 [WRN] qrc:/qt/qml/stroemling/qml/ep/EpBildSection.qml:193: TypeError: Cannot read property 'border' of undefined
17:35:10.950 [WRN] qrc:/qt/qml/stroemling/qml/ep/EpBildSection.qml:207: TypeError: Cannot read property 'panelMid' of undefined
17:35:10.950 [WRN] qrc:/qt/qml/stroemling/qml/ep/EpBildSection.qml:211: TypeError: Cannot read property 'inputBg' of undefined
17:35:10.950 [WRN] qrc:/qt/qml/stroemling/qml/ep/EpBildSection.qml:212: TypeError: Cannot read property 'accent' of undefined
17:35:10.950 [WRN] qrc:/qt/qml/stroemling/qml/ep/EpBildSection.qml:211: TypeError: Cannot read property 'border' of undefined
17:35:10.950 [WRN] qrc:/qt/qml/stroemling/qml/ep/EpTextInhaltSection.qml:17: TypeError: Cannot read property 'border' of undefined
17:35:10.950 [WRN] qrc:/qt/qml/stroemling/qml/ep/EpTextInhaltSection.qml:27: TypeError: Cannot read property 'borderLight' of undefined
17:35:10.950 [WRN] qrc:/qt/qml/stroemling/qml/ep/EpTextInhaltSection.qml:36: TypeError: Cannot read property 'panelMid' of undefined
17:35:10.950 [WRN] qrc:/qt/qml/stroemling/qml/ep/EpTextInhaltSection.qml:52: TypeError: Cannot read property 'inputBg' of undefined
17:35:10.950 [WRN] qrc:/qt/qml/stroemling/qml/ep/EpTextInhaltSection.qml:58: TypeError: Cannot read property 'textSecondary' of undefined
17:35:10.950 [WRN] qrc:/qt/qml/stroemling/qml/ep/EpTextInhaltSection.qml:53: TypeError: Cannot read property 'border' of undefined
17:35:10.950 [WRN] qrc:/qt/qml/stroemling/qml/ep/EpTextInhaltSection.qml:36: TypeError: Cannot read property 'panelMid' of undefined
17:35:10.950 [WRN] qrc:/qt/qml/stroemling/qml/ep/EpTextInhaltSection.qml:108: TypeError: Cannot read property 'inputBg' of undefined
17:35:10.950 [WRN] qrc:/qt/qml/stroemling/qml/ep/EpTextInhaltSection.qml:109: TypeError: Cannot read property 'border' of undefined
17:35:10.950 [WRN] qrc:/qt/qml/stroemling/qml/ep/EpTextInhaltSection.qml:116: TypeError: Cannot read property 'textMuted' of undefined
17:35:10.950 [WRN] qrc:/qt/qml/stroemling/qml/ep/EpTextInhaltSection.qml:36: TypeError: Cannot read property 'panelMid' of undefined
17:35:10.950 [WRN] qrc:/qt/qml/stroemling/qml/components/MiniButton.qml:18: TypeError: Cannot read property 'activeItemAlt' of undefined
17:35:10.950 [WRN] qrc:/qt/qml/stroemling/qml/components/MiniButton.qml:26: TypeError: Cannot read property 'accent' of undefined
17:35:10.950 [WRN] qrc:/qt/qml/stroemling/qml/components/MiniButton.qml:19: TypeError: Cannot read property 'accent' of undefined
17:35:10.950 [WRN] qrc:/qt/qml/stroemling/qml/components/MiniButton.qml:18: TypeError: Cannot read property 'inputBg' of undefined
17:35:10.950 [WRN] qrc:/qt/qml/stroemling/qml/components/MiniButton.qml:26: TypeError: Cannot read property 'textMuted' of undefined
17:35:10.950 [WRN] qrc:/qt/qml/stroemling/qml/components/MiniButton.qml:19: TypeError: Cannot read property 'border' of undefined
17:35:10.950 [WRN] qrc:/qt/qml/stroemling/qml/ep/EpTextInhaltSection.qml:17: TypeError: Cannot read property 'border' of undefined
17:35:10.950 [WRN] qrc:/qt/qml/stroemling/qml/ep/EpTextInhaltSection.qml:27: TypeError: Cannot read property 'borderLight' of undefined
17:35:10.950 [WRN] qrc:/qt/qml/stroemling/qml/ep/EpTextInhaltSection.qml:147: TypeError: Cannot read property 'inputBg' of undefined
17:35:10.950 [WRN] qrc:/qt/qml/stroemling/qml/ep/EpTextInhaltSection.qml:148: TypeError: Cannot read property 'border' of undefined
17:35:10.950 [WRN] qrc:/qt/qml/stroemling/qml/ep/EpTextInhaltSection.qml:154: TypeError: Cannot read property 'textMuted' of undefined
17:35:10.950 [WRN] qrc:/qt/qml/stroemling/qml/ep/EpTextInhaltSection.qml:17: TypeError: Cannot read property 'border' of undefined
17:35:10.950 [WRN] qrc:/qt/qml/stroemling/qml/ep/EpTextInhaltSection.qml:27: TypeError: Cannot read property 'borderLight' of undefined
17:35:10.950 [WRN] qrc:/qt/qml/stroemling/qml/ep/EpTextInhaltSection.qml:36: TypeError: Cannot read property 'panelMid' of undefined
17:35:10.950 [WRN] qrc:/qt/qml/stroemling/qml/components/MiniButton.qml:18: TypeError: Cannot read property 'inputBg' of undefined
17:35:10.950 [WRN] qrc:/qt/qml/stroemling/qml/components/MiniButton.qml:26: TypeError: Cannot read property 'textMuted' of undefined
17:35:10.950 [WRN] qrc:/qt/qml/stroemling/qml/components/MiniButton.qml:19: TypeError: Cannot read property 'border' of undefined
17:35:10.950 [WRN] qrc:/qt/qml/stroemling/qml/ep/EpNotizSection.qml:17: TypeError: Cannot read property 'border' of undefined
17:35:10.950 [WRN] qrc:/qt/qml/stroemling/qml/ep/EpNotizSection.qml:27: TypeError: Cannot read property 'borderLight' of undefined
17:35:10.950 [WRN] qrc:/qt/qml/stroemling/qml/ep/EpNotizSection.qml:36: TypeError: Cannot read property 'panelMid' of undefined
17:35:10.950 [WRN] qrc:/qt/qml/stroemling/qml/ep/EpNotizSection.qml:52: TypeError: Cannot read property 'inputBg' of undefined
17:35:10.950 [WRN] qrc:/qt/qml/stroemling/qml/ep/EpNotizSection.qml:57: TypeError: Cannot read property 'textSecondary' of undefined
17:35:10.950 [WRN] qrc:/qt/qml/stroemling/qml/ep/EpNotizSection.qml:53: TypeError: Cannot read property 'border' of undefined
17:35:10.950 [WRN] qrc:/qt/qml/stroemling/qml/ep/EpNotizSection.qml:36: TypeError: Cannot read property 'panelMid' of undefined
17:35:10.950 [WRN] qrc:/qt/qml/stroemling/qml/ep/EpNotizSection.qml:17: TypeError: Cannot read property 'border' of undefined
17:35:10.950 [WRN] qrc:/qt/qml/stroemling/qml/ep/EpNotizSection.qml:27: TypeError: Cannot read property 'borderLight' of undefined
17:35:10.950 [WRN] qrc:/qt/qml/stroemling/qml/ep/EpNotizSection.qml:36: TypeError: Cannot read property 'panelMid' of undefined
17:35:10.950 [WRN] qrc:/qt/qml/stroemling/qml/components/MiniButton.qml:18: TypeError: Cannot read property 'inputBg' of undefined
17:35:10.950 [WRN] qrc:/qt/qml/stroemling/qml/components/MiniButton.qml:26: TypeError: Cannot read property 'textMuted' of undefined
17:35:10.950 [WRN] qrc:/qt/qml/stroemling/qml/components/MiniButton.qml:19: TypeError: Cannot read property 'border' of undefined
17:35:10.950 [WRN] qrc:/qt/qml/stroemling/qml/ep/EpMasseSection.qml:17: TypeError: Cannot read property 'border' of undefined
17:35:10.950 [WRN] qrc:/qt/qml/stroemling/qml/ep/EpMasseSection.qml:27: TypeError: Cannot read property 'borderLight' of undefined
17:35:10.950 [WRN] qrc:/qt/qml/stroemling/qml/components/MassField.qml:21: TypeError: Cannot read property 'borderLight' of undefined
17:35:10.950 [WRN] qrc:/qt/qml/stroemling/qml/components/MassField.qml:25: TypeError: Cannot read property 'inputBg' of undefined
17:35:10.950 [WRN] qrc:/qt/qml/stroemling/qml/components/MassField.qml:31: TypeError: Cannot read property 'textSecondary' of undefined
17:35:10.950 [WRN] qrc:/qt/qml/stroemling/qml/components/MassField.qml:25: TypeError: Cannot read property 'border' of undefined
17:35:10.950 [WRN] qrc:/qt/qml/stroemling/qml/components/MassField.qml:48: TypeError: Cannot read property 'borderLight' of undefined
17:35:10.950 [WRN] qrc:/qt/qml/stroemling/qml/components/MassField.qml:21: TypeError: Cannot read property 'borderLight' of undefined
17:35:10.950 [WRN] qrc:/qt/qml/stroemling/qml/components/MassField.qml:25: TypeError: Cannot read property 'inputBg' of undefined
17:35:10.950 [WRN] qrc:/qt/qml/stroemling/qml/components/MassField.qml:31: TypeError: Cannot read property 'textSecondary' of undefined
17:35:10.950 [WRN] qrc:/qt/qml/stroemling/qml/components/MassField.qml:25: TypeError: Cannot read property 'border' of undefined
17:35:10.950 [WRN] qrc:/qt/qml/stroemling/qml/components/MassField.qml:48: TypeError: Cannot read property 'borderLight' of undefined
17:35:10.950 [WRN] qrc:/qt/qml/stroemling/qml/components/MassField.qml:21: TypeError: Cannot read property 'borderLight' of undefined
17:35:10.950 [WRN] qrc:/qt/qml/stroemling/qml/components/MassField.qml:25: TypeError: Cannot read property 'inputBg' of undefined
17:35:10.950 [WRN] qrc:/qt/qml/stroemling/qml/components/MassField.qml:31: TypeError: Cannot read property 'textSecondary' of undefined
17:35:10.950 [WRN] qrc:/qt/qml/stroemling/qml/components/MassField.qml:25: TypeError: Cannot read property 'border' of undefined
17:35:10.950 [WRN] qrc:/qt/qml/stroemling/qml/components/MassField.qml:48: TypeError: Cannot read property 'borderLight' of undefined
17:35:10.950 [WRN] qrc:/qt/qml/stroemling/qml/components/MassField.qml:21: TypeError: Cannot read property 'borderLight' of undefined
17:35:10.950 [WRN] qrc:/qt/qml/stroemling/qml/components/MassField.qml:25: TypeError: Cannot read property 'inputBg' of undefined
17:35:10.950 [WRN] qrc:/qt/qml/stroemling/qml/components/MassField.qml:31: TypeError: Cannot read property 'textSecondary' of undefined
17:35:10.950 [WRN] qrc:/qt/qml/stroemling/qml/components/MassField.qml:25: TypeError: Cannot read property 'border' of undefined
17:35:10.950 [WRN] qrc:/qt/qml/stroemling/qml/components/MassField.qml:48: TypeError: Cannot read property 'borderLight' of undefined
17:35:10.950 [WRN] qrc:/qt/qml/stroemling/qml/components/MassField.qml:21: TypeError: Cannot read property 'borderLight' of undefined
17:35:10.950 [WRN] qrc:/qt/qml/stroemling/qml/components/MassField.qml:25: TypeError: Cannot read property 'inputBg' of undefined
17:35:10.950 [WRN] qrc:/qt/qml/stroemling/qml/components/MassField.qml:31: TypeError: Cannot read property 'textSecondary' of undefined
17:35:10.950 [WRN] qrc:/qt/qml/stroemling/qml/components/MassField.qml:25: TypeError: Cannot read property 'border' of undefined
17:35:10.950 [WRN] qrc:/qt/qml/stroemling/qml/components/MassField.qml:48: TypeError: Cannot read property 'borderLight' of undefined
17:35:10.950 [WRN] qrc:/qt/qml/stroemling/qml/components/MassField.qml:21: TypeError: Cannot read property 'borderLight' of undefined
17:35:10.950 [WRN] qrc:/qt/qml/stroemling/qml/components/MassField.qml:25: TypeError: Cannot read property 'inputBg' of undefined
17:35:10.951 [WRN] qrc:/qt/qml/stroemling/qml/components/MassField.qml:31: TypeError: Cannot read property 'textSecondary' of undefined
17:35:10.951 [WRN] qrc:/qt/qml/stroemling/qml/components/MassField.qml:25: TypeError: Cannot read property 'border' of undefined
17:35:10.951 [WRN] qrc:/qt/qml/stroemling/qml/components/MassField.qml:48: TypeError: Cannot read property 'borderLight' of undefined
17:35:10.951 [WRN] qrc:/qt/qml/stroemling/qml/components/MassField.qml:21: TypeError: Cannot read property 'borderLight' of undefined
17:35:10.951 [WRN] qrc:/qt/qml/stroemling/qml/components/MassField.qml:25: TypeError: Cannot read property 'inputBg' of undefined
17:35:10.951 [WRN] qrc:/qt/qml/stroemling/qml/components/MassField.qml:31: TypeError: Cannot read property 'textSecondary' of undefined
17:35:10.951 [WRN] qrc:/qt/qml/stroemling/qml/components/MassField.qml:25: TypeError: Cannot read property 'border' of undefined
17:35:10.951 [WRN] qrc:/qt/qml/stroemling/qml/components/MassField.qml:48: TypeError: Cannot read property 'borderLight' of undefined
17:35:10.951 [WRN] qrc:/qt/qml/stroemling/qml/components/MassField.qml:21: TypeError: Cannot read property 'borderLight' of undefined
17:35:10.951 [WRN] qrc:/qt/qml/stroemling/qml/components/MassField.qml:25: TypeError: Cannot read property 'inputBg' of undefined
17:35:10.951 [WRN] qrc:/qt/qml/stroemling/qml/components/MassField.qml:31: TypeError: Cannot read property 'textSecondary' of undefined
17:35:10.951 [WRN] qrc:/qt/qml/stroemling/qml/components/MassField.qml:25: TypeError: Cannot read property 'border' of undefined
17:35:10.951 [WRN] qrc:/qt/qml/stroemling/qml/components/MassField.qml:48: TypeError: Cannot read property 'borderLight' of undefined
17:35:10.951 [WRN] qrc:/qt/qml/stroemling/qml/components/MassField.qml:21: TypeError: Cannot read property 'borderLight' of undefined
17:35:10.951 [WRN] qrc:/qt/qml/stroemling/qml/components/MassField.qml:25: TypeError: Cannot read property 'inputBg' of undefined
17:35:10.951 [WRN] qrc:/qt/qml/stroemling/qml/components/MassField.qml:31: TypeError: Cannot read property 'textSecondary' of undefined
17:35:10.951 [WRN] qrc:/qt/qml/stroemling/qml/components/MassField.qml:25: TypeError: Cannot read property 'border' of undefined
17:35:10.951 [WRN] qrc:/qt/qml/stroemling/qml/components/MassField.qml:48: TypeError: Cannot read property 'borderLight' of undefined
17:35:10.951 [WRN] qrc:/qt/qml/stroemling/qml/components/MassField.qml:21: TypeError: Cannot read property 'borderLight' of undefined
17:35:10.951 [WRN] qrc:/qt/qml/stroemling/qml/components/MassField.qml:25: TypeError: Cannot read property 'inputBg' of undefined
17:35:10.951 [WRN] qrc:/qt/qml/stroemling/qml/components/MassField.qml:31: TypeError: Cannot read property 'textSecondary' of undefined
17:35:10.951 [WRN] qrc:/qt/qml/stroemling/qml/components/MassField.qml:25: TypeError: Cannot read property 'border' of undefined
17:35:10.951 [WRN] qrc:/qt/qml/stroemling/qml/components/MassField.qml:48: TypeError: Cannot read property 'borderLight' of undefined
17:35:10.951 [WRN] qrc:/qt/qml/stroemling/qml/components/MassField.qml:21: TypeError: Cannot read property 'borderLight' of undefined
17:35:10.951 [WRN] qrc:/qt/qml/stroemling/qml/components/MassField.qml:25: TypeError: Cannot read property 'inputBg' of undefined
17:35:10.951 [WRN] qrc:/qt/qml/stroemling/qml/components/MassField.qml:31: TypeError: Cannot read property 'textSecondary' of undefined
17:35:10.951 [WRN] qrc:/qt/qml/stroemling/qml/components/MassField.qml:25: TypeError: Cannot read property 'border' of undefined
17:35:10.951 [WRN] qrc:/qt/qml/stroemling/qml/components/MassField.qml:48: TypeError: Cannot read property 'borderLight' of undefined
17:35:10.951 [WRN] qrc:/qt/qml/stroemling/qml/components/MassField.qml:21: TypeError: Cannot read property 'borderLight' of undefined
17:35:10.951 [WRN] qrc:/qt/qml/stroemling/qml/components/MassField.qml:25: TypeError: Cannot read property 'inputBg' of undefined
17:35:10.951 [WRN] qrc:/qt/qml/stroemling/qml/components/MassField.qml:31: TypeError: Cannot read property 'textSecondary' of undefined
17:35:10.951 [WRN] qrc:/qt/qml/stroemling/qml/components/MassField.qml:25: TypeError: Cannot read property 'border' of undefined
17:35:10.951 [WRN] qrc:/qt/qml/stroemling/qml/components/MassField.qml:48: TypeError: Cannot read property 'borderLight' of undefined
17:35:10.951 [WRN] qrc:/qt/qml/stroemling/qml/components/MassField.qml:21: TypeError: Cannot read property 'borderLight' of undefined
17:35:10.951 [WRN] qrc:/qt/qml/stroemling/qml/components/MassField.qml:25: TypeError: Cannot read property 'inputBg' of undefined
17:35:10.951 [WRN] qrc:/qt/qml/stroemling/qml/components/MassField.qml:31: TypeError: Cannot read property 'textSecondary' of undefined
17:35:10.951 [WRN] qrc:/qt/qml/stroemling/qml/components/MassField.qml:25: TypeError: Cannot read property 'border' of undefined
17:35:10.951 [WRN] qrc:/qt/qml/stroemling/qml/components/MassField.qml:48: TypeError: Cannot read property 'borderLight' of undefined
17:35:10.951 [WRN] qrc:/qt/qml/stroemling/qml/components/MassField.qml:21: TypeError: Cannot read property 'borderLight' of undefined
17:35:10.951 [WRN] qrc:/qt/qml/stroemling/qml/components/MassField.qml:25: TypeError: Cannot read property 'inputBg' of undefined
17:35:10.951 [WRN] qrc:/qt/qml/stroemling/qml/components/MassField.qml:31: TypeError: Cannot read property 'textSecondary' of undefined
17:35:10.951 [WRN] qrc:/qt/qml/stroemling/qml/components/MassField.qml:25: TypeError: Cannot read property 'border' of undefined
17:35:10.951 [WRN] qrc:/qt/qml/stroemling/qml/components/MassField.qml:48: TypeError: Cannot read property 'borderLight' of undefined
17:35:10.951 [WRN] qrc:/qt/qml/stroemling/qml/components/MassField.qml:21: TypeError: Cannot read property 'borderLight' of undefined
17:35:10.951 [WRN] qrc:/qt/qml/stroemling/qml/components/MassField.qml:25: TypeError: Cannot read property 'inputBg' of undefined
17:35:10.951 [WRN] qrc:/qt/qml/stroemling/qml/components/MassField.qml:31: TypeError: Cannot read property 'textSecondary' of undefined
17:35:10.951 [WRN] qrc:/qt/qml/stroemling/qml/components/MassField.qml:25: TypeError: Cannot read property 'border' of undefined
17:35:10.951 [WRN] qrc:/qt/qml/stroemling/qml/components/MassField.qml:48: TypeError: Cannot read property 'borderLight' of undefined
17:35:10.951 [WRN] qrc:/qt/qml/stroemling/qml/components/MassField.qml:21: TypeError: Cannot read property 'borderLight' of undefined
17:35:10.951 [WRN] qrc:/qt/qml/stroemling/qml/components/MassField.qml:25: TypeError: Cannot read property 'inputBg' of undefined
17:35:10.951 [WRN] qrc:/qt/qml/stroemling/qml/components/MassField.qml:31: TypeError: Cannot read property 'textSecondary' of undefined
17:35:10.951 [WRN] qrc:/qt/qml/stroemling/qml/components/MassField.qml:25: TypeError: Cannot read property 'border' of undefined
17:35:10.951 [WRN] qrc:/qt/qml/stroemling/qml/components/MassField.qml:48: TypeError: Cannot read property 'borderLight' of undefined
17:35:10.951 [WRN] qrc:/qt/qml/stroemling/qml/ep/EpSpsKanalSection.qml:46: TypeError: Cannot read property 'border' of undefined
17:35:10.951 [WRN] qrc:/qt/qml/stroemling/qml/ep/EpSpsKanalSection.qml:56: TypeError: Cannot read property 'borderLight' of undefined
17:35:10.951 [WRN] qrc:/qt/qml/stroemling/qml/ep/EpSpsKanalSection.qml:100: TypeError: Cannot read property 'inputBg' of undefined
17:35:10.951 [WRN] qrc:/qt/qml/stroemling/qml/ep/EpSpsKanalSection.qml:105: TypeError: Cannot read property 'accent' of undefined
17:35:10.951 [WRN] qrc:/qt/qml/stroemling/qml/ep/EpSpsKanalSection.qml:101: TypeError: Cannot read property 'border' of undefined
17:35:10.951 [WRN] qrc:/qt/qml/stroemling/qml/ep/EpSpsKanalSection.qml:71: TypeError: Cannot read property 'panelMid' of undefined
17:35:10.951 [WRN] qrc:/qt/qml/stroemling/qml/ep/EpSpsKanalSection.qml:76: TypeError: Cannot read property 'textSecondary' of undefined
17:35:10.951 [WRN] qrc:/qt/qml/stroemling/qml/ep/EpSpsKanalSection.qml:71: TypeError: Cannot read property 'panelMid' of undefined
17:35:10.951 [WRN] qrc:/qt/qml/stroemling/qml/ep/EpSpsKanalSection.qml:76: TypeError: Cannot read property 'textSecondary' of undefined
17:35:10.951 [WRN] qrc:/qt/qml/stroemling/qml/ep/EpSpsKanalSection.qml:71: TypeError: Cannot read property 'panelMid' of undefined
17:35:10.951 [WRN] qrc:/qt/qml/stroemling/qml/ep/EpSpsKanalSection.qml:76: TypeError: Cannot read property 'textSecondary' of undefined
17:35:10.951 [WRN] qrc:/qt/qml/stroemling/qml/ep/EpSpsKanalSection.qml:71: TypeError: Cannot read property 'panelMid' of undefined
17:35:10.951 [WRN] qrc:/qt/qml/stroemling/qml/ep/EpSpsKanalSection.qml:76: TypeError: Cannot read property 'textSecondary' of undefined
17:35:10.951 [WRN] qrc:/qt/qml/stroemling/qml/ep/EpSpsKanalSection.qml:71: TypeError: Cannot read property 'panelMid' of undefined
17:35:10.951 [WRN] qrc:/qt/qml/stroemling/qml/ep/EpSpsKanalSection.qml:76: TypeError: Cannot read property 'textSecondary' of undefined
17:35:10.951 [WRN] qrc:/qt/qml/stroemling/qml/ep/EpSpsKanalSection.qml:71: TypeError: Cannot read property 'panelMid' of undefined
17:35:10.951 [WRN] qrc:/qt/qml/stroemling/qml/ep/EpSpsKanalSection.qml:76: TypeError: Cannot read property 'textSecondary' of undefined
17:35:10.951 [WRN] qrc:/qt/qml/stroemling/qml/ep/EpSpsKanalSection.qml:71: TypeError: Cannot read property 'panelMid' of undefined
17:35:10.951 [WRN] qrc:/qt/qml/stroemling/qml/ep/EpSpsKanalSection.qml:76: TypeError: Cannot read property 'textSecondary' of undefined
17:35:10.951 [WRN] qrc:/qt/qml/stroemling/qml/ep/EpSpsKanalSection.qml:71: TypeError: Cannot read property 'panelMid' of undefined
17:35:10.951 [WRN] qrc:/qt/qml/stroemling/qml/ep/EpSpsKanalSection.qml:76: TypeError: Cannot read property 'textSecondary' of undefined
17:35:10.951 [WRN] qrc:/qt/qml/stroemling/qml/ep/EpSpsKanalSection.qml:205: TypeError: Cannot read property 'inputBg' of undefined
17:35:10.951 [WRN] qrc:/qt/qml/stroemling/qml/ep/EpSpsKanalSection.qml:210: TypeError: Cannot read property 'accent' of undefined
17:35:10.951 [WRN] qrc:/qt/qml/stroemling/qml/ep/EpSpsKanalSection.qml:206: TypeError: Cannot read property 'border' of undefined
17:35:10.951 [WRN] qrc:/qt/qml/stroemling/qml/ep/EpSpsKanalSection.qml:221: TypeError: Cannot read property 'inputBg' of undefined
17:35:10.951 [WRN] qrc:/qt/qml/stroemling/qml/ep/EpSpsKanalSection.qml:226: TypeError: Cannot read property 'borderLight' of undefined
17:35:10.951 [WRN] qrc:/qt/qml/stroemling/qml/ep/EpSpsKanalSection.qml:222: TypeError: Cannot read property 'border' of undefined
17:35:10.951 [WRN] qrc:/qt/qml/stroemling/qml/ep/EpSpsKanalSection.qml:267: TypeError: Cannot read property 'accent' of undefined
17:35:10.951 [WRN] qrc:/qt/qml/stroemling/qml/ep/EpSpsKanalSection.qml:294: TypeError: Cannot read property 'textBright' of undefined
17:35:10.951 [WRN] qrc:/qt/qml/stroemling/qml/ep/EpSpsKanalSection.qml:359: TypeError: Cannot read property 'textMuted' of undefined
17:35:10.951 [WRN] qrc:/qt/qml/stroemling/qml/ep/EpBetriebsmittelSection.qml:32: TypeError: Cannot read property 'border' of undefined
17:35:10.951 [WRN] qrc:/qt/qml/stroemling/qml/ep/EpBetriebsmittelSection.qml:42: TypeError: Cannot read property 'borderLight' of undefined
17:35:10.951 [WRN] qrc:/qt/qml/stroemling/qml/ep/EpBetriebsmittelSection.qml:51: TypeError: Cannot read property 'panelMid' of undefined
17:35:10.951 [WRN] qrc:/qt/qml/stroemling/qml/ep/EpBetriebsmittelSection.qml:127: TypeError: Cannot read property 'inputBg' of undefined
17:35:10.951 [WRN] qrc:/qt/qml/stroemling/qml/ep/EpBetriebsmittelSection.qml:133: TypeError: Cannot read property 'textSecondary' of undefined
17:35:10.951 [WRN] qrc:/qt/qml/stroemling/qml/ep/EpBetriebsmittelSection.qml:128: TypeError: Cannot read property 'border' of undefined
17:35:10.951 [WRN] qrc:/qt/qml/stroemling/qml/ep/EpBetriebsmittelSection.qml:151: TypeError: Cannot read property 'inputBg' of undefined
17:35:10.951 [WRN] qrc:/qt/qml/stroemling/qml/ep/EpBetriebsmittelSection.qml:155: TypeError: Cannot read property 'accent' of undefined
17:35:10.951 [WRN] qrc:/qt/qml/stroemling/qml/ep/EpBetriebsmittelSection.qml:152: TypeError: Cannot read property 'border' of undefined
17:35:10.951 [WRN] qrc:/qt/qml/stroemling/qml/ep/EpBetriebsmittelSection.qml:51: TypeError: Cannot read property 'panelMid' of undefined
17:35:10.951 [WRN] qrc:/qt/qml/stroemling/qml/ep/EpBetriebsmittelSection.qml:209: TypeError: Cannot read property 'inputBg' of undefined
17:35:10.951 [WRN] qrc:/qt/qml/stroemling/qml/ep/EpBetriebsmittelSection.qml:231: TypeError: Cannot read property 'borderLight' of undefined
17:35:10.951 [WRN] qrc:/qt/qml/stroemling/qml/ep/EpBetriebsmittelSection.qml:239: TypeError: Cannot read property 'accent' of undefined
17:35:10.951 [WRN] qrc:/qt/qml/stroemling/qml/ep/EpBetriebsmittelSection.qml:255: TypeError: Cannot read property 'borderLight' of undefined
17:35:10.951 [WRN] qrc:/qt/qml/stroemling/qml/ep/EpBetriebsmittelSection.qml:213: TypeError: Cannot read property 'border' of undefined
17:35:10.951 [WRN] qrc:/qt/qml/stroemling/qml/ep/EpBetriebsmittelSection.qml:266: TypeError: Cannot read property 'inputBg' of undefined
17:35:10.951 [WRN] qrc:/qt/qml/stroemling/qml/ep/EpBetriebsmittelSection.qml:269: TypeError: Cannot read property 'accent' of undefined
17:35:10.951 [WRN] qrc:/qt/qml/stroemling/qml/ep/EpBetriebsmittelSection.qml:267: TypeError: Cannot read property 'border' of undefined
17:35:10.951 [WRN] qrc:/qt/qml/stroemling/qml/ep/EpBetriebsmittelSection.qml:278: TypeError: Cannot read property 'inputBg' of undefined
17:35:10.951 [WRN] qrc:/qt/qml/stroemling/qml/ep/EpBetriebsmittelSection.qml:282: TypeError: Cannot read property 'borderLight' of undefined
17:35:10.951 [WRN] qrc:/qt/qml/stroemling/qml/ep/EpBetriebsmittelSection.qml:279: TypeError: Cannot read property 'border' of undefined
17:35:10.951 [WRN] qrc:/qt/qml/stroemling/qml/ep/EpBetriebsmittelSection.qml:302: TypeError: Cannot read property 'inputBg' of undefined
17:35:10.952 [WRN] qrc:/qt/qml/stroemling/qml/ep/EpBetriebsmittelSection.qml:309: TypeError: Cannot read property 'textMuted' of undefined
17:35:10.952 [WRN] qrc:/qt/qml/stroemling/qml/ep/EpBetriebsmittelSection.qml:303: TypeError: Cannot read property 'border' of undefined
17:35:10.952 [WRN] qrc:/qt/qml/stroemling/qml/ep/EpBetriebsmittelSection.qml:325: TypeError: Cannot read property 'inputBg' of undefined
17:35:10.952 [WRN] qrc:/qt/qml/stroemling/qml/ep/EpBetriebsmittelSection.qml:330: TypeError: Cannot read property 'textMuted' of undefined
17:35:10.952 [WRN] qrc:/qt/qml/stroemling/qml/ep/EpBetriebsmittelSection.qml:326: TypeError: Cannot read property 'border' of undefined
17:35:10.952 [WRN] qrc:/qt/qml/stroemling/qml/ep/EpBetriebsmittelSection.qml:32: TypeError: Cannot read property 'border' of undefined
17:35:10.952 [WRN] qrc:/qt/qml/stroemling/qml/ep/EpBetriebsmittelSection.qml:42: TypeError: Cannot read property 'borderLight' of undefined
17:35:10.952 [WRN] qrc:/qt/qml/stroemling/qml/components/InputField.qml:37: TypeError: Cannot read property 'panelMid' of undefined
17:35:10.952 [WRN] qrc:/qt/qml/stroemling/qml/components/InputField.qml:49: TypeError: Cannot read property 'inputBg' of undefined
17:35:10.952 [WRN] qrc:/qt/qml/stroemling/qml/components/InputField.qml:56: TypeError: Cannot read property 'textSecondary' of undefined
17:35:10.952 [WRN] qrc:/qt/qml/stroemling/qml/components/InputField.qml:50: TypeError: Cannot read property 'border' of undefined
17:35:10.952 [WRN] qrc:/qt/qml/stroemling/qml/ep/EpBetriebsmittelSection.qml:51: TypeError: Cannot read property 'panelMid' of undefined
17:35:10.952 [WRN] qrc:/qt/qml/stroemling/qml/ep/EpBetriebsmittelSection.qml:32: TypeError: Cannot read property 'border' of undefined
17:35:10.952 [WRN] qrc:/qt/qml/stroemling/qml/ep/EpBetriebsmittelSection.qml:42: TypeError: Cannot read property 'borderLight' of undefined
17:35:10.952 [WRN] qrc:/qt/qml/stroemling/qml/ep/EpBetriebsmittelSection.qml:495: TypeError: Cannot read property 'borderLight' of undefined
17:35:10.952 [WRN] qrc:/qt/qml/stroemling/qml/ep/EpBetriebsmittelSection.qml:32: TypeError: Cannot read property 'border' of undefined
17:35:10.952 [WRN] qrc:/qt/qml/stroemling/qml/ep/EpBetriebsmittelSection.qml:42: TypeError: Cannot read property 'borderLight' of undefined
17:35:10.952 [WRN] qrc:/qt/qml/stroemling/qml/ep/EpBetriebsmittelSection.qml:78: TypeError: Cannot read property 'inputBg' of undefined
17:35:10.952 [WRN] qrc:/qt/qml/stroemling/qml/ep/EpBetriebsmittelSection.qml:81: TypeError: Cannot read property 'accent' of undefined
17:35:10.952 [WRN] qrc:/qt/qml/stroemling/qml/ep/EpBetriebsmittelSection.qml:79: TypeError: Cannot read property 'border' of undefined
17:35:10.952 [WRN] qrc:/qt/qml/stroemling/qml/ep/EpBetriebsmittelSection.qml:90: TypeError: Cannot read property 'inputBg' of undefined
17:35:10.952 [WRN] qrc:/qt/qml/stroemling/qml/ep/EpBetriebsmittelSection.qml:91: TypeError: Cannot read property 'textSecondary' of undefined
17:35:10.952 [WRN] qrc:/qt/qml/stroemling/qml/ep/EpBetriebsmittelSection.qml:90: TypeError: Cannot read property 'border' of undefined
17:35:10.952 [WRN] qrc:/qt/qml/stroemling/qml/ep/EpBetriebsmittelSection.qml:96: TypeError: Cannot read property 'inputBg' of undefined
17:35:10.952 [WRN] qrc:/qt/qml/stroemling/qml/ep/EpBetriebsmittelSection.qml:99: TypeError: Cannot read property 'accent' of undefined
17:35:10.952 [WRN] qrc:/qt/qml/stroemling/qml/ep/EpBetriebsmittelSection.qml:97: TypeError: Cannot read property 'border' of undefined
17:35:10.952 [WRN] qrc:/qt/qml/stroemling/qml/ep/EpBetriebsmittelSection.qml:42: TypeError: Cannot read property 'borderLight' of undefined
17:35:10.952 [WRN] qrc:/qt/qml/stroemling/qml/ep/EpBetriebsmittelSection.qml:662: TypeError: Cannot read property 'panelMid' of undefined
17:35:10.952 [WRN] qrc:/qt/qml/stroemling/qml/ep/EpBetriebsmittelSection.qml:668: TypeError: Cannot read property 'inputBg' of undefined
17:35:10.952 [WRN] qrc:/qt/qml/stroemling/qml/ep/EpBetriebsmittelSection.qml:674: TypeError: Cannot read property 'textSecondary' of undefined
17:35:10.952 [WRN] qrc:/qt/qml/stroemling/qml/ep/EpBetriebsmittelSection.qml:669: TypeError: Cannot read property 'border' of undefined
17:35:10.952 [WRN] qrc:/qt/qml/stroemling/qml/ep/EpBetriebsmittelSection.qml:695: TypeError: Cannot read property 'borderLight' of undefined
17:35:10.952 [WRN] qrc:/qt/qml/stroemling/qml/ep/EpBetriebsmittelSection.qml:704: TypeError: Cannot read property 'panelMid' of undefined
17:35:10.952 [WRN] qrc:/qt/qml/stroemling/qml/ep/EpBetriebsmittelSection.qml:710: TypeError: Cannot read property 'inputBg' of undefined
17:35:10.952 [WRN] qrc:/qt/qml/stroemling/qml/ep/EpBetriebsmittelSection.qml:716: TypeError: Cannot read property 'textSecondary' of undefined
17:35:10.952 [WRN] qrc:/qt/qml/stroemling/qml/ep/EpBetriebsmittelSection.qml:711: TypeError: Cannot read property 'border' of undefined
17:35:10.952 [WRN] qrc:/qt/qml/stroemling/qml/ep/EpBetriebsmittelSection.qml:737: TypeError: Cannot read property 'borderLight' of undefined
17:35:10.952 [WRN] qrc:/qt/qml/stroemling/qml/ep/EpBetriebsmittelSection.qml:766: TypeError: Cannot read property 'accent' of undefined
17:35:10.952 [WRN] qrc:/qt/qml/stroemling/qml/ep/EpBetriebsmittelSection.qml:807: TypeError: Cannot read property 'textBright' of undefined
17:35:10.952 [WRN] qrc:/qt/qml/stroemling/qml/ep/EpBetriebsmittelSection.qml:841: TypeError: Cannot read property 'border' of undefined
17:35:10.952 [WRN] qrc:/qt/qml/stroemling/qml/ep/EpBetriebsmittelSection.qml:845: TypeError: Cannot read property 'textBright' of undefined
17:35:10.952 [WRN] qrc:/qt/qml/stroemling/qml/ep/EpBetriebsmittelSection.qml:855: TypeError: Cannot read property 'textPrimary' of undefined
17:35:10.952 [WRN] qrc:/qt/qml/stroemling/qml/ep/EpBetriebsmittelSection.qml:863: TypeError: Cannot read property 'textPrimary' of undefined
17:35:10.952 [WRN] qrc:/qt/qml/stroemling/qml/ep/EpBetriebsmittelSection.qml:870: TypeError: Cannot read property 'textMuted' of undefined
17:35:10.952 [WRN] qrc:/qt/qml/stroemling/qml/ep/EpQuerverweisSection.qml:43: TypeError: Cannot read property 'border' of undefined
17:35:10.952 [WRN] qrc:/qt/qml/stroemling/qml/ep/EpQuerverweisSection.qml:53: TypeError: Cannot read property 'borderLight' of undefined
17:35:10.952 [WRN] qrc:/qt/qml/stroemling/qml/components/InputField.qml:37: TypeError: Cannot read property 'panelMid' of undefined
17:35:10.952 [WRN] qrc:/qt/qml/stroemling/qml/components/InputField.qml:49: TypeError: Cannot read property 'inputBg' of undefined
17:35:10.952 [WRN] qrc:/qt/qml/stroemling/qml/components/InputField.qml:56: TypeError: Cannot read property 'textSecondary' of undefined
17:35:10.952 [WRN] qrc:/qt/qml/stroemling/qml/components/InputField.qml:50: TypeError: Cannot read property 'border' of undefined
17:35:10.952 [WRN] qrc:/qt/qml/stroemling/qml/ep/EpQuerverweisSection.qml:62: TypeError: Cannot read property 'panelMid' of undefined
17:35:10.952 [WRN] qrc:/qt/qml/stroemling/qml/components/MiniButton.qml:18: TypeError: Cannot read property 'activeItemAlt' of undefined
17:35:10.952 [WRN] qrc:/qt/qml/stroemling/qml/components/MiniButton.qml:26: TypeError: Cannot read property 'accent' of undefined
17:35:10.952 [WRN] qrc:/qt/qml/stroemling/qml/components/MiniButton.qml:19: TypeError: Cannot read property 'accent' of undefined
17:35:10.952 [WRN] qrc:/qt/qml/stroemling/qml/components/MiniButton.qml:18: TypeError: Cannot read property 'inputBg' of undefined
17:35:10.952 [WRN] qrc:/qt/qml/stroemling/qml/components/MiniButton.qml:26: TypeError: Cannot read property 'textMuted' of undefined
17:35:10.952 [WRN] qrc:/qt/qml/stroemling/qml/components/MiniButton.qml:19: TypeError: Cannot read property 'border' of undefined
17:35:10.952 [WRN] qrc:/qt/qml/stroemling/qml/ep/EpQuerverweisSection.qml:62: TypeError: Cannot read property 'panelMid' of undefined
17:35:10.952 [WRN] qrc:/qt/qml/stroemling/qml/components/MiniButton.qml:18: TypeError: Cannot read property 'activeItemAlt' of undefined
17:35:10.952 [WRN] qrc:/qt/qml/stroemling/qml/components/MiniButton.qml:26: TypeError: Cannot read property 'accent' of undefined
17:35:10.952 [WRN] qrc:/qt/qml/stroemling/qml/components/MiniButton.qml:19: TypeError: Cannot read property 'accent' of undefined
17:35:10.952 [WRN] qrc:/qt/qml/stroemling/qml/components/MiniButton.qml:18: TypeError: Cannot read property 'inputBg' of undefined
17:35:10.952 [WRN] qrc:/qt/qml/stroemling/qml/components/MiniButton.qml:26: TypeError: Cannot read property 'textMuted' of undefined
17:35:10.952 [WRN] qrc:/qt/qml/stroemling/qml/components/MiniButton.qml:19: TypeError: Cannot read property 'border' of undefined
17:35:10.952 [WRN] qrc:/qt/qml/stroemling/qml/ep/EpQuerverweisSection.qml:62: TypeError: Cannot read property 'panelMid' of undefined
17:35:10.952 [WRN] qrc:/qt/qml/stroemling/qml/ep/EpQuerverweisSection.qml:62: TypeError: Cannot read property 'panelMid' of undefined
17:35:10.952 [WRN] qrc:/qt/qml/stroemling/qml/ep/EpQuerverweisSection.qml:157: TypeError: Cannot read property 'textSecondary' of undefined
17:35:10.952 [WRN] qrc:/qt/qml/stroemling/qml/components/MiniButton.qml:18: TypeError: Cannot read property 'inputBg' of undefined
17:35:10.952 [WRN] qrc:/qt/qml/stroemling/qml/components/MiniButton.qml:26: TypeError: Cannot read property 'textMuted' of undefined
17:35:10.952 [WRN] qrc:/qt/qml/stroemling/qml/components/MiniButton.qml:19: TypeError: Cannot read property 'border' of undefined
17:35:10.952 [WRN] qrc:/qt/qml/stroemling/qml/ep/EpQuerverweisSection.qml:62: TypeError: Cannot read property 'panelMid' of undefined
17:35:10.952 [WRN] qrc:/qt/qml/stroemling/qml/ep/EpPotenzialSection.qml:28: TypeError: Cannot read property 'border' of undefined
17:35:10.952 [WRN] qrc:/qt/qml/stroemling/qml/ep/EpPotenzialSection.qml:38: TypeError: Cannot read property 'borderLight' of undefined
17:35:10.952 [WRN] qrc:/qt/qml/stroemling/qml/ep/EpPotenzialSection.qml:47: TypeError: Cannot read property 'panelMid' of undefined
17:35:10.952 [WRN] qrc:/qt/qml/stroemling/qml/ep/EpTreffpunktSection.qml:26: TypeError: Cannot read property 'border' of undefined
17:35:10.952 [WRN] qrc:/qt/qml/stroemling/qml/ep/EpTreffpunktSection.qml:36: TypeError: Cannot read property 'borderLight' of undefined
17:35:10.952 [WRN] qrc:/qt/qml/stroemling/qml/ep/EpTreffpunktSection.qml:45: TypeError: Cannot read property 'panelMid' of undefined
17:35:10.952 [WRN] qrc:/qt/qml/stroemling/qml/ep/EpTreffpunktSection.qml:64: TypeError: Cannot read property 'surface' of undefined
17:35:10.952 [WRN] qrc:/qt/qml/stroemling/qml/ep/EpTreffpunktSection.qml:69: TypeError: Cannot read property 'accent' of undefined
17:35:10.952 [WRN] qrc:/qt/qml/stroemling/qml/ep/EpTreffpunktSection.qml:64: TypeError: Cannot read property 'border' of undefined
17:35:10.952 [WRN] qrc:/qt/qml/stroemling/qml/ep/EpGeraeteanschlussSection.qml:31: TypeError: Cannot read property 'border' of undefined
17:35:10.952 [WRN] qrc:/qt/qml/stroemling/qml/ep/EpGeraeteanschlussSection.qml:41: TypeError: Cannot read property 'borderLight' of undefined
17:35:10.952 [WRN] qrc:/qt/qml/stroemling/qml/ep/EpGeraeteanschlussSection.qml:50: TypeError: Cannot read property 'panelMid' of undefined
17:35:10.952 [WRN] qrc:/qt/qml/stroemling/qml/components/MiniButton.qml:18: TypeError: Cannot read property 'activeItemAlt' of undefined
17:35:10.952 [WRN] qrc:/qt/qml/stroemling/qml/components/MiniButton.qml:26: TypeError: Cannot read property 'accent' of undefined
17:35:10.952 [WRN] qrc:/qt/qml/stroemling/qml/components/MiniButton.qml:19: TypeError: Cannot read property 'accent' of undefined
17:35:10.952 [WRN] qrc:/qt/qml/stroemling/qml/components/MiniButton.qml:18: TypeError: Cannot read property 'inputBg' of undefined
17:35:10.952 [WRN] qrc:/qt/qml/stroemling/qml/components/MiniButton.qml:26: TypeError: Cannot read property 'textMuted' of undefined
17:35:10.952 [WRN] qrc:/qt/qml/stroemling/qml/components/MiniButton.qml:19: TypeError: Cannot read property 'border' of undefined
17:35:10.952 [WRN] qrc:/qt/qml/stroemling/qml/components/InputField.qml:37: TypeError: Cannot read property 'panelMid' of undefined
17:35:10.952 [WRN] qrc:/qt/qml/stroemling/qml/components/InputField.qml:49: TypeError: Cannot read property 'inputBg' of undefined
17:35:10.953 [WRN] qrc:/qt/qml/stroemling/qml/components/InputField.qml:56: TypeError: Cannot read property 'textSecondary' of undefined
17:35:10.953 [WRN] qrc:/qt/qml/stroemling/qml/components/InputField.qml:50: TypeError: Cannot read property 'border' of undefined
17:35:10.953 [WRN] qrc:/qt/qml/stroemling/qml/ep/EpGeraeteanschlussSection.qml:50: TypeError: Cannot read property 'panelMid' of undefined
17:35:10.953 [WRN] qrc:/qt/qml/stroemling/qml/ep/EpGeraetekastenSection.qml:24: TypeError: Cannot read property 'border' of undefined
17:35:10.953 [WRN] qrc:/qt/qml/stroemling/qml/ep/EpGeraetekastenSection.qml:34: TypeError: Cannot read property 'borderLight' of undefined
17:35:10.953 [WRN] qrc:/qt/qml/stroemling/qml/components/InputField.qml:37: TypeError: Cannot read property 'panelMid' of undefined
17:35:10.953 [WRN] qrc:/qt/qml/stroemling/qml/components/InputField.qml:49: TypeError: Cannot read property 'inputBg' of undefined
17:35:10.953 [WRN] qrc:/qt/qml/stroemling/qml/components/InputField.qml:56: TypeError: Cannot read property 'textSecondary' of undefined
17:35:10.953 [WRN] qrc:/qt/qml/stroemling/qml/components/InputField.qml:50: TypeError: Cannot read property 'border' of undefined
17:35:10.953 [WRN] qrc:/qt/qml/stroemling/qml/components/InputField.qml:37: TypeError: Cannot read property 'panelMid' of undefined
17:35:10.953 [WRN] qrc:/qt/qml/stroemling/qml/components/InputField.qml:49: TypeError: Cannot read property 'inputBg' of undefined
17:35:10.953 [WRN] qrc:/qt/qml/stroemling/qml/components/InputField.qml:56: TypeError: Cannot read property 'textSecondary' of undefined
17:35:10.953 [WRN] qrc:/qt/qml/stroemling/qml/components/InputField.qml:50: TypeError: Cannot read property 'border' of undefined
17:35:10.953 [WRN] qrc:/qt/qml/stroemling/qml/ep/EpGeraetekastenSection.qml:24: TypeError: Cannot read property 'border' of undefined
17:35:10.953 [WRN] qrc:/qt/qml/stroemling/qml/ep/EpGeraetekastenSection.qml:34: TypeError: Cannot read property 'borderLight' of undefined
17:35:10.953 [WRN] qrc:/qt/qml/stroemling/qml/ep/EpGeraetekastenSection.qml:59: TypeError: Cannot read property 'inputBg' of undefined
17:35:10.953 [WRN] qrc:/qt/qml/stroemling/qml/ep/EpGeraetekastenSection.qml:62: TypeError: Cannot read property 'accent' of undefined
17:35:10.953 [WRN] qrc:/qt/qml/stroemling/qml/ep/EpGeraetekastenSection.qml:60: TypeError: Cannot read property 'border' of undefined
17:35:10.953 [WRN] qrc:/qt/qml/stroemling/qml/ep/EpGeraetekastenSection.qml:69: TypeError: Cannot read property 'inputBg' of undefined
17:35:10.953 [WRN] qrc:/qt/qml/stroemling/qml/ep/EpGeraetekastenSection.qml:70: TypeError: Cannot read property 'textSecondary' of undefined
17:35:10.953 [WRN] qrc:/qt/qml/stroemling/qml/ep/EpGeraetekastenSection.qml:69: TypeError: Cannot read property 'border' of undefined
17:35:10.953 [WRN] qrc:/qt/qml/stroemling/qml/ep/EpGeraetekastenSection.qml:75: TypeError: Cannot read property 'inputBg' of undefined
17:35:10.953 [WRN] qrc:/qt/qml/stroemling/qml/ep/EpGeraetekastenSection.qml:78: TypeError: Cannot read property 'accent' of undefined
17:35:10.953 [WRN] qrc:/qt/qml/stroemling/qml/ep/EpGeraetekastenSection.qml:76: TypeError: Cannot read property 'border' of undefined
17:35:10.953 [WRN] qrc:/qt/qml/stroemling/qml/ep/EpStrukturkastenSection.qml:24: TypeError: Cannot read property 'border' of undefined
17:35:10.953 [WRN] qrc:/qt/qml/stroemling/qml/ep/EpStrukturkastenSection.qml:34: TypeError: Cannot read property 'borderLight' of undefined
17:35:10.953 [WRN] qrc:/qt/qml/stroemling/qml/components/InputField.qml:37: TypeError: Cannot read property 'panelMid' of undefined
17:35:10.953 [WRN] qrc:/qt/qml/stroemling/qml/components/InputField.qml:49: TypeError: Cannot read property 'inputBg' of undefined
17:35:10.953 [WRN] qrc:/qt/qml/stroemling/qml/components/InputField.qml:56: TypeError: Cannot read property 'textSecondary' of undefined
17:35:10.953 [WRN] qrc:/qt/qml/stroemling/qml/components/InputField.qml:50: TypeError: Cannot read property 'border' of undefined
17:35:10.953 [WRN] qrc:/qt/qml/stroemling/qml/components/InputField.qml:37: TypeError: Cannot read property 'panelMid' of undefined
17:35:10.953 [WRN] qrc:/qt/qml/stroemling/qml/components/InputField.qml:49: TypeError: Cannot read property 'inputBg' of undefined
17:35:10.953 [WRN] qrc:/qt/qml/stroemling/qml/components/InputField.qml:56: TypeError: Cannot read property 'textSecondary' of undefined
17:35:10.953 [WRN] qrc:/qt/qml/stroemling/qml/components/InputField.qml:50: TypeError: Cannot read property 'border' of undefined
17:35:10.953 [WRN] qrc:/qt/qml/stroemling/qml/components/InputField.qml:37: TypeError: Cannot read property 'panelMid' of undefined
17:35:10.953 [WRN] qrc:/qt/qml/stroemling/qml/components/InputField.qml:49: TypeError: Cannot read property 'inputBg' of undefined
17:35:10.953 [WRN] qrc:/qt/qml/stroemling/qml/components/InputField.qml:56: TypeError: Cannot read property 'textSecondary' of undefined
17:35:10.953 [WRN] qrc:/qt/qml/stroemling/qml/components/InputField.qml:50: TypeError: Cannot read property 'border' of undefined
17:35:10.953 [WRN] qrc:/qt/qml/stroemling/qml/components/InputField.qml:37: TypeError: Cannot read property 'panelMid' of undefined
17:35:10.953 [WRN] qrc:/qt/qml/stroemling/qml/components/InputField.qml:49: TypeError: Cannot read property 'inputBg' of undefined
17:35:10.953 [WRN] qrc:/qt/qml/stroemling/qml/components/InputField.qml:56: TypeError: Cannot read property 'textSecondary' of undefined
17:35:10.953 [WRN] qrc:/qt/qml/stroemling/qml/components/InputField.qml:50: TypeError: Cannot read property 'border' of undefined
17:35:10.953 [WRN] qrc:/qt/qml/stroemling/qml/components/InputField.qml:37: TypeError: Cannot read property 'panelMid' of undefined
17:35:10.953 [WRN] qrc:/qt/qml/stroemling/qml/components/InputField.qml:49: TypeError: Cannot read property 'inputBg' of undefined
17:35:10.953 [WRN] qrc:/qt/qml/stroemling/qml/components/InputField.qml:56: TypeError: Cannot read property 'textSecondary' of undefined
17:35:10.953 [WRN] qrc:/qt/qml/stroemling/qml/components/InputField.qml:50: TypeError: Cannot read property 'border' of undefined
17:35:10.953 [WRN] qrc:/qt/qml/stroemling/qml/ep/EpStrukturkastenSection.qml:24: TypeError: Cannot read property 'border' of undefined
17:35:10.953 [WRN] qrc:/qt/qml/stroemling/qml/ep/EpStrukturkastenSection.qml:34: TypeError: Cannot read property 'borderLight' of undefined
17:35:10.953 [WRN] qrc:/qt/qml/stroemling/qml/ep/EpStrukturkastenSection.qml:59: TypeError: Cannot read property 'inputBg' of undefined
17:35:10.953 [WRN] qrc:/qt/qml/stroemling/qml/ep/EpStrukturkastenSection.qml:62: TypeError: Cannot read property 'accent' of undefined
17:35:10.953 [WRN] qrc:/qt/qml/stroemling/qml/ep/EpStrukturkastenSection.qml:60: TypeError: Cannot read property 'border' of undefined
17:35:10.953 [WRN] qrc:/qt/qml/stroemling/qml/ep/EpStrukturkastenSection.qml:69: TypeError: Cannot read property 'inputBg' of undefined
17:35:10.953 [WRN] qrc:/qt/qml/stroemling/qml/ep/EpStrukturkastenSection.qml:70: TypeError: Cannot read property 'textSecondary' of undefined
17:35:10.953 [WRN] qrc:/qt/qml/stroemling/qml/ep/EpStrukturkastenSection.qml:69: TypeError: Cannot read property 'border' of undefined
17:35:10.953 [WRN] qrc:/qt/qml/stroemling/qml/ep/EpStrukturkastenSection.qml:75: TypeError: Cannot read property 'inputBg' of undefined
17:35:10.953 [WRN] qrc:/qt/qml/stroemling/qml/ep/EpStrukturkastenSection.qml:78: TypeError: Cannot read property 'accent' of undefined
17:35:10.953 [WRN] qrc:/qt/qml/stroemling/qml/ep/EpStrukturkastenSection.qml:76: TypeError: Cannot read property 'border' of undefined
17:35:10.953 [WRN] qrc:/qt/qml/stroemling/qml/ep/EpMakrokastenSection.qml:26: TypeError: Cannot read property 'border' of undefined
17:35:10.953 [WRN] qrc:/qt/qml/stroemling/qml/ep/EpMakrokastenSection.qml:36: TypeError: Cannot read property 'borderLight' of undefined
17:35:10.953 [WRN] qrc:/qt/qml/stroemling/qml/components/InputField.qml:37: TypeError: Cannot read property 'panelMid' of undefined
17:35:10.953 [WRN] qrc:/qt/qml/stroemling/qml/components/InputField.qml:49: TypeError: Cannot read property 'inputBg' of undefined
17:35:10.953 [WRN] qrc:/qt/qml/stroemling/qml/components/InputField.qml:56: TypeError: Cannot read property 'textSecondary' of undefined
17:35:10.953 [WRN] qrc:/qt/qml/stroemling/qml/components/InputField.qml:50: TypeError: Cannot read property 'border' of undefined
17:35:10.953 [WRN] qrc:/qt/qml/stroemling/qml/components/InputField.qml:37: TypeError: Cannot read property 'panelMid' of undefined
17:35:10.953 [WRN] qrc:/qt/qml/stroemling/qml/components/InputField.qml:49: TypeError: Cannot read property 'inputBg' of undefined
17:35:10.953 [WRN] qrc:/qt/qml/stroemling/qml/components/InputField.qml:56: TypeError: Cannot read property 'textSecondary' of undefined
17:35:10.953 [WRN] qrc:/qt/qml/stroemling/qml/components/InputField.qml:50: TypeError: Cannot read property 'border' of undefined
17:35:10.953 [WRN] qrc:/qt/qml/stroemling/qml/components/InputField.qml:37: TypeError: Cannot read property 'panelMid' of undefined
17:35:10.953 [WRN] qrc:/qt/qml/stroemling/qml/components/InputField.qml:49: TypeError: Cannot read property 'inputBg' of undefined
17:35:10.953 [WRN] qrc:/qt/qml/stroemling/qml/components/InputField.qml:56: TypeError: Cannot read property 'textSecondary' of undefined
17:35:10.953 [WRN] qrc:/qt/qml/stroemling/qml/components/InputField.qml:50: TypeError: Cannot read property 'border' of undefined
17:35:10.953 [WRN] qrc:/qt/qml/stroemling/qml/ep/EpMakrokastenSection.qml:107: TypeError: Cannot read property 'textMuted' of undefined
17:35:10.953 [WRN] qrc:/qt/qml/stroemling/qml/ep/EpKabelDefinitionSection.qml:50: TypeError: Cannot read property 'border' of undefined
17:35:10.953 [WRN] qrc:/qt/qml/stroemling/qml/ep/EpKabelDefinitionSection.qml:60: TypeError: Cannot read property 'borderLight' of undefined
17:35:10.953 [WRN] qrc:/qt/qml/stroemling/qml/components/InputField.qml:37: TypeError: Cannot read property 'panelMid' of undefined
17:35:10.953 [WRN] qrc:/qt/qml/stroemling/qml/components/InputField.qml:49: TypeError: Cannot read property 'inputBg' of undefined
17:35:10.953 [WRN] qrc:/qt/qml/stroemling/qml/components/InputField.qml:56: TypeError: Cannot read property 'textSecondary' of undefined
17:35:10.953 [WRN] qrc:/qt/qml/stroemling/qml/components/InputField.qml:50: TypeError: Cannot read property 'border' of undefined
17:35:10.953 [WRN] qrc:/qt/qml/stroemling/qml/components/InputField.qml:37: TypeError: Cannot read property 'panelMid' of undefined
17:35:10.953 [WRN] qrc:/qt/qml/stroemling/qml/components/InputField.qml:49: TypeError: Cannot read property 'inputBg' of undefined
17:35:10.953 [WRN] qrc:/qt/qml/stroemling/qml/components/InputField.qml:56: TypeError: Cannot read property 'textSecondary' of undefined
17:35:10.953 [WRN] qrc:/qt/qml/stroemling/qml/components/InputField.qml:50: TypeError: Cannot read property 'border' of undefined
17:35:10.953 [WRN] qrc:/qt/qml/stroemling/qml/ep/EpKabelDefinitionSection.qml:69: TypeError: Cannot read property 'panelMid' of undefined
17:35:10.953 [WRN] qrc:/qt/qml/stroemling/qml/ep/EpKabelDefinitionSection.qml:137: TypeError: Cannot read property 'inputBg' of undefined
17:35:10.953 [WRN] qrc:/qt/qml/stroemling/qml/ep/EpKabelDefinitionSection.qml:142: TypeError: Cannot read property 'textSecondary' of undefined
17:35:10.953 [WRN] qrc:/qt/qml/stroemling/qml/ep/EpKabelDefinitionSection.qml:138: TypeError: Cannot read property 'border' of undefined
17:35:10.953 [WRN] qrc:/qt/qml/stroemling/qml/ep/EpKabelDefinitionSection.qml:69: TypeError: Cannot read property 'panelMid' of undefined
17:35:10.953 [WRN] qrc:/qt/qml/stroemling/qml/ep/EpKabelDefinitionSection.qml:163: TypeError: Cannot read property 'inputBg' of undefined
17:35:10.953 [WRN] qrc:/qt/qml/stroemling/qml/ep/EpKabelDefinitionSection.qml:168: TypeError: Cannot read property 'textSecondary' of undefined
17:35:10.953 [WRN] qrc:/qt/qml/stroemling/qml/ep/EpKabelDefinitionSection.qml:164: TypeError: Cannot read property 'border' of undefined
17:35:10.953 [WRN] qrc:/qt/qml/stroemling/qml/ep/EpKabelDefinitionSection.qml:69: TypeError: Cannot read property 'panelMid' of undefined
17:35:10.953 [WRN] qrc:/qt/qml/stroemling/qml/ep/EpKabelDefinitionSection.qml:212: TypeError: Cannot read property 'textMuted' of undefined
17:35:10.953 [WRN] qrc:/qt/qml/stroemling/qml/ep/EpKabelDefinitionSection.qml:69: TypeError: Cannot read property 'panelMid' of undefined
17:35:10.953 [WRN] qrc:/qt/qml/stroemling/qml/ep/EpKabelDefinitionSection.qml:255: TypeError: Cannot read property 'inputBg' of undefined
17:35:10.953 [WRN] qrc:/qt/qml/stroemling/qml/ep/EpKabelDefinitionSection.qml:260: TypeError: Cannot read property 'textSecondary' of undefined
17:35:10.954 [WRN] qrc:/qt/qml/stroemling/qml/ep/EpKabelDefinitionSection.qml:256: TypeError: Cannot read property 'border' of undefined
17:35:10.954 [WRN] qrc:/qt/qml/stroemling/qml/ep/EpKabelDefinitionSection.qml:69: TypeError: Cannot read property 'panelMid' of undefined
17:35:10.954 [WRN] qrc:/qt/qml/stroemling/qml/ep/EpKabelDefinitionSection.qml:285: TypeError: Cannot read property 'inputBg' of undefined
17:35:10.954 [WRN] qrc:/qt/qml/stroemling/qml/ep/EpKabelDefinitionSection.qml:290: TypeError: Cannot read property 'textSecondary' of undefined
17:35:10.954 [WRN] qrc:/qt/qml/stroemling/qml/ep/EpKabelDefinitionSection.qml:286: TypeError: Cannot read property 'border' of undefined
17:35:10.954 [WRN] qrc:/qt/qml/stroemling/qml/ep/EpKabelDefinitionSection.qml:345: TypeError: Cannot read property 'borderLight' of undefined
17:35:10.954 [WRN] qrc:/qt/qml/stroemling/qml/ep/EpKabelDefinitionSection.qml:350: TypeError: Cannot read property 'borderLight' of undefined
17:35:10.954 [WRN] qrc:/qt/qml/stroemling/qml/ep/EpKabelDefinitionSection.qml:427: TypeError: Cannot read property 'textMuted' of undefined
17:35:10.954 [WRN] qrc:/qt/qml/stroemling/qml/ep/EpKabelDefinitionSection.qml:468: TypeError: Cannot read property 'borderLight' of undefined
17:35:10.954 [WRN] qrc:/qt/qml/stroemling/qml/ep/EpKabelDefinitionSection.qml:473: TypeError: Cannot read property 'borderLight' of undefined
17:35:10.954 [WRN] qrc:/qt/qml/stroemling/qml/ep/EpKabelDefinitionSection.qml:497: TypeError: Cannot read property 'textMuted' of undefined
17:35:10.954 [WRN] qrc:/qt/qml/stroemling/qml/ep/EpKabelDefinitionSection.qml:548: TypeError: Cannot read property 'textMuted' of undefined
17:35:10.954 [WRN] qrc:/qt/qml/stroemling/qml/ba/BaFormContent.qml:22: TypeError: Cannot read property 'textMuted' of undefined
17:35:10.954 [WRN] qrc:/qt/qml/stroemling/qml/ba/BaFormContent.qml:26: TypeError: Cannot read property 'textPrimary' of undefined
17:35:10.954 [WRN] qrc:/qt/qml/stroemling/qml/ba/BaFormContent.qml:32: TypeError: Cannot read property 'textMuted' of undefined
17:35:10.954 [WRN] qrc:/qt/qml/stroemling/qml/ba/BaFormContent.qml:33: TypeError: Cannot read property 'textMuted' of undefined
17:35:10.954 [WRN] qrc:/qt/qml/stroemling/qml/ba/BaFormContent.qml:37: TypeError: Cannot read property 'textPrimary' of undefined
17:35:10.954 [WRN] qrc:/qt/qml/stroemling/qml/ba/BaFormContent.qml:42: TypeError: Cannot read property 'textPrimary' of undefined
17:35:10.954 [WRN] qrc:/qt/qml/stroemling/qml/ba/BaFormContent.qml:45: TypeError: Cannot read property 'textMuted' of undefined
17:35:10.954 [WRN] qrc:/qt/qml/stroemling/qml/ba/BaFormContent.qml:46: TypeError: Cannot read property 'textMuted' of undefined
17:35:10.954 [WRN] qrc:/qt/qml/stroemling/qml/ba/BaFormContent.qml:50: TypeError: Cannot read property 'textPrimary' of undefined
17:35:10.954 [WRN] qrc:/qt/qml/stroemling/qml/ba/BaFormContent.qml:55: TypeError: Cannot read property 'textPrimary' of undefined
17:35:10.954 [WRN] qrc:/qt/qml/stroemling/qml/ba/BaFormContent.qml:58: TypeError: Cannot read property 'textMuted' of undefined
17:35:10.954 [WRN] qrc:/qt/qml/stroemling/qml/ba/BaFormContent.qml:59: TypeError: Cannot read property 'textMuted' of undefined
17:35:10.954 [WRN] qrc:/qt/qml/stroemling/qml/ba/BaFormContent.qml:63: TypeError: Cannot read property 'textPrimary' of undefined
17:35:10.954 [WRN] qrc:/qt/qml/stroemling/qml/ba/BaFormContent.qml:68: TypeError: Cannot read property 'textPrimary' of undefined
17:35:10.954 [WRN] qrc:/qt/qml/stroemling/qml/ba/BaFormContent.qml:71: TypeError: Cannot read property 'textMuted' of undefined
17:35:10.954 [WRN] qrc:/qt/qml/stroemling/qml/ba/BaFormContent.qml:76: TypeError: Cannot read property 'textPrimary' of undefined
17:35:10.954 [WRN] qrc:/qt/qml/stroemling/qml/ba/BaFormContent.qml:80: TypeError: Cannot read property 'textMuted' of undefined
17:35:10.954 [WRN] qrc:/qt/qml/stroemling/qml/ba/BaFormContent.qml:85: TypeError: Cannot read property 'textPrimary' of undefined
17:35:10.954 [WRN] qrc:/qt/qml/stroemling/qml/ba/BaFormContent.qml:22: TypeError: Cannot read property 'textMuted' of undefined
17:35:10.954 [WRN] qrc:/qt/qml/stroemling/qml/ba/BaFormContent.qml:26: TypeError: Cannot read property 'textPrimary' of undefined
17:35:10.954 [WRN] qrc:/qt/qml/stroemling/qml/ba/BaFormContent.qml:32: TypeError: Cannot read property 'textMuted' of undefined
17:35:10.954 [WRN] qrc:/qt/qml/stroemling/qml/ba/BaFormContent.qml:33: TypeError: Cannot read property 'textMuted' of undefined
17:35:10.954 [WRN] qrc:/qt/qml/stroemling/qml/ba/BaFormContent.qml:37: TypeError: Cannot read property 'textPrimary' of undefined
17:35:10.954 [WRN] qrc:/qt/qml/stroemling/qml/ba/BaFormContent.qml:42: TypeError: Cannot read property 'textPrimary' of undefined
17:35:10.954 [WRN] qrc:/qt/qml/stroemling/qml/ba/BaFormContent.qml:45: TypeError: Cannot read property 'textMuted' of undefined
17:35:10.954 [WRN] qrc:/qt/qml/stroemling/qml/ba/BaFormContent.qml:46: TypeError: Cannot read property 'textMuted' of undefined
17:35:10.954 [WRN] qrc:/qt/qml/stroemling/qml/ba/BaFormContent.qml:50: TypeError: Cannot read property 'textPrimary' of undefined
17:35:10.954 [WRN] qrc:/qt/qml/stroemling/qml/ba/BaFormContent.qml:55: TypeError: Cannot read property 'textPrimary' of undefined
17:35:10.954 [WRN] qrc:/qt/qml/stroemling/qml/ba/BaFormContent.qml:58: TypeError: Cannot read property 'textMuted' of undefined
17:35:10.954 [WRN] qrc:/qt/qml/stroemling/qml/ba/BaFormContent.qml:59: TypeError: Cannot read property 'textMuted' of undefined
17:35:10.954 [WRN] qrc:/qt/qml/stroemling/qml/ba/BaFormContent.qml:63: TypeError: Cannot read property 'textPrimary' of undefined
17:35:10.954 [WRN] qrc:/qt/qml/stroemling/qml/ba/BaFormContent.qml:68: TypeError: Cannot read property 'textPrimary' of undefined
17:35:10.954 [WRN] qrc:/qt/qml/stroemling/qml/ba/BaFormContent.qml:71: TypeError: Cannot read property 'textMuted' of undefined
17:35:10.954 [WRN] qrc:/qt/qml/stroemling/qml/ba/BaFormContent.qml:76: TypeError: Cannot read property 'textPrimary' of undefined
17:35:10.954 [WRN] qrc:/qt/qml/stroemling/qml/ba/BaFormContent.qml:80: TypeError: Cannot read property 'textMuted' of undefined
17:35:10.954 [WRN] qrc:/qt/qml/stroemling/qml/ba/BaFormContent.qml:85: TypeError: Cannot read property 'textPrimary' of undefined
17:35:10.954 [WRN] qrc:/qt/qml/stroemling/qml/klemmenreihen/KrVorschauPanel.qml:21: TypeError: Cannot read property 'surfaceDeep' of undefined
17:35:10.954 [WRN] qrc:/qt/qml/stroemling/qml/klemmenreihen/KrVorschauPanel.qml:29: TypeError: Cannot read property 'accent' of undefined
17:35:10.954 [WRN] qrc:/qt/qml/stroemling/qml/klemmenreihen/KrVorschauPanel.qml:48: TypeError: Cannot read property 'textMuted' of undefined
17:35:10.954 [WRN] qrc:/qt/qml/stroemling/qml/klemmenreihen/KrVorschauPanel.qml:52: TypeError: Cannot read property 'border' of undefined
17:35:10.954 [WRN] qrc:/qt/qml/stroemling/qml/klemmenreihen/KrVorschauPanel.qml:134: TypeError: Cannot read property 'textMuted' of undefined
17:35:10.954 [WRN] qrc:/qt/qml/stroemling/qml/klemmenreihen/KrVorschauPanel.qml:179: TypeError: Cannot read property 'border' of undefined
17:35:10.954 [WRN] qrc:/qt/qml/stroemling/qml/klemmenreihen/KrVorschauPanel.qml:185: TypeError: Cannot read property 'surfaceDeep' of undefined
17:35:10.954 [WRN] qrc:/qt/qml/stroemling/qml/klemmenreihen/KrVorschauPanel.qml:276: TypeError: Cannot read property 'textMuted' of undefined
17:35:10.954 [WRN] qrc:/qt/qml/stroemling/qml/klemmenreihen/KrEigenschaftenPanel.qml:16: TypeError: Cannot read property 'sidebar' of undefined
17:35:10.954 [WRN] qrc:/qt/qml/stroemling/qml/klemmenreihen/KrEigenschaftenPanel.qml:36: TypeError: Cannot read property 'textMuted' of undefined
17:35:10.954 [WRN] qrc:/qt/qml/stroemling/qml/klemmenreihen/KrEigenschaftenPanel.qml:38: TypeError: Cannot read property 'divider' of undefined
17:35:10.954 [WRN] qrc:/qt/qml/stroemling/qml/klemmenreihen/KrEigenschaftenPanel.qml:46: TypeError: Cannot read property 'accent' of undefined
17:35:10.954 [WRN] qrc:/qt/qml/stroemling/qml/klemmenreihen/KrEigenschaftenPanel.qml:55: TypeError: Cannot read property 'textMuted' of undefined
17:35:10.954 [WRN] qrc:/qt/qml/stroemling/qml/klemmenreihen/KrEigenschaftenPanel.qml:60: TypeError: Cannot read property 'textPrimary' of undefined
17:35:10.954 [WRN] qrc:/qt/qml/stroemling/qml/klemmenreihen/KrEigenschaftenPanel.qml:76: TypeError: Cannot read property 'textMuted' of undefined
17:35:10.954 [WRN] qrc:/qt/qml/stroemling/qml/klemmenreihen/KrEigenschaftenPanel.qml:116: TypeError: Cannot read property 'textMuted' of undefined
17:35:10.954 [WRN] qrc:/qt/qml/stroemling/qml/klemmenreihen/KrEigenschaftenPanel.qml:120: TypeError: Cannot read property 'textPrimary' of undefined
17:35:10.954 [WRN] qrc:/qt/qml/stroemling/qml/klemmenreihen/KrEigenschaftenPanel.qml:134: TypeError: Cannot read property 'textMuted' of undefined
17:35:10.954 [WRN] qrc:/qt/qml/stroemling/qml/klemmenreihen/KrEigenschaftenPanel.qml:138: TypeError: Cannot read property 'textPrimary' of undefined
17:35:10.954 [WRN] qrc:/qt/qml/stroemling/qml/klemmenreihen/KrEigenschaftenPanel.qml:154: TypeError: Cannot read property 'textMuted' of undefined
17:35:10.954 [WRN] qrc:/qt/qml/stroemling/qml/klemmenreihen/KrEigenschaftenPanel.qml:158: TypeError: Cannot read property 'textPrimary' of undefined
17:35:10.954 [WRN] qrc:/qt/qml/stroemling/qml/klemmenreihen/KrEigenschaftenPanel.qml:171: TypeError: Cannot read property 'divider' of undefined
17:35:10.954 [WRN] qrc:/qt/qml/stroemling/qml/klemmenreihen/KrEigenschaftenPanel.qml:174: TypeError: Cannot read property 'textMuted' of undefined
17:35:10.954 [WRN] qrc:/qt/qml/stroemling/qml/klemmenreihen/KrEigenschaftenPanel.qml:177: TypeError: Cannot read property 'textSecondary' of undefined
17:35:10.954 [WRN] qrc:/qt/qml/stroemling/qml/klemmenreihen/KrEigenschaftenPanel.qml:182: TypeError: Cannot read property 'textMuted' of undefined
17:35:10.954 [WRN] qrc:/qt/qml/stroemling/qml/klemmenreihen/KrEigenschaftenPanel.qml:196: TypeError: Cannot read property 'textSecondary' of undefined
17:35:10.954 [WRN] qrc:/qt/qml/stroemling/qml/klemmenreihen/KrEigenschaftenPanel.qml:208: TypeError: Cannot read property 'textMuted' of undefined
17:35:10.954 [WRN] qrc:/qt/qml/stroemling/qml/klemmenreihen/KrEigenschaftenPanel.qml:214: TypeError: Cannot read property 'divider' of undefined
17:35:10.954 [WRN] qrc:/qt/qml/stroemling/qml/klemmenreihen/KrEigenschaftenPanel.qml:220: TypeError: Cannot read property 'textMuted' of undefined
17:35:10.954 [WRN] qrc:/qt/qml/stroemling/qml/klemmenreihen/KrEigenschaftenPanel.qml:225: TypeError: Cannot read property 'inputBg' of undefined
17:35:10.954 [WRN] qrc:/qt/qml/stroemling/qml/klemmenreihen/KrEigenschaftenPanel.qml:227: TypeError: Cannot read property 'textPrimary' of undefined
17:35:10.954 [WRN] qrc:/qt/qml/stroemling/qml/klemmenreihen/KrEigenschaftenPanel.qml:226: TypeError: Cannot read property 'accent' of undefined
17:35:10.954 [WRN] qrc:/qt/qml/stroemling/qml/klemmenreihen/KrEigenschaftenPanel.qml:290: TypeError: Cannot read property 'textMuted' of undefined
17:35:10.954 [WRN] qrc:/qt/qml/stroemling/qml/klemmenreihen/KrEigenschaftenPanel.qml:299: TypeError: Cannot read property 'textMuted' of undefined
17:35:10.954 [WRN] qrc:/qt/qml/stroemling/qml/klemmenreihen/KrEigenschaftenPanel.qml:303: TypeError: Cannot read property 'divider' of undefined
17:35:10.954 [WRN] qrc:/qt/qml/stroemling/qml/klemmenreihen/KrEigenschaftenPanel.qml:310: TypeError: Cannot read property 'textMuted' of undefined
17:35:10.954 [WRN] qrc:/qt/qml/stroemling/qml/klemmenreihen/KrEigenschaftenPanel.qml:315: TypeError: Cannot read property 'accent' of undefined
17:35:10.954 [WRN] qrc:/qt/qml/stroemling/qml/klemmenreihen/KrEigenschaftenPanel.qml:328: TypeError: Cannot read property 'textMuted' of undefined
17:35:10.954 [WRN] qrc:/qt/qml/stroemling/qml/klemmenreihen/KrEigenschaftenPanel.qml:334: TypeError: Cannot read property 'textMuted' of undefined
17:35:10.954 [WRN] qrc:/qt/qml/stroemling/qml/klemmenreihen/KrEigenschaftenPanel.qml:381: TypeError: Cannot read property 'textMuted' of undefined
17:35:10.954 [WRN] qrc:/qt/qml/stroemling/qml/klemmenreihen/KrEigenschaftenPanel.qml:384: TypeError: Cannot read property 'textSecondary' of undefined
17:35:10.954 [WRN] qrc:/qt/qml/stroemling/qml/klemmenreihen/KrEigenschaftenPanel.qml:390: TypeError: Cannot read property 'textMuted' of undefined
17:35:10.954 [WRN] qrc:/qt/qml/stroemling/qml/klemmenreihen/KrEigenschaftenPanel.qml:393: TypeError: Cannot read property 'textSecondary' of undefined
17:35:10.954 [WRN] qrc:/qt/qml/stroemling/qml/klemmenreihen/KrEigenschaftenPanel.qml:399: TypeError: Cannot read property 'textMuted' of undefined
17:35:10.954 [WRN] qrc:/qt/qml/stroemling/qml/klemmenreihen/KrEigenschaftenPanel.qml:402: TypeError: Cannot read property 'textSecondary' of undefined
17:35:10.954 [WRN] qrc:/qt/qml/stroemling/qml/klemmenreihen/KrEigenschaftenPanel.qml:448: TypeError: Cannot read property 'textMuted' of undefined
17:35:10.954 [WRN] qrc:/qt/qml/stroemling/qml/klemmenreihen/KrEigenschaftenPanel.qml:474: TypeError: Cannot read property 'divider' of undefined
17:35:10.954 [WRN] qrc:/qt/qml/stroemling/qml/la/LaCsvLeiste.qml:14: TypeError: Cannot read property 'surface' of undefined
17:35:10.954 [WRN] qrc:/qt/qml/stroemling/qml/la/LaCsvLeiste.qml:19: TypeError: Cannot read property 'textSubtle' of undefined
17:35:10.954 [WRN] qrc:/qt/qml/stroemling/qml/la/LaCsvLeiste.qml:23: TypeError: Cannot read property 'hover' of undefined
17:35:10.954 [WRN] qrc:/qt/qml/stroemling/qml/la/LaCsvLeiste.qml:28: TypeError: Cannot read property 'textSecondary' of undefined
17:35:10.954 [WRN] qrc:/qt/qml/stroemling/qml/la/LaCsvLeiste.qml:24: TypeError: Cannot read property 'border' of undefined
17:35:10.955 [WRN] qrc:/qt/qml/stroemling/qml/la/LaTabStueckliste.qml:28: TypeError: Cannot read property 'border' of undefined
17:35:10.955 [WRN] qrc:/qt/qml/stroemling/qml/la/LaTabStueckliste.qml:31: TypeError: Cannot read property 'tableHeader' of undefined
17:35:10.955 [WRN] qrc:/qt/qml/stroemling/qml/la/LaTabStueckliste.qml:41: TypeError: Cannot read property 'border' of undefined
17:35:10.955 [WRN] qrc:/qt/qml/stroemling/qml/la/LaTabStueckliste.qml:73: TypeError: Cannot read property 'borderDark' of undefined
17:35:10.955 [WRN] qrc:/qt/qml/stroemling/qml/la/LaTabStueckliste.qml:79: TypeError: Cannot read property 'textMuted' of undefined
17:35:10.955 [WRN] qrc:/qt/qml/stroemling/qml/la/LaCsvLeiste.qml:14: TypeError: Cannot read property 'surface' of undefined
17:35:10.955 [WRN] qrc:/qt/qml/stroemling/qml/la/LaCsvLeiste.qml:19: TypeError: Cannot read property 'textSubtle' of undefined
17:35:10.955 [WRN] qrc:/qt/qml/stroemling/qml/la/LaCsvLeiste.qml:23: TypeError: Cannot read property 'hover' of undefined
17:35:10.955 [WRN] qrc:/qt/qml/stroemling/qml/la/LaCsvLeiste.qml:28: TypeError: Cannot read property 'textSecondary' of undefined
17:35:10.955 [WRN] qrc:/qt/qml/stroemling/qml/la/LaCsvLeiste.qml:24: TypeError: Cannot read property 'border' of undefined
17:35:10.955 [WRN] qrc:/qt/qml/stroemling/qml/la/LaTabQuerverweise.qml:28: TypeError: Cannot read property 'border' of undefined
17:35:10.955 [WRN] qrc:/qt/qml/stroemling/qml/la/LaTabQuerverweise.qml:31: TypeError: Cannot read property 'tableHeader' of undefined
17:35:10.955 [WRN] qrc:/qt/qml/stroemling/qml/la/LaTabQuerverweise.qml:41: TypeError: Cannot read property 'border' of undefined
17:35:10.955 [WRN] qrc:/qt/qml/stroemling/qml/la/LaTabQuerverweise.qml:70: TypeError: Cannot read property 'borderDark' of undefined
17:35:10.955 [WRN] qrc:/qt/qml/stroemling/qml/la/LaTabQuerverweise.qml:76: TypeError: Cannot read property 'textMuted' of undefined
17:35:10.955 [WRN] qrc:/qt/qml/stroemling/qml/la/LaCsvLeiste.qml:14: TypeError: Cannot read property 'surface' of undefined
17:35:10.955 [WRN] qrc:/qt/qml/stroemling/qml/la/LaCsvLeiste.qml:19: TypeError: Cannot read property 'textSubtle' of undefined
17:35:10.955 [WRN] qrc:/qt/qml/stroemling/qml/la/LaCsvLeiste.qml:23: TypeError: Cannot read property 'hover' of undefined
17:35:10.955 [WRN] qrc:/qt/qml/stroemling/qml/la/LaCsvLeiste.qml:28: TypeError: Cannot read property 'textSecondary' of undefined
17:35:10.955 [WRN] qrc:/qt/qml/stroemling/qml/la/LaCsvLeiste.qml:24: TypeError: Cannot read property 'border' of undefined
17:35:10.955 [WRN] qrc:/qt/qml/stroemling/qml/la/LaTabAderliste.qml:29: TypeError: Cannot read property 'border' of undefined
17:35:10.955 [WRN] qrc:/qt/qml/stroemling/qml/la/LaTabAderliste.qml:32: TypeError: Cannot read property 'tableHeader' of undefined
17:35:10.955 [WRN] qrc:/qt/qml/stroemling/qml/la/LaTabAderliste.qml:42: TypeError: Cannot read property 'border' of undefined
17:35:10.955 [WRN] qrc:/qt/qml/stroemling/qml/la/LaTabAderliste.qml:87: TypeError: Cannot read property 'borderDark' of undefined
17:35:10.955 [WRN] qrc:/qt/qml/stroemling/qml/la/LaTabAderliste.qml:93: TypeError: Cannot read property 'textMuted' of undefined
17:35:10.955 [WRN] qrc:/qt/qml/stroemling/qml/la/LaCsvLeiste.qml:14: TypeError: Cannot read property 'surface' of undefined
17:35:10.955 [WRN] qrc:/qt/qml/stroemling/qml/la/LaCsvLeiste.qml:19: TypeError: Cannot read property 'textSubtle' of undefined
17:35:10.955 [WRN] qrc:/qt/qml/stroemling/qml/la/LaCsvLeiste.qml:23: TypeError: Cannot read property 'hover' of undefined
17:35:10.955 [WRN] qrc:/qt/qml/stroemling/qml/la/LaCsvLeiste.qml:28: TypeError: Cannot read property 'textSecondary' of undefined
17:35:10.955 [WRN] qrc:/qt/qml/stroemling/qml/la/LaCsvLeiste.qml:24: TypeError: Cannot read property 'border' of undefined
17:35:10.955 [WRN] qrc:/qt/qml/stroemling/qml/la/LaTabKlemmenplan.qml:28: TypeError: Cannot read property 'border' of undefined
17:35:10.955 [WRN] qrc:/qt/qml/stroemling/qml/la/LaTabKlemmenplan.qml:31: TypeError: Cannot read property 'tableHeader' of undefined
17:35:10.955 [WRN] qrc:/qt/qml/stroemling/qml/la/LaTabKlemmenplan.qml:41: TypeError: Cannot read property 'border' of undefined
17:35:10.955 [WRN] qrc:/qt/qml/stroemling/qml/la/LaTabKlemmenplan.qml:103: TypeError: Cannot read property 'borderDark' of undefined
17:35:10.955 [WRN] qrc:/qt/qml/stroemling/qml/la/LaTabKlemmenplan.qml:109: TypeError: Cannot read property 'textMuted' of undefined
17:35:10.955 [WRN] qrc:/qt/qml/stroemling/qml/la/LaCsvLeiste.qml:14: TypeError: Cannot read property 'surface' of undefined
17:35:10.955 [WRN] qrc:/qt/qml/stroemling/qml/la/LaCsvLeiste.qml:19: TypeError: Cannot read property 'textSubtle' of undefined
17:35:10.955 [WRN] qrc:/qt/qml/stroemling/qml/la/LaCsvLeiste.qml:23: TypeError: Cannot read property 'hover' of undefined
17:35:10.955 [WRN] qrc:/qt/qml/stroemling/qml/la/LaCsvLeiste.qml:28: TypeError: Cannot read property 'textSecondary' of undefined
17:35:10.955 [WRN] qrc:/qt/qml/stroemling/qml/la/LaCsvLeiste.qml:24: TypeError: Cannot read property 'border' of undefined
17:35:10.955 [WRN] qrc:/qt/qml/stroemling/qml/la/LaTabKabelliste.qml:28: TypeError: Cannot read property 'border' of undefined
17:35:10.955 [WRN] qrc:/qt/qml/stroemling/qml/la/LaTabKabelliste.qml:31: TypeError: Cannot read property 'tableHeader' of undefined
17:35:10.955 [WRN] qrc:/qt/qml/stroemling/qml/la/LaTabKabelliste.qml:41: TypeError: Cannot read property 'border' of undefined
17:35:10.955 [WRN] qrc:/qt/qml/stroemling/qml/la/LaTabKabelliste.qml:170: TypeError: Cannot read property 'borderDark' of undefined
17:35:10.955 [WRN] qrc:/qt/qml/stroemling/qml/la/LaTabKabelliste.qml:177: TypeError: Cannot read property 'textMuted' of undefined
17:35:10.955 [WRN] qrc:/qt/qml/stroemling/qml/KlemmenVorschau.qml:19: TypeError: Cannot read property 'accent' of undefined
17:35:10.955 [WRN] qrc:/qt/qml/stroemling/qml/KabelRechner.qml:403:37: Unable to assign [undefined] to bool
17:35:10.955 [WRN] qrc:/qt/qml/stroemling/qml/symboleditor/SeEditorHeader.qml:89: ReferenceError: hovered is not defined
17:35:10.955 [WRN] qrc:/qt/qml/stroemling/qml/ibn/IbnBmSplit.qml:41: TypeError: Cannot read property 'textMuted' of undefined
17:35:10.955 [WRN] qrc:/qt/qml/stroemling/qml/ibn/IbnBmSplit.qml:103: TypeError: Cannot read property 'textMuted' of undefined
17:35:10.955 [WRN] qrc:/qt/qml/stroemling/qml/ibn/IbnBmSplit.qml:119: TypeError: Cannot read property 'accent' of undefined
17:35:10.955 [WRN] qrc:/qt/qml/stroemling/qml/ibn/IbnBmSplit.qml:131: TypeError: Cannot read property 'textMuted' of undefined
17:35:10.955 [WRN] qrc:/qt/qml/stroemling/qml/ibn/IbnBmSplit.qml:134: TypeError: Cannot read property 'border' of undefined
17:35:10.955 [WRN] qrc:/qt/qml/stroemling/qml/ibn/IbnBmSplit.qml:136: TypeError: Cannot read property 'textMuted' of undefined
17:35:10.955 [WRN] qrc:/qt/qml/stroemling/qml/ibn/IbnBmSplit.qml:179: TypeError: Cannot read property 'textMuted' of undefined
17:35:10.955 [WRN] qrc:/qt/qml/stroemling/qml/ibn/IbnBmSplit.qml:185: TypeError: Cannot read property 'textPrimary' of undefined
17:35:10.955 [WRN] qrc:/qt/qml/stroemling/qml/ibn/IbnBmSplit.qml:188: TypeError: Cannot read property 'textMuted' of undefined
17:35:10.955 [WRN] qrc:/qt/qml/stroemling/qml/ibn/IbnBmSplit.qml:191: TypeError: Cannot read property 'inputBg' of undefined
17:35:10.955 [WRN] qrc:/qt/qml/stroemling/qml/ibn/IbnBmSplit.qml:196: TypeError: Cannot read property 'textPrimary' of undefined
17:35:10.955 [WRN] qrc:/qt/qml/stroemling/qml/ibn/IbnBmSplit.qml:191: TypeError: Cannot read property 'border' of undefined
17:35:10.955 [WRN] qrc:/qt/qml/stroemling/qml/ibn/IbnBmSplit.qml:286: TypeError: Cannot read property 'border' of undefined
17:35:10.955 [WRN] qrc:/qt/qml/stroemling/qml/ibn/IbnBmSplit.qml:291: TypeError: Cannot read property 'textMuted' of undefined
17:35:10.955 [WRN] qrc:/qt/qml/stroemling/qml/ibn/IbnBmSplit.qml:292: TypeError: Cannot read property 'textMuted' of undefined
17:35:10.955 [WRN] qrc:/qt/qml/stroemling/qml/ibn/IbnBmSplit.qml:296: TypeError: Cannot read property 'textPrimary' of undefined
17:35:10.955 [WRN] qrc:/qt/qml/stroemling/qml/ibn/IbnBmSplit.qml:302: TypeError: Cannot read property 'textPrimary' of undefined
17:35:10.955 [WRN] qrc:/qt/qml/stroemling/qml/ibn/IbnBmSplit.qml:306: TypeError: Cannot read property 'border' of undefined
17:35:10.955 [WRN] qrc:/qt/qml/stroemling/qml/IbnFeldEditorDialog.qml:88: TypeError: Cannot read property 'surfaceDeep' of undefined
17:35:10.955 [WRN] qrc:/qt/qml/stroemling/qml/IbnFeldEditorDialog.qml:91: TypeError: Cannot read property 'border' of undefined
17:35:10.955 [WRN] qrc:/qt/qml/stroemling/qml/IbnFeldEditorDialog.qml:96: TypeError: Cannot read property 'textPrimary' of undefined
17:35:10.955 [WRN] qrc:/qt/qml/stroemling/qml/IbnFeldEditorDialog.qml:121: TypeError: Cannot read property 'sidebar' of undefined
17:35:10.955 [WRN] qrc:/qt/qml/stroemling/qml/IbnFeldEditorDialog.qml:123: TypeError: Cannot read property 'border' of undefined
17:35:10.955 [WRN] qrc:/qt/qml/stroemling/qml/IbnFeldEditorDialog.qml:195: TypeError: Cannot read property 'textMuted' of undefined
17:35:10.955 [WRN] qrc:/qt/qml/stroemling/qml/IbnFeldEditorDialog.qml:211: TypeError: Cannot read property 'sidebar' of undefined
17:35:10.955 [WRN] qrc:/qt/qml/stroemling/qml/IbnFeldEditorDialog.qml:223: TypeError: Cannot read property 'textPrimary' of undefined
17:35:10.955 [WRN] qrc:/qt/qml/stroemling/qml/IbnFeldEditorDialog.qml:229: TypeError: Cannot read property 'border' of undefined
17:35:10.955 [WRN] qrc:/qt/qml/stroemling/qml/IbnFeldEditorDialog.qml:239: TypeError: Cannot read property 'textMuted' of undefined
17:35:10.955 [WRN] qrc:/qt/qml/stroemling/qml/IbnFeldEditorDialog.qml:282: TypeError: Cannot read property 'textMuted' of undefined
17:35:10.955 [WRN] qrc:/qt/qml/stroemling/qml/IbnFeldEditorDialog.qml:288: TypeError: Cannot read property 'textPrimary' of undefined
17:35:10.955 [WRN] qrc:/qt/qml/stroemling/qml/IbnFeldEditorDialog.qml:302: TypeError: Cannot read property 'textMuted' of undefined
17:35:10.955 [WRN] qrc:/qt/qml/stroemling/qml/IbnFeldEditorDialog.qml:308: TypeError: Cannot read property 'textPrimary' of undefined
17:35:10.955 [WRN] qrc:/qt/qml/stroemling/qml/IbnFeldEditorDialog.qml:322: TypeError: Cannot read property 'textMuted' of undefined
17:35:10.955 [WRN] qrc:/qt/qml/stroemling/qml/IbnFeldEditorDialog.qml:367: TypeError: Cannot read property 'textMuted' of undefined
17:35:10.955 [WRN] qrc:/qt/qml/stroemling/qml/IbnFeldEditorDialog.qml:373: TypeError: Cannot read property 'textPrimary' of undefined
17:35:10.955 [WRN] qrc:/qt/qml/stroemling/qml/IbnFeldEditorDialog.qml:387: TypeError: Cannot read property 'textMuted' of undefined
17:35:10.955 [WRN] qrc:/qt/qml/stroemling/qml/IbnFeldEditorDialog.qml:393: TypeError: Cannot read property 'textPrimary' of undefined
17:35:10.955 [WRN] qrc:/qt/qml/stroemling/qml/IbnFeldEditorDialog.qml:490: TypeError: Cannot read property 'surfaceDeep' of undefined
17:35:10.955 [WRN] qrc:/qt/qml/stroemling/qml/IbnFeldEditorDialog.qml:492: TypeError: Cannot read property 'border' of undefined
17:35:10.955 [WRN] qrc:/qt/qml/stroemling/qml/IbnFeldEditorDialog.qml:501: TypeError: Cannot read property 'textMuted' of undefined
17:35:10.955 [WRN] qrc:/qt/qml/stroemling/qml/ibn/IbnKabelSplit.qml:38: TypeError: Cannot read property 'textMuted' of undefined
17:35:10.955 [WRN] qrc:/qt/qml/stroemling/qml/ibn/IbnKabelSplit.qml:107: TypeError: Cannot read property 'textMuted' of undefined
17:35:10.955 [WRN] qrc:/qt/qml/stroemling/qml/ibn/IbnKabelSplit.qml:123: TypeError: Cannot read property 'accent' of undefined
17:35:10.955 [WRN] qrc:/qt/qml/stroemling/qml/ibn/IbnKabelSplit.qml:121: TypeError: Cannot read property 'bezeichnung' of undefined
17:35:10.955 [WRN] qrc:/qt/qml/stroemling/qml/ibn/IbnKabelSplit.qml:138: TypeError: Cannot read property 'textMuted' of undefined
17:35:10.955 [WRN] qrc:/qt/qml/stroemling/qml/ibn/IbnKabelSplit.qml:133: TypeError: Cannot read property 'kabeltyp' of undefined
17:35:10.955 [WRN] qrc:/qt/qml/stroemling/qml/ibn/IbnKabelSplit.qml:148: TypeError: Cannot read property 'textMuted' of undefined
17:35:10.955 [WRN] qrc:/qt/qml/stroemling/qml/ibn/IbnKabelSplit.qml:145: TypeError: Cannot read property 'vonOrt' of undefined
17:35:10.955 [WRN] qrc:/qt/qml/stroemling/qml/ibn/IbnKabelSplit.qml:152: TypeError: Cannot read property 'border' of undefined
17:35:10.955 [WRN] qrc:/qt/qml/stroemling/qml/ibn/IbnKabelSplit.qml:155: TypeError: Cannot read property 'textMuted' of undefined
17:35:10.955 [WRN] qrc:/qt/qml/stroemling/qml/ibn/IbnKabelSplit.qml:201: TypeError: Cannot read property 'textMuted' of undefined
17:35:10.955 [WRN] qrc:/qt/qml/stroemling/qml/ibn/IbnKabelSplit.qml:208: TypeError: Cannot read property 'inputBg' of undefined
17:35:10.955 [WRN] qrc:/qt/qml/stroemling/qml/ibn/IbnKabelSplit.qml:208: TypeError: Cannot read property 'border' of undefined
17:35:10.955 [WRN] qrc:/qt/qml/stroemling/qml/ibn/IbnKabelSplit.qml:240: TypeError: Cannot read property 'textMuted' of undefined
17:35:10.955 [WRN] qrc:/qt/qml/stroemling/qml/ibn/IbnKabelSplit.qml:243: TypeError: Cannot read property 'inputBg' of undefined
17:35:10.955 [WRN] qrc:/qt/qml/stroemling/qml/ibn/IbnKabelSplit.qml:248: TypeError: Cannot read property 'textPrimary' of undefined
17:35:10.955 [WRN] qrc:/qt/qml/stroemling/qml/ibn/IbnKabelSplit.qml:243: TypeError: Cannot read property 'border' of undefined
17:35:10.955 [WRN] qrc:/qt/qml/stroemling/qml/ibn/IbnKabelSplit.qml:255: TypeError: Cannot read property 'textMuted' of undefined
17:35:10.955 [WRN] qrc:/qt/qml/stroemling/qml/ibn/IbnKabelSplit.qml:256: TypeError: Cannot read property 'textMuted' of undefined
17:35:10.956 [WRN] qrc:/qt/qml/stroemling/qml/ibn/IbnKabelSplit.qml:260: TypeError: Cannot read property 'textPrimary' of undefined
17:35:10.956 [WRN] qrc:/qt/qml/stroemling/qml/ibn/IbnKabelSplit.qml:266: TypeError: Cannot read property 'textPrimary' of undefined
17:35:10.956 [WRN] qrc:/qt/qml/stroemling/qml/ibn/IbnKabelSplit.qml:270: TypeError: Cannot read property 'border' of undefined
17:35:10.956 [WRN] qrc:/qt/qml/stroemling/qml/ep/EpVerbindungSection.qml:28: TypeError: Cannot read property 'borderLight' of undefined
17:35:10.956 [WRN] qrc:/qt/qml/stroemling/qml/ep/EpVerbindungSection.qml:37: TypeError: Cannot read property 'panelMid' of undefined
17:35:10.956 [WRN] qrc:/qt/qml/stroemling/qml/ep/EpVerbindungSection.qml:64: TypeError: Cannot read property 'border' of undefined
17:35:10.956 [WRN] qrc:/qt/qml/stroemling/qml/ep/EpVerbindungSection.qml:82: TypeError: Cannot read property 'panelMid' of undefined
17:35:10.956 [WRN] qrc:/qt/qml/stroemling/qml/ep/EpVerbindungSection.qml:88: TypeError: Cannot read property 'inputBg' of undefined
17:35:10.956 [WRN] qrc:/qt/qml/stroemling/qml/ep/EpVerbindungSection.qml:93: TypeError: Cannot read property 'textSecondary' of undefined
17:35:10.956 [WRN] qrc:/qt/qml/stroemling/qml/ep/EpVerbindungSection.qml:89: TypeError: Cannot read property 'border' of undefined
17:35:10.956 [WRN] qrc:/qt/qml/stroemling/qml/ep/EpVerbindungSection.qml:108: TypeError: Cannot read property 'inputBg' of undefined
17:35:10.956 [WRN] qrc:/qt/qml/stroemling/qml/ep/EpVerbindungSection.qml:112: TypeError: Cannot read property 'accent' of undefined
17:35:10.956 [WRN] qrc:/qt/qml/stroemling/qml/ep/EpVerbindungSection.qml:109: TypeError: Cannot read property 'border' of undefined
17:35:10.956 [WRN] qrc:/qt/qml/stroemling/qml/ep/EpVerbindungSection.qml:37: TypeError: Cannot read property 'panelMid' of undefined
17:35:10.956 [WRN] qrc:/qt/qml/stroemling/qml/ep/EpVerbindungSection.qml:18: TypeError: Cannot read property 'border' of undefined
17:35:10.956 [WRN] qrc:/qt/qml/stroemling/qml/ep/EpStilSection.qml:21: TypeError: Cannot read property 'borderLight' of undefined
17:35:10.956 [WRN] qrc:/qt/qml/stroemling/qml/ep/EpStilSection.qml:30: TypeError: Cannot read property 'panelMid' of undefined
17:35:10.956 [WRN] qrc:/qt/qml/stroemling/qml/ep/EpStilSection.qml:104: TypeError: Cannot read property 'accent' of undefined
17:35:10.956 [WRN] qrc:/qt/qml/stroemling/qml/ep/EpStilSection.qml:30: TypeError: Cannot read property 'panelMid' of undefined
17:35:10.956 [WRN] qrc:/qt/qml/stroemling/qml/ep/EpStilSection.qml:30: TypeError: Cannot read property 'panelMid' of undefined
17:35:10.956 [WRN] qrc:/qt/qml/stroemling/qml/ep/EpStilSection.qml:57: TypeError: Cannot read property 'inputBg' of undefined
17:35:10.956 [WRN] qrc:/qt/qml/stroemling/qml/ep/EpStilSection.qml:60: TypeError: Cannot read property 'accent' of undefined
17:35:10.956 [WRN] qrc:/qt/qml/stroemling/qml/ep/EpStilSection.qml:58: TypeError: Cannot read property 'border' of undefined
17:35:10.956 [WRN] qrc:/qt/qml/stroemling/qml/ep/EpStilSection.qml:69: TypeError: Cannot read property 'inputBg' of undefined
17:35:10.956 [WRN] qrc:/qt/qml/stroemling/qml/ep/EpStilSection.qml:70: TypeError: Cannot read property 'textSecondary' of undefined
17:35:10.956 [WRN] qrc:/qt/qml/stroemling/qml/ep/EpStilSection.qml:69: TypeError: Cannot read property 'border' of undefined
17:35:10.956 [WRN] qrc:/qt/qml/stroemling/qml/ep/EpStilSection.qml:75: TypeError: Cannot read property 'inputBg' of undefined
17:35:10.956 [WRN] qrc:/qt/qml/stroemling/qml/ep/EpStilSection.qml:78: TypeError: Cannot read property 'accent' of undefined
17:35:10.956 [WRN] qrc:/qt/qml/stroemling/qml/ep/EpStilSection.qml:76: TypeError: Cannot read property 'border' of undefined
17:35:10.956 [WRN] qrc:/qt/qml/stroemling/qml/ep/EpStilSection.qml:30: TypeError: Cannot read property 'panelMid' of undefined
17:35:10.956 [WRN] qrc:/qt/qml/stroemling/qml/ep/EpStilSection.qml:186: TypeError: Cannot read property 'panelMid' of undefined
17:35:10.956 [WRN] qrc:/qt/qml/stroemling/qml/ep/EpStilSection.qml:193: TypeError: Cannot read property 'inputBg' of undefined
17:35:10.956 [WRN] qrc:/qt/qml/stroemling/qml/ep/EpStilSection.qml:198: TypeError: Cannot read property 'textSecondary' of undefined
17:35:10.956 [WRN] qrc:/qt/qml/stroemling/qml/ep/EpStilSection.qml:193: TypeError: Cannot read property 'border' of undefined
17:35:10.956 [WRN] qrc:/qt/qml/stroemling/qml/ep/EpStilSection.qml:212: TypeError: Cannot read property 'borderLight' of undefined
17:35:10.956 [WRN] qrc:/qt/qml/stroemling/qml/ep/EpFuellungSection.qml:19: TypeError: Cannot read property 'border' of undefined
17:35:10.956 [WRN] qrc:/qt/qml/stroemling/qml/ep/EpFuellungSection.qml:29: TypeError: Cannot read property 'borderLight' of undefined
17:35:10.956 [WRN] qrc:/qt/qml/stroemling/qml/ep/EpFuellungSection.qml:53: TypeError: Cannot read property 'inputBg' of undefined
17:35:10.956 [WRN] qrc:/qt/qml/stroemling/qml/ep/EpFuellungSection.qml:54: TypeError: Cannot read property 'border' of undefined
17:35:10.956 [WRN] qrc:/qt/qml/stroemling/qml/ep/EpFuellungSection.qml:64: TypeError: Cannot read property 'textMuted' of undefined
17:35:10.956 [WRN] qrc:/qt/qml/stroemling/qml/ep/EpFuellungSection.qml:38: TypeError: Cannot read property 'panelMid' of undefined
17:35:10.956 [WRN] qrc:/qt/qml/stroemling/qml/ep/EpFuellungSection.qml:80: TypeError: Cannot read property 'activeItemAlt' of undefined
17:35:10.956 [WRN] qrc:/qt/qml/stroemling/qml/ep/EpFuellungSection.qml:90: TypeError: Cannot read property 'panelMid' of undefined
17:35:10.956 [WRN] qrc:/qt/qml/stroemling/qml/ep/EpFuellungSection.qml:97: TypeError: Cannot read property 'inputBg' of undefined
17:35:10.956 [WRN] qrc:/qt/qml/stroemling/qml/ep/EpFuellungSection.qml:102: TypeError: Cannot read property 'textSecondary' of undefined
17:35:10.956 [WRN] qrc:/qt/qml/stroemling/qml/ep/EpFuellungSection.qml:97: TypeError: Cannot read property 'border' of undefined
17:35:10.956 [WRN] qrc:/qt/qml/stroemling/qml/ep/EpFuellungSection.qml:116: TypeError: Cannot read property 'borderLight' of undefined
17:35:10.956 [WRN] qrc:/qt/qml/stroemling/qml/ep/EpFormSection.qml:17: TypeError: Cannot read property 'border' of undefined
17:35:10.956 [WRN] qrc:/qt/qml/stroemling/qml/ep/EpFormSection.qml:27: TypeError: Cannot read property 'borderLight' of undefined
17:35:10.956 [WRN] qrc:/qt/qml/stroemling/qml/ep/EpFormSection.qml:36: TypeError: Cannot read property 'panelMid' of undefined
17:35:10.956 [WRN] qrc:/qt/qml/stroemling/qml/ep/EpMehrfachauswahlSection.qml:16: TypeError: Cannot read property 'elementeModel' of undefined
17:35:10.956 [WRN] qrc:/qt/qml/stroemling/qml/ep/EpMehrfachauswahlSection.qml:33: TypeError: Cannot read property 'border' of undefined
17:35:10.956 [WRN] qrc:/qt/qml/stroemling/qml/ep/EpMehrfachauswahlSection.qml:43: TypeError: Cannot read property 'borderLight' of undefined
17:35:10.956 [WRN] qrc:/qt/qml/stroemling/qml/ep/EpMehrfachauswahlSection.qml:52: TypeError: Cannot read property 'panelMid' of undefined
17:35:10.956 [WRN] qrc:/qt/qml/stroemling/qml/ep/EpMehrfachauswahlSection.qml:52: TypeError: Cannot read property 'panelMid' of undefined
17:35:10.956 [WRN] qrc:/qt/qml/stroemling/qml/components/MiniButton.qml:18: TypeError: Cannot read property 'inputBg' of undefined
17:35:10.956 [WRN] qrc:/qt/qml/stroemling/qml/components/MiniButton.qml:26: TypeError: Cannot read property 'textMuted' of undefined
17:35:10.956 [WRN] qrc:/qt/qml/stroemling/qml/components/MiniButton.qml:19: TypeError: Cannot read property 'border' of undefined
17:35:10.956 [WRN] qrc:/qt/qml/stroemling/qml/components/MiniButton.qml:18: TypeError: Cannot read property 'inputBg' of undefined
17:35:10.956 [WRN] qrc:/qt/qml/stroemling/qml/components/MiniButton.qml:26: TypeError: Cannot read property 'textMuted' of undefined
17:35:10.956 [WRN] qrc:/qt/qml/stroemling/qml/components/MiniButton.qml:19: TypeError: Cannot read property 'border' of undefined
17:35:10.956 [WRN] qrc:/qt/qml/stroemling/qml/components/MiniButton.qml:18: TypeError: Cannot read property 'inputBg' of undefined
17:35:10.956 [WRN] qrc:/qt/qml/stroemling/qml/components/MiniButton.qml:26: TypeError: Cannot read property 'textMuted' of undefined
17:35:10.956 [WRN] qrc:/qt/qml/stroemling/qml/components/MiniButton.qml:19: TypeError: Cannot read property 'border' of undefined
17:35:10.956 [WRN] qrc:/qt/qml/stroemling/qml/ep/EpSymbolSection.qml:18: TypeError: Cannot read property 'border' of undefined
17:35:10.956 [WRN] qrc:/qt/qml/stroemling/qml/ep/EpSymbolSection.qml:28: TypeError: Cannot read property 'borderLight' of undefined
17:35:10.956 [WRN] qrc:/qt/qml/stroemling/qml/ep/EpSymbolSection.qml:37: TypeError: Cannot read property 'panelMid' of undefined
17:35:10.956 [WRN] qrc:/qt/qml/stroemling/qml/ep/EpSymbolSection.qml:37: TypeError: Cannot read property 'panelMid' of undefined
17:35:10.956 [WRN] qrc:/qt/qml/stroemling/qml/components/MiniButton.qml:18: TypeError: Cannot read property 'inputBg' of undefined
17:35:10.956 [WRN] qrc:/qt/qml/stroemling/qml/components/MiniButton.qml:26: TypeError: Cannot read property 'textMuted' of undefined
17:35:10.956 [WRN] qrc:/qt/qml/stroemling/qml/components/MiniButton.qml:19: TypeError: Cannot read property 'border' of undefined
17:35:10.956 [WRN] qrc:/qt/qml/stroemling/qml/components/MiniButton.qml:18: TypeError: Cannot read property 'inputBg' of undefined
17:35:10.956 [WRN] qrc:/qt/qml/stroemling/qml/components/MiniButton.qml:26: TypeError: Cannot read property 'textMuted' of undefined
17:35:10.956 [WRN] qrc:/qt/qml/stroemling/qml/components/MiniButton.qml:19: TypeError: Cannot read property 'border' of undefined
17:35:10.956 [WRN] qrc:/qt/qml/stroemling/qml/ep/EpAderdefinitionSection.qml:25: TypeError: Cannot read property 'border' of undefined
17:35:10.956 [WRN] qrc:/qt/qml/stroemling/qml/ep/EpAderdefinitionSection.qml:35: TypeError: Cannot read property 'borderLight' of undefined
17:35:10.956 [WRN] qrc:/qt/qml/stroemling/qml/ep/EpAderdefinitionSection.qml:44: TypeError: Cannot read property 'panelMid' of undefined
17:35:10.956 [WRN] qrc:/qt/qml/stroemling/qml/components/MiniButton.qml:18: TypeError: Cannot read property 'activeItemAlt' of undefined
17:35:10.956 [WRN] qrc:/qt/qml/stroemling/qml/components/MiniButton.qml:26: TypeError: Cannot read property 'accent' of undefined
17:35:10.956 [WRN] qrc:/qt/qml/stroemling/qml/components/MiniButton.qml:19: TypeError: Cannot read property 'accent' of undefined
17:35:10.956 [WRN] qrc:/qt/qml/stroemling/qml/components/MiniButton.qml:18: TypeError: Cannot read property 'inputBg' of undefined
17:35:10.956 [WRN] qrc:/qt/qml/stroemling/qml/components/MiniButton.qml:26: TypeError: Cannot read property 'textMuted' of undefined
17:35:10.956 [WRN] qrc:/qt/qml/stroemling/qml/components/MiniButton.qml:19: TypeError: Cannot read property 'border' of undefined
17:35:10.956 [WRN] qrc:/qt/qml/stroemling/qml/components/InputField.qml:37: TypeError: Cannot read property 'panelMid' of undefined
17:35:10.956 [WRN] qrc:/qt/qml/stroemling/qml/components/InputField.qml:49: TypeError: Cannot read property 'inputBg' of undefined
17:35:10.956 [WRN] qrc:/qt/qml/stroemling/qml/components/InputField.qml:56: TypeError: Cannot read property 'textSecondary' of undefined
17:35:10.956 [WRN] qrc:/qt/qml/stroemling/qml/components/InputField.qml:50: TypeError: Cannot read property 'border' of undefined
17:35:10.956 [WRN] qrc:/qt/qml/stroemling/qml/ep/EpAderdefinitionSection.qml:44: TypeError: Cannot read property 'panelMid' of undefined
17:35:10.956 [WRN] qrc:/qt/qml/stroemling/qml/ep/EpAderdefinitionSection.qml:44: TypeError: Cannot read property 'panelMid' of undefined
17:35:10.956 [WRN] qrc:/qt/qml/stroemling/qml/components/InputField.qml:37: TypeError: Cannot read property 'panelMid' of undefined
17:35:10.956 [WRN] qrc:/qt/qml/stroemling/qml/components/InputField.qml:49: TypeError: Cannot read property 'inputBg' of undefined
17:35:10.956 [WRN] qrc:/qt/qml/stroemling/qml/components/InputField.qml:56: TypeError: Cannot read property 'textSecondary' of undefined
17:35:10.956 [WRN] qrc:/qt/qml/stroemling/qml/components/InputField.qml:50: TypeError: Cannot read property 'border' of undefined
17:35:10.956 [WRN] qrc:/qt/qml/stroemling/qml/ep/EpKlemmenAnschlussSection.qml:25: TypeError: Cannot read property 'border' of undefined
17:35:10.956 [WRN] qrc:/qt/qml/stroemling/qml/ep/EpKlemmenAnschlussSection.qml:35: TypeError: Cannot read property 'borderLight' of undefined
17:35:10.956 [WRN] qrc:/qt/qml/stroemling/qml/ep/EpKlemmenAnschlussSection.qml:63: TypeError: Cannot read property 'accent' of undefined
17:35:10.956 [WRN] qrc:/qt/qml/stroemling/qml/ep/EpKlemmenAnschlussSection.qml:69: TypeError: Cannot read property 'badge' of undefined
17:35:10.956 [WRN] qrc:/qt/qml/stroemling/qml/ep/EpKlemmenAnschlussSection.qml:74: TypeError: Cannot read property 'accent' of undefined
17:35:10.956 [WRN] qrc:/qt/qml/stroemling/qml/ep/EpKlemmenAnschlussSection.qml:81: TypeError: Cannot read property 'textMuted' of undefined
17:35:10.956 [WRN] qrc:/qt/qml/stroemling/qml/ep/EpKlemmenAnschlussSection.qml:98: TypeError: Cannot read property 'textSubtle' of undefined
17:35:10.956 [WRN] qrc:/qt/qml/stroemling/qml/components/InputField.qml:37: TypeError: Cannot read property 'panelMid' of undefined
17:35:10.956 [WRN] qrc:/qt/qml/stroemling/qml/components/InputField.qml:49: TypeError: Cannot read property 'inputBg' of undefined
17:35:10.956 [WRN] qrc:/qt/qml/stroemling/qml/components/InputField.qml:56: TypeError: Cannot read property 'textSecondary' of undefined
17:35:10.956 [WRN] qrc:/qt/qml/stroemling/qml/components/InputField.qml:50: TypeError: Cannot read property 'border' of undefined
17:35:10.956 [WRN] qrc:/qt/qml/stroemling/qml/ep/EpKlemmenAnschlussSection.qml:25: TypeError: Cannot read property 'border' of undefined
17:35:10.956 [WRN] qrc:/qt/qml/stroemling/qml/ep/EpKlemmenAnschlussSection.qml:35: TypeError: Cannot read property 'borderLight' of undefined
17:35:10.956 [WRN] qrc:/qt/qml/stroemling/qml/ep/EpKlemmenAnschlussSection.qml:44: TypeError: Cannot read property 'panelMid' of undefined
17:35:10.957 [WRN] qrc:/qt/qml/stroemling/qml/ep/EpKlemmenAnschlussSection.qml:136: TypeError: Cannot read property 'textSecondary' of undefined
17:35:10.957 [WRN] qrc:/qt/qml/stroemling/qml/ep/EpKlemmenAnschlussSection.qml:44: TypeError: Cannot read property 'panelMid' of undefined
17:35:10.957 [WRN] qrc:/qt/qml/stroemling/qml/ep/EpKlemmenAnschlussSection.qml:146: TypeError: Cannot read property 'textSecondary' of undefined
17:35:10.957 [WRN] qrc:/qt/qml/stroemling/qml/ep/EpKlemmenAnschlussSection.qml:157: TypeError: Cannot read property 'textMuted' of undefined
17:35:10.957 [WRN] qrc:/qt/qml/stroemling/qml/ep/EpKlemmenAnschlussSection.qml:160: TypeError: Cannot read property 'textSecondary' of undefined
17:35:10.957 [WRN] qrc:/qt/qml/stroemling/qml/ep/EpKlemmenAnschlussSection.qml:44: TypeError: Cannot read property 'panelMid' of undefined
17:35:10.957 [WRN] qrc:/qt/qml/stroemling/qml/ep/EpKlemmenAnschlussSection.qml:25: TypeError: Cannot read property 'border' of undefined
17:35:10.957 [WRN] qrc:/qt/qml/stroemling/qml/ep/EpKlemmenAnschlussSection.qml:35: TypeError: Cannot read property 'borderLight' of undefined
17:35:10.957 [WRN] qrc:/qt/qml/stroemling/qml/ep/EpKlemmenAnschlussSection.qml:239: TypeError: Cannot read property 'accent' of undefined
17:35:10.957 [WRN] qrc:/qt/qml/stroemling/qml/ep/EpSteckverbinderSection.qml:19: TypeError: Cannot read property 'border' of undefined
17:35:10.957 [WRN] qrc:/qt/qml/stroemling/qml/ep/EpSteckverbinderSection.qml:29: TypeError: Cannot read property 'borderLight' of undefined
17:35:10.957 [WRN] qrc:/qt/qml/stroemling/qml/ep/EpSteckverbinderSection.qml:38: TypeError: Cannot read property 'panelMid' of undefined
17:35:10.957 [WRN] qrc:/qt/qml/stroemling/qml/ep/EpSteckverbinderSection.qml:38: TypeError: Cannot read property 'panelMid' of undefined
17:35:10.957 [WRN] qrc:/qt/qml/stroemling/qml/ep/EpSteckverbinderSection.qml:87: TypeError: Cannot read property 'textPrimary' of undefined
17:35:10.957 [WRN] qrc:/qt/qml/stroemling/qml/ep/EpSteckverbinderSection.qml:100: TypeError: Cannot read property 'textSecondary' of undefined
17:35:10.957 [WRN] qrc:/qt/qml/stroemling/qml/ep/EpSteckverbinderSection.qml:109: TypeError: Cannot read property 'textPrimary' of undefined
17:35:10.957 [WRN] qrc:/qt/qml/stroemling/qml/ep/EpSteckverbinderSection.qml:38: TypeError: Cannot read property 'panelMid' of undefined
17:35:10.957 [WRN] qrc:/qt/qml/stroemling/qml/ep/EpSteckverbinderSection.qml:130: TypeError: Cannot read property 'textPrimary' of undefined
17:35:10.957 [WRN] qrc:/qt/qml/stroemling/qml/ep/EpBildSection.qml:17: TypeError: Cannot read property 'border' of undefined
17:35:10.957 [WRN] qrc:/qt/qml/stroemling/qml/ep/EpBildSection.qml:27: TypeError: Cannot read property 'borderLight' of undefined
17:35:10.957 [WRN] qrc:/qt/qml/stroemling/qml/ep/EpBildSection.qml:36: TypeError: Cannot read property 'panelMid' of undefined
17:35:10.957 [WRN] qrc:/qt/qml/stroemling/qml/ep/EpBildSection.qml:72: TypeError: Cannot read property 'panelMid' of undefined
17:35:10.957 [WRN] qrc:/qt/qml/stroemling/qml/ep/EpBildSection.qml:79: TypeError: Cannot read property 'inputBg' of undefined
17:35:10.957 [WRN] qrc:/qt/qml/stroemling/qml/ep/EpBildSection.qml:84: TypeError: Cannot read property 'textSecondary' of undefined
17:35:10.957 [WRN] qrc:/qt/qml/stroemling/qml/ep/EpBildSection.qml:79: TypeError: Cannot read property 'border' of undefined
17:35:10.957 [WRN] qrc:/qt/qml/stroemling/qml/ep/EpBildSection.qml:102: TypeError: Cannot read property 'borderLight' of undefined
17:35:10.957 [WRN] qrc:/qt/qml/stroemling/qml/ep/EpBildSection.qml:36: TypeError: Cannot read property 'panelMid' of undefined
17:35:10.957 [WRN] qrc:/qt/qml/stroemling/qml/components/MiniButton.qml:18: TypeError: Cannot read property 'inputBg' of undefined
17:35:10.957 [WRN] qrc:/qt/qml/stroemling/qml/components/MiniButton.qml:26: TypeError: Cannot read property 'textMuted' of undefined
17:35:10.957 [WRN] qrc:/qt/qml/stroemling/qml/components/MiniButton.qml:19: TypeError: Cannot read property 'border' of undefined
17:35:10.957 [WRN] qrc:/qt/qml/stroemling/qml/components/MiniButton.qml:18: TypeError: Cannot read property 'inputBg' of undefined
17:35:10.957 [WRN] qrc:/qt/qml/stroemling/qml/components/MiniButton.qml:26: TypeError: Cannot read property 'textMuted' of undefined
17:35:10.957 [WRN] qrc:/qt/qml/stroemling/qml/components/MiniButton.qml:19: TypeError: Cannot read property 'border' of undefined
17:35:10.957 [WRN] qrc:/qt/qml/stroemling/qml/ep/EpBildSection.qml:17: TypeError: Cannot read property 'border' of undefined
17:35:10.957 [WRN] qrc:/qt/qml/stroemling/qml/ep/EpBildSection.qml:27: TypeError: Cannot read property 'borderLight' of undefined
17:35:10.957 [WRN] qrc:/qt/qml/stroemling/qml/ep/EpBildSection.qml:134: TypeError: Cannot read property 'inputBg' of undefined
17:35:10.957 [WRN] qrc:/qt/qml/stroemling/qml/ep/EpBildSection.qml:135: TypeError: Cannot read property 'border' of undefined
17:35:10.957 [WRN] qrc:/qt/qml/stroemling/qml/ep/EpBildSection.qml:142: TypeError: Cannot read property 'textMuted' of undefined
17:35:10.957 [WRN] qrc:/qt/qml/stroemling/qml/ep/EpBildSection.qml:17: TypeError: Cannot read property 'border' of undefined
17:35:10.957 [WRN] qrc:/qt/qml/stroemling/qml/ep/EpBildSection.qml:27: TypeError: Cannot read property 'borderLight' of undefined
17:35:10.957 [WRN] qrc:/qt/qml/stroemling/qml/ep/EpBildSection.qml:153: TypeError: Cannot read property 'panelMid' of undefined
17:35:10.957 [WRN] qrc:/qt/qml/stroemling/qml/ep/EpBildSection.qml:157: TypeError: Cannot read property 'inputBg' of undefined
17:35:10.957 [WRN] qrc:/qt/qml/stroemling/qml/ep/EpBildSection.qml:158: TypeError: Cannot read property 'accent' of undefined
17:35:10.957 [WRN] qrc:/qt/qml/stroemling/qml/ep/EpBildSection.qml:157: TypeError: Cannot read property 'border' of undefined
17:35:10.957 [WRN] qrc:/qt/qml/stroemling/qml/ep/EpBildSection.qml:171: TypeError: Cannot read property 'panelMid' of undefined
17:35:10.957 [WRN] qrc:/qt/qml/stroemling/qml/ep/EpBildSection.qml:175: TypeError: Cannot read property 'inputBg' of undefined
17:35:10.957 [WRN] qrc:/qt/qml/stroemling/qml/ep/EpBildSection.qml:176: TypeError: Cannot read property 'accent' of undefined
17:35:10.957 [WRN] qrc:/qt/qml/stroemling/qml/ep/EpBildSection.qml:175: TypeError: Cannot read property 'border' of undefined
17:35:10.957 [WRN] qrc:/qt/qml/stroemling/qml/ep/EpBildSection.qml:189: TypeError: Cannot read property 'panelMid' of undefined
17:35:10.957 [WRN] qrc:/qt/qml/stroemling/qml/ep/EpBildSection.qml:193: TypeError: Cannot read property 'inputBg' of undefined
17:35:10.957 [WRN] qrc:/qt/qml/stroemling/qml/ep/EpBildSection.qml:194: TypeError: Cannot read property 'accent' of undefined
17:35:10.957 [WRN] qrc:/qt/qml/stroemling/qml/ep/EpBildSection.qml:193: TypeError: Cannot read property 'border' of undefined
17:35:10.957 [WRN] qrc:/qt/qml/stroemling/qml/ep/EpBildSection.qml:207: TypeError: Cannot read property 'panelMid' of undefined
17:35:10.957 [WRN] qrc:/qt/qml/stroemling/qml/ep/EpBildSection.qml:211: TypeError: Cannot read property 'inputBg' of undefined
17:35:10.957 [WRN] qrc:/qt/qml/stroemling/qml/ep/EpBildSection.qml:212: TypeError: Cannot read property 'accent' of undefined
17:35:10.957 [WRN] qrc:/qt/qml/stroemling/qml/ep/EpBildSection.qml:211: TypeError: Cannot read property 'border' of undefined
17:35:10.957 [WRN] qrc:/qt/qml/stroemling/qml/ep/EpTextInhaltSection.qml:17: TypeError: Cannot read property 'border' of undefined
17:35:10.957 [WRN] qrc:/qt/qml/stroemling/qml/ep/EpTextInhaltSection.qml:27: TypeError: Cannot read property 'borderLight' of undefined
17:35:10.957 [WRN] qrc:/qt/qml/stroemling/qml/ep/EpTextInhaltSection.qml:36: TypeError: Cannot read property 'panelMid' of undefined
17:35:10.957 [WRN] qrc:/qt/qml/stroemling/qml/ep/EpTextInhaltSection.qml:52: TypeError: Cannot read property 'inputBg' of undefined
17:35:10.957 [WRN] qrc:/qt/qml/stroemling/qml/ep/EpTextInhaltSection.qml:58: TypeError: Cannot read property 'textSecondary' of undefined
17:35:10.957 [WRN] qrc:/qt/qml/stroemling/qml/ep/EpTextInhaltSection.qml:53: TypeError: Cannot read property 'border' of undefined
17:35:10.957 [WRN] qrc:/qt/qml/stroemling/qml/ep/EpTextInhaltSection.qml:36: TypeError: Cannot read property 'panelMid' of undefined
17:35:10.957 [WRN] qrc:/qt/qml/stroemling/qml/ep/EpTextInhaltSection.qml:108: TypeError: Cannot read property 'inputBg' of undefined
17:35:10.957 [WRN] qrc:/qt/qml/stroemling/qml/ep/EpTextInhaltSection.qml:109: TypeError: Cannot read property 'border' of undefined
17:35:10.957 [WRN] qrc:/qt/qml/stroemling/qml/ep/EpTextInhaltSection.qml:116: TypeError: Cannot read property 'textMuted' of undefined
17:35:10.957 [WRN] qrc:/qt/qml/stroemling/qml/ep/EpTextInhaltSection.qml:36: TypeError: Cannot read property 'panelMid' of undefined
17:35:10.957 [WRN] qrc:/qt/qml/stroemling/qml/components/MiniButton.qml:18: TypeError: Cannot read property 'activeItemAlt' of undefined
17:35:10.957 [WRN] qrc:/qt/qml/stroemling/qml/components/MiniButton.qml:26: TypeError: Cannot read property 'accent' of undefined
17:35:10.957 [WRN] qrc:/qt/qml/stroemling/qml/components/MiniButton.qml:19: TypeError: Cannot read property 'accent' of undefined
17:35:10.957 [WRN] qrc:/qt/qml/stroemling/qml/components/MiniButton.qml:18: TypeError: Cannot read property 'inputBg' of undefined
17:35:10.957 [WRN] qrc:/qt/qml/stroemling/qml/components/MiniButton.qml:26: TypeError: Cannot read property 'textMuted' of undefined
17:35:10.957 [WRN] qrc:/qt/qml/stroemling/qml/components/MiniButton.qml:19: TypeError: Cannot read property 'border' of undefined
17:35:10.957 [WRN] qrc:/qt/qml/stroemling/qml/ep/EpTextInhaltSection.qml:17: TypeError: Cannot read property 'border' of undefined
17:35:10.957 [WRN] qrc:/qt/qml/stroemling/qml/ep/EpTextInhaltSection.qml:27: TypeError: Cannot read property 'borderLight' of undefined
17:35:10.957 [WRN] qrc:/qt/qml/stroemling/qml/ep/EpTextInhaltSection.qml:147: TypeError: Cannot read property 'inputBg' of undefined
17:35:10.957 [WRN] qrc:/qt/qml/stroemling/qml/ep/EpTextInhaltSection.qml:148: TypeError: Cannot read property 'border' of undefined
17:35:10.957 [WRN] qrc:/qt/qml/stroemling/qml/ep/EpTextInhaltSection.qml:154: TypeError: Cannot read property 'textMuted' of undefined
17:35:10.957 [WRN] qrc:/qt/qml/stroemling/qml/ep/EpTextInhaltSection.qml:17: TypeError: Cannot read property 'border' of undefined
17:35:10.957 [WRN] qrc:/qt/qml/stroemling/qml/ep/EpTextInhaltSection.qml:27: TypeError: Cannot read property 'borderLight' of undefined
17:35:10.957 [WRN] qrc:/qt/qml/stroemling/qml/ep/EpTextInhaltSection.qml:36: TypeError: Cannot read property 'panelMid' of undefined
17:35:10.957 [WRN] qrc:/qt/qml/stroemling/qml/components/MiniButton.qml:18: TypeError: Cannot read property 'inputBg' of undefined
17:35:10.957 [WRN] qrc:/qt/qml/stroemling/qml/components/MiniButton.qml:26: TypeError: Cannot read property 'textMuted' of undefined
17:35:10.957 [WRN] qrc:/qt/qml/stroemling/qml/components/MiniButton.qml:19: TypeError: Cannot read property 'border' of undefined
17:35:10.957 [WRN] qrc:/qt/qml/stroemling/qml/ep/EpNotizSection.qml:17: TypeError: Cannot read property 'border' of undefined
17:35:10.957 [WRN] qrc:/qt/qml/stroemling/qml/ep/EpNotizSection.qml:27: TypeError: Cannot read property 'borderLight' of undefined
17:35:10.957 [WRN] qrc:/qt/qml/stroemling/qml/ep/EpNotizSection.qml:36: TypeError: Cannot read property 'panelMid' of undefined
17:35:10.957 [WRN] qrc:/qt/qml/stroemling/qml/ep/EpNotizSection.qml:52: TypeError: Cannot read property 'inputBg' of undefined
17:35:10.957 [WRN] qrc:/qt/qml/stroemling/qml/ep/EpNotizSection.qml:57: TypeError: Cannot read property 'textSecondary' of undefined
17:35:10.957 [WRN] qrc:/qt/qml/stroemling/qml/ep/EpNotizSection.qml:53: TypeError: Cannot read property 'border' of undefined
17:35:10.957 [WRN] qrc:/qt/qml/stroemling/qml/ep/EpNotizSection.qml:36: TypeError: Cannot read property 'panelMid' of undefined
17:35:10.957 [WRN] qrc:/qt/qml/stroemling/qml/ep/EpNotizSection.qml:17: TypeError: Cannot read property 'border' of undefined
17:35:10.957 [WRN] qrc:/qt/qml/stroemling/qml/ep/EpNotizSection.qml:27: TypeError: Cannot read property 'borderLight' of undefined
17:35:10.957 [WRN] qrc:/qt/qml/stroemling/qml/ep/EpNotizSection.qml:36: TypeError: Cannot read property 'panelMid' of undefined
17:35:10.957 [WRN] qrc:/qt/qml/stroemling/qml/components/MiniButton.qml:18: TypeError: Cannot read property 'inputBg' of undefined
17:35:10.957 [WRN] qrc:/qt/qml/stroemling/qml/components/MiniButton.qml:26: TypeError: Cannot read property 'textMuted' of undefined
17:35:10.957 [WRN] qrc:/qt/qml/stroemling/qml/components/MiniButton.qml:19: TypeError: Cannot read property 'border' of undefined
17:35:10.958 [WRN] qrc:/qt/qml/stroemling/qml/ep/EpMasseSection.qml:17: TypeError: Cannot read property 'border' of undefined
17:35:10.958 [WRN] qrc:/qt/qml/stroemling/qml/ep/EpMasseSection.qml:27: TypeError: Cannot read property 'borderLight' of undefined
17:35:10.958 [WRN] qrc:/qt/qml/stroemling/qml/components/MassField.qml:21: TypeError: Cannot read property 'borderLight' of undefined
17:35:10.958 [WRN] qrc:/qt/qml/stroemling/qml/components/MassField.qml:25: TypeError: Cannot read property 'inputBg' of undefined
17:35:10.958 [WRN] qrc:/qt/qml/stroemling/qml/components/MassField.qml:31: TypeError: Cannot read property 'textSecondary' of undefined
17:35:10.958 [WRN] qrc:/qt/qml/stroemling/qml/components/MassField.qml:25: TypeError: Cannot read property 'border' of undefined
17:35:10.958 [WRN] qrc:/qt/qml/stroemling/qml/components/MassField.qml:48: TypeError: Cannot read property 'borderLight' of undefined
17:35:10.958 [WRN] qrc:/qt/qml/stroemling/qml/components/MassField.qml:21: TypeError: Cannot read property 'borderLight' of undefined
17:35:10.958 [WRN] qrc:/qt/qml/stroemling/qml/components/MassField.qml:25: TypeError: Cannot read property 'inputBg' of undefined
17:35:10.958 [WRN] qrc:/qt/qml/stroemling/qml/components/MassField.qml:31: TypeError: Cannot read property 'textSecondary' of undefined
17:35:10.958 [WRN] qrc:/qt/qml/stroemling/qml/components/MassField.qml:25: TypeError: Cannot read property 'border' of undefined
17:35:10.958 [WRN] qrc:/qt/qml/stroemling/qml/components/MassField.qml:48: TypeError: Cannot read property 'borderLight' of undefined
17:35:10.958 [WRN] qrc:/qt/qml/stroemling/qml/components/MassField.qml:21: TypeError: Cannot read property 'borderLight' of undefined
17:35:10.958 [WRN] qrc:/qt/qml/stroemling/qml/components/MassField.qml:25: TypeError: Cannot read property 'inputBg' of undefined
17:35:10.958 [WRN] qrc:/qt/qml/stroemling/qml/components/MassField.qml:31: TypeError: Cannot read property 'textSecondary' of undefined
17:35:10.958 [WRN] qrc:/qt/qml/stroemling/qml/components/MassField.qml:25: TypeError: Cannot read property 'border' of undefined
17:35:10.958 [WRN] qrc:/qt/qml/stroemling/qml/components/MassField.qml:48: TypeError: Cannot read property 'borderLight' of undefined
17:35:10.958 [WRN] qrc:/qt/qml/stroemling/qml/components/MassField.qml:21: TypeError: Cannot read property 'borderLight' of undefined
17:35:10.958 [WRN] qrc:/qt/qml/stroemling/qml/components/MassField.qml:25: TypeError: Cannot read property 'inputBg' of undefined
17:35:10.958 [WRN] qrc:/qt/qml/stroemling/qml/components/MassField.qml:31: TypeError: Cannot read property 'textSecondary' of undefined
17:35:10.958 [WRN] qrc:/qt/qml/stroemling/qml/components/MassField.qml:25: TypeError: Cannot read property 'border' of undefined
17:35:10.958 [WRN] qrc:/qt/qml/stroemling/qml/components/MassField.qml:48: TypeError: Cannot read property 'borderLight' of undefined
17:35:10.958 [WRN] qrc:/qt/qml/stroemling/qml/components/MassField.qml:21: TypeError: Cannot read property 'borderLight' of undefined
17:35:10.958 [WRN] qrc:/qt/qml/stroemling/qml/components/MassField.qml:25: TypeError: Cannot read property 'inputBg' of undefined
17:35:10.958 [WRN] qrc:/qt/qml/stroemling/qml/components/MassField.qml:31: TypeError: Cannot read property 'textSecondary' of undefined
17:35:10.958 [WRN] qrc:/qt/qml/stroemling/qml/components/MassField.qml:25: TypeError: Cannot read property 'border' of undefined
17:35:10.958 [WRN] qrc:/qt/qml/stroemling/qml/components/MassField.qml:48: TypeError: Cannot read property 'borderLight' of undefined
17:35:10.958 [WRN] qrc:/qt/qml/stroemling/qml/components/MassField.qml:21: TypeError: Cannot read property 'borderLight' of undefined
17:35:10.958 [WRN] qrc:/qt/qml/stroemling/qml/components/MassField.qml:25: TypeError: Cannot read property 'inputBg' of undefined
17:35:10.958 [WRN] qrc:/qt/qml/stroemling/qml/components/MassField.qml:31: TypeError: Cannot read property 'textSecondary' of undefined
17:35:10.958 [WRN] qrc:/qt/qml/stroemling/qml/components/MassField.qml:25: TypeError: Cannot read property 'border' of undefined
17:35:10.958 [WRN] qrc:/qt/qml/stroemling/qml/components/MassField.qml:48: TypeError: Cannot read property 'borderLight' of undefined
17:35:10.958 [WRN] qrc:/qt/qml/stroemling/qml/components/MassField.qml:21: TypeError: Cannot read property 'borderLight' of undefined
17:35:10.958 [WRN] qrc:/qt/qml/stroemling/qml/components/MassField.qml:25: TypeError: Cannot read property 'inputBg' of undefined
17:35:10.958 [WRN] qrc:/qt/qml/stroemling/qml/components/MassField.qml:31: TypeError: Cannot read property 'textSecondary' of undefined
17:35:10.958 [WRN] qrc:/qt/qml/stroemling/qml/components/MassField.qml:25: TypeError: Cannot read property 'border' of undefined
17:35:10.958 [WRN] qrc:/qt/qml/stroemling/qml/components/MassField.qml:48: TypeError: Cannot read property 'borderLight' of undefined
17:35:10.958 [WRN] qrc:/qt/qml/stroemling/qml/components/MassField.qml:21: TypeError: Cannot read property 'borderLight' of undefined
17:35:10.958 [WRN] qrc:/qt/qml/stroemling/qml/components/MassField.qml:25: TypeError: Cannot read property 'inputBg' of undefined
17:35:10.958 [WRN] qrc:/qt/qml/stroemling/qml/components/MassField.qml:31: TypeError: Cannot read property 'textSecondary' of undefined
17:35:10.958 [WRN] qrc:/qt/qml/stroemling/qml/components/MassField.qml:25: TypeError: Cannot read property 'border' of undefined
17:35:10.958 [WRN] qrc:/qt/qml/stroemling/qml/components/MassField.qml:48: TypeError: Cannot read property 'borderLight' of undefined
17:35:10.958 [WRN] qrc:/qt/qml/stroemling/qml/components/MassField.qml:21: TypeError: Cannot read property 'borderLight' of undefined
17:35:10.958 [WRN] qrc:/qt/qml/stroemling/qml/components/MassField.qml:25: TypeError: Cannot read property 'inputBg' of undefined
17:35:10.958 [WRN] qrc:/qt/qml/stroemling/qml/components/MassField.qml:31: TypeError: Cannot read property 'textSecondary' of undefined
17:35:10.958 [WRN] qrc:/qt/qml/stroemling/qml/components/MassField.qml:25: TypeError: Cannot read property 'border' of undefined
17:35:10.958 [WRN] qrc:/qt/qml/stroemling/qml/components/MassField.qml:48: TypeError: Cannot read property 'borderLight' of undefined
17:35:10.958 [WRN] qrc:/qt/qml/stroemling/qml/components/MassField.qml:21: TypeError: Cannot read property 'borderLight' of undefined
17:35:10.958 [WRN] qrc:/qt/qml/stroemling/qml/components/MassField.qml:25: TypeError: Cannot read property 'inputBg' of undefined
17:35:10.958 [WRN] qrc:/qt/qml/stroemling/qml/components/MassField.qml:31: TypeError: Cannot read property 'textSecondary' of undefined
17:35:10.958 [WRN] qrc:/qt/qml/stroemling/qml/components/MassField.qml:25: TypeError: Cannot read property 'border' of undefined
17:35:10.958 [WRN] qrc:/qt/qml/stroemling/qml/components/MassField.qml:48: TypeError: Cannot read property 'borderLight' of undefined
17:35:10.958 [WRN] qrc:/qt/qml/stroemling/qml/components/MassField.qml:21: TypeError: Cannot read property 'borderLight' of undefined
17:35:10.958 [WRN] qrc:/qt/qml/stroemling/qml/components/MassField.qml:25: TypeError: Cannot read property 'inputBg' of undefined
17:35:10.958 [WRN] qrc:/qt/qml/stroemling/qml/components/MassField.qml:31: TypeError: Cannot read property 'textSecondary' of undefined
17:35:10.958 [WRN] qrc:/qt/qml/stroemling/qml/components/MassField.qml:25: TypeError: Cannot read property 'border' of undefined
17:35:10.958 [WRN] qrc:/qt/qml/stroemling/qml/components/MassField.qml:48: TypeError: Cannot read property 'borderLight' of undefined
17:35:10.958 [WRN] qrc:/qt/qml/stroemling/qml/components/MassField.qml:21: TypeError: Cannot read property 'borderLight' of undefined
17:35:10.958 [WRN] qrc:/qt/qml/stroemling/qml/components/MassField.qml:25: TypeError: Cannot read property 'inputBg' of undefined
17:35:10.958 [WRN] qrc:/qt/qml/stroemling/qml/components/MassField.qml:31: TypeError: Cannot read property 'textSecondary' of undefined
17:35:10.958 [WRN] qrc:/qt/qml/stroemling/qml/components/MassField.qml:25: TypeError: Cannot read property 'border' of undefined
17:35:10.958 [WRN] qrc:/qt/qml/stroemling/qml/components/MassField.qml:48: TypeError: Cannot read property 'borderLight' of undefined
17:35:10.958 [WRN] qrc:/qt/qml/stroemling/qml/components/MassField.qml:21: TypeError: Cannot read property 'borderLight' of undefined
17:35:10.958 [WRN] qrc:/qt/qml/stroemling/qml/components/MassField.qml:25: TypeError: Cannot read property 'inputBg' of undefined
17:35:10.958 [WRN] qrc:/qt/qml/stroemling/qml/components/MassField.qml:31: TypeError: Cannot read property 'textSecondary' of undefined
17:35:10.958 [WRN] qrc:/qt/qml/stroemling/qml/components/MassField.qml:25: TypeError: Cannot read property 'border' of undefined
17:35:10.958 [WRN] qrc:/qt/qml/stroemling/qml/components/MassField.qml:48: TypeError: Cannot read property 'borderLight' of undefined
17:35:10.958 [WRN] qrc:/qt/qml/stroemling/qml/components/MassField.qml:21: TypeError: Cannot read property 'borderLight' of undefined
17:35:10.958 [WRN] qrc:/qt/qml/stroemling/qml/components/MassField.qml:25: TypeError: Cannot read property 'inputBg' of undefined
17:35:10.958 [WRN] qrc:/qt/qml/stroemling/qml/components/MassField.qml:31: TypeError: Cannot read property 'textSecondary' of undefined
17:35:10.958 [WRN] qrc:/qt/qml/stroemling/qml/components/MassField.qml:25: TypeError: Cannot read property 'border' of undefined
17:35:10.958 [WRN] qrc:/qt/qml/stroemling/qml/components/MassField.qml:48: TypeError: Cannot read property 'borderLight' of undefined
17:35:10.958 [WRN] qrc:/qt/qml/stroemling/qml/components/MassField.qml:21: TypeError: Cannot read property 'borderLight' of undefined
17:35:10.958 [WRN] qrc:/qt/qml/stroemling/qml/components/MassField.qml:25: TypeError: Cannot read property 'inputBg' of undefined
17:35:10.958 [WRN] qrc:/qt/qml/stroemling/qml/components/MassField.qml:31: TypeError: Cannot read property 'textSecondary' of undefined
17:35:10.958 [WRN] qrc:/qt/qml/stroemling/qml/components/MassField.qml:25: TypeError: Cannot read property 'border' of undefined
17:35:10.958 [WRN] qrc:/qt/qml/stroemling/qml/components/MassField.qml:48: TypeError: Cannot read property 'borderLight' of undefined
17:35:10.958 [WRN] qrc:/qt/qml/stroemling/qml/components/MassField.qml:21: TypeError: Cannot read property 'borderLight' of undefined
17:35:10.958 [WRN] qrc:/qt/qml/stroemling/qml/components/MassField.qml:25: TypeError: Cannot read property 'inputBg' of undefined
17:35:10.958 [WRN] qrc:/qt/qml/stroemling/qml/components/MassField.qml:31: TypeError: Cannot read property 'textSecondary' of undefined
17:35:10.958 [WRN] qrc:/qt/qml/stroemling/qml/components/MassField.qml:25: TypeError: Cannot read property 'border' of undefined
17:35:10.958 [WRN] qrc:/qt/qml/stroemling/qml/components/MassField.qml:48: TypeError: Cannot read property 'borderLight' of undefined
17:35:10.958 [WRN] qrc:/qt/qml/stroemling/qml/ep/EpSpsKanalSection.qml:46: TypeError: Cannot read property 'border' of undefined
17:35:10.958 [WRN] qrc:/qt/qml/stroemling/qml/ep/EpSpsKanalSection.qml:56: TypeError: Cannot read property 'borderLight' of undefined
17:35:10.958 [WRN] qrc:/qt/qml/stroemling/qml/ep/EpSpsKanalSection.qml:100: TypeError: Cannot read property 'inputBg' of undefined
17:35:10.958 [WRN] qrc:/qt/qml/stroemling/qml/ep/EpSpsKanalSection.qml:105: TypeError: Cannot read property 'accent' of undefined
17:35:10.958 [WRN] qrc:/qt/qml/stroemling/qml/ep/EpSpsKanalSection.qml:101: TypeError: Cannot read property 'border' of undefined
17:35:10.958 [WRN] qrc:/qt/qml/stroemling/qml/ep/EpSpsKanalSection.qml:71: TypeError: Cannot read property 'panelMid' of undefined
17:35:10.958 [WRN] qrc:/qt/qml/stroemling/qml/ep/EpSpsKanalSection.qml:76: TypeError: Cannot read property 'textSecondary' of undefined
17:35:10.958 [WRN] qrc:/qt/qml/stroemling/qml/ep/EpSpsKanalSection.qml:71: TypeError: Cannot read property 'panelMid' of undefined
17:35:10.958 [WRN] qrc:/qt/qml/stroemling/qml/ep/EpSpsKanalSection.qml:76: TypeError: Cannot read property 'textSecondary' of undefined
17:35:10.958 [WRN] qrc:/qt/qml/stroemling/qml/ep/EpSpsKanalSection.qml:71: TypeError: Cannot read property 'panelMid' of undefined
17:35:10.958 [WRN] qrc:/qt/qml/stroemling/qml/ep/EpSpsKanalSection.qml:76: TypeError: Cannot read property 'textSecondary' of undefined
17:35:10.958 [WRN] qrc:/qt/qml/stroemling/qml/ep/EpSpsKanalSection.qml:71: TypeError: Cannot read property 'panelMid' of undefined
17:35:10.958 [WRN] qrc:/qt/qml/stroemling/qml/ep/EpSpsKanalSection.qml:76: TypeError: Cannot read property 'textSecondary' of undefined
17:35:10.958 [WRN] qrc:/qt/qml/stroemling/qml/ep/EpSpsKanalSection.qml:71: TypeError: Cannot read property 'panelMid' of undefined
17:35:10.958 [WRN] qrc:/qt/qml/stroemling/qml/ep/EpSpsKanalSection.qml:76: TypeError: Cannot read property 'textSecondary' of undefined
17:35:10.958 [WRN] qrc:/qt/qml/stroemling/qml/ep/EpSpsKanalSection.qml:71: TypeError: Cannot read property 'panelMid' of undefined
17:35:10.958 [WRN] qrc:/qt/qml/stroemling/qml/ep/EpSpsKanalSection.qml:76: TypeError: Cannot read property 'textSecondary' of undefined
17:35:10.958 [WRN] qrc:/qt/qml/stroemling/qml/ep/EpSpsKanalSection.qml:71: TypeError: Cannot read property 'panelMid' of undefined
17:35:10.958 [WRN] qrc:/qt/qml/stroemling/qml/ep/EpSpsKanalSection.qml:76: TypeError: Cannot read property 'textSecondary' of undefined
17:35:10.958 [WRN] qrc:/qt/qml/stroemling/qml/ep/EpSpsKanalSection.qml:71: TypeError: Cannot read property 'panelMid' of undefined
17:35:10.958 [WRN] qrc:/qt/qml/stroemling/qml/ep/EpSpsKanalSection.qml:76: TypeError: Cannot read property 'textSecondary' of undefined
17:35:10.958 [WRN] qrc:/qt/qml/stroemling/qml/ep/EpSpsKanalSection.qml:205: TypeError: Cannot read property 'inputBg' of undefined
17:35:10.958 [WRN] qrc:/qt/qml/stroemling/qml/ep/EpSpsKanalSection.qml:210: TypeError: Cannot read property 'accent' of undefined
17:35:10.958 [WRN] qrc:/qt/qml/stroemling/qml/ep/EpSpsKanalSection.qml:206: TypeError: Cannot read property 'border' of undefined
17:35:10.958 [WRN] qrc:/qt/qml/stroemling/qml/ep/EpSpsKanalSection.qml:221: TypeError: Cannot read property 'inputBg' of undefined
17:35:10.959 [WRN] qrc:/qt/qml/stroemling/qml/ep/EpSpsKanalSection.qml:226: TypeError: Cannot read property 'borderLight' of undefined
17:35:10.959 [WRN] qrc:/qt/qml/stroemling/qml/ep/EpSpsKanalSection.qml:222: TypeError: Cannot read property 'border' of undefined
17:35:10.959 [WRN] qrc:/qt/qml/stroemling/qml/ep/EpSpsKanalSection.qml:267: TypeError: Cannot read property 'accent' of undefined
17:35:10.959 [WRN] qrc:/qt/qml/stroemling/qml/ep/EpSpsKanalSection.qml:294: TypeError: Cannot read property 'textBright' of undefined
17:35:10.959 [WRN] qrc:/qt/qml/stroemling/qml/ep/EpSpsKanalSection.qml:359: TypeError: Cannot read property 'textMuted' of undefined
17:35:10.959 [WRN] qrc:/qt/qml/stroemling/qml/ep/EpBetriebsmittelSection.qml:32: TypeError: Cannot read property 'border' of undefined
17:35:10.959 [WRN] qrc:/qt/qml/stroemling/qml/ep/EpBetriebsmittelSection.qml:42: TypeError: Cannot read property 'borderLight' of undefined
17:35:10.959 [WRN] qrc:/qt/qml/stroemling/qml/ep/EpBetriebsmittelSection.qml:51: TypeError: Cannot read property 'panelMid' of undefined
17:35:10.959 [WRN] qrc:/qt/qml/stroemling/qml/ep/EpBetriebsmittelSection.qml:127: TypeError: Cannot read property 'inputBg' of undefined
17:35:10.959 [WRN] qrc:/qt/qml/stroemling/qml/ep/EpBetriebsmittelSection.qml:133: TypeError: Cannot read property 'textSecondary' of undefined
17:35:10.959 [WRN] qrc:/qt/qml/stroemling/qml/ep/EpBetriebsmittelSection.qml:128: TypeError: Cannot read property 'border' of undefined
17:35:10.959 [WRN] qrc:/qt/qml/stroemling/qml/ep/EpBetriebsmittelSection.qml:151: TypeError: Cannot read property 'inputBg' of undefined
17:35:10.959 [WRN] qrc:/qt/qml/stroemling/qml/ep/EpBetriebsmittelSection.qml:155: TypeError: Cannot read property 'accent' of undefined
17:35:10.959 [WRN] qrc:/qt/qml/stroemling/qml/ep/EpBetriebsmittelSection.qml:152: TypeError: Cannot read property 'border' of undefined
17:35:10.959 [WRN] qrc:/qt/qml/stroemling/qml/ep/EpBetriebsmittelSection.qml:51: TypeError: Cannot read property 'panelMid' of undefined
17:35:10.959 [WRN] qrc:/qt/qml/stroemling/qml/ep/EpBetriebsmittelSection.qml:209: TypeError: Cannot read property 'inputBg' of undefined
17:35:10.959 [WRN] qrc:/qt/qml/stroemling/qml/ep/EpBetriebsmittelSection.qml:231: TypeError: Cannot read property 'borderLight' of undefined
17:35:10.959 [WRN] qrc:/qt/qml/stroemling/qml/ep/EpBetriebsmittelSection.qml:239: TypeError: Cannot read property 'accent' of undefined
17:35:10.959 [WRN] qrc:/qt/qml/stroemling/qml/ep/EpBetriebsmittelSection.qml:255: TypeError: Cannot read property 'borderLight' of undefined
17:35:10.959 [WRN] qrc:/qt/qml/stroemling/qml/ep/EpBetriebsmittelSection.qml:213: TypeError: Cannot read property 'border' of undefined
17:35:10.959 [WRN] qrc:/qt/qml/stroemling/qml/ep/EpBetriebsmittelSection.qml:266: TypeError: Cannot read property 'inputBg' of undefined
17:35:10.959 [WRN] qrc:/qt/qml/stroemling/qml/ep/EpBetriebsmittelSection.qml:269: TypeError: Cannot read property 'accent' of undefined
17:35:10.959 [WRN] qrc:/qt/qml/stroemling/qml/ep/EpBetriebsmittelSection.qml:267: TypeError: Cannot read property 'border' of undefined
17:35:10.959 [WRN] qrc:/qt/qml/stroemling/qml/ep/EpBetriebsmittelSection.qml:278: TypeError: Cannot read property 'inputBg' of undefined
17:35:10.959 [WRN] qrc:/qt/qml/stroemling/qml/ep/EpBetriebsmittelSection.qml:282: TypeError: Cannot read property 'borderLight' of undefined
17:35:10.959 [WRN] qrc:/qt/qml/stroemling/qml/ep/EpBetriebsmittelSection.qml:279: TypeError: Cannot read property 'border' of undefined
17:35:10.959 [WRN] qrc:/qt/qml/stroemling/qml/ep/EpBetriebsmittelSection.qml:302: TypeError: Cannot read property 'inputBg' of undefined
17:35:10.959 [WRN] qrc:/qt/qml/stroemling/qml/ep/EpBetriebsmittelSection.qml:309: TypeError: Cannot read property 'textMuted' of undefined
17:35:10.959 [WRN] qrc:/qt/qml/stroemling/qml/ep/EpBetriebsmittelSection.qml:303: TypeError: Cannot read property 'border' of undefined
17:35:10.959 [WRN] qrc:/qt/qml/stroemling/qml/ep/EpBetriebsmittelSection.qml:325: TypeError: Cannot read property 'inputBg' of undefined
17:35:10.959 [WRN] qrc:/qt/qml/stroemling/qml/ep/EpBetriebsmittelSection.qml:330: TypeError: Cannot read property 'textMuted' of undefined
17:35:10.959 [WRN] qrc:/qt/qml/stroemling/qml/ep/EpBetriebsmittelSection.qml:326: TypeError: Cannot read property 'border' of undefined
17:35:10.959 [WRN] qrc:/qt/qml/stroemling/qml/ep/EpBetriebsmittelSection.qml:32: TypeError: Cannot read property 'border' of undefined
17:35:10.959 [WRN] qrc:/qt/qml/stroemling/qml/ep/EpBetriebsmittelSection.qml:42: TypeError: Cannot read property 'borderLight' of undefined
17:35:10.959 [WRN] qrc:/qt/qml/stroemling/qml/components/InputField.qml:37: TypeError: Cannot read property 'panelMid' of undefined
17:35:10.959 [WRN] qrc:/qt/qml/stroemling/qml/components/InputField.qml:49: TypeError: Cannot read property 'inputBg' of undefined
17:35:10.959 [WRN] qrc:/qt/qml/stroemling/qml/components/InputField.qml:56: TypeError: Cannot read property 'textSecondary' of undefined
17:35:10.959 [WRN] qrc:/qt/qml/stroemling/qml/components/InputField.qml:50: TypeError: Cannot read property 'border' of undefined
17:35:10.959 [WRN] qrc:/qt/qml/stroemling/qml/ep/EpBetriebsmittelSection.qml:51: TypeError: Cannot read property 'panelMid' of undefined
17:35:10.959 [WRN] qrc:/qt/qml/stroemling/qml/ep/EpBetriebsmittelSection.qml:32: TypeError: Cannot read property 'border' of undefined
17:35:10.959 [WRN] qrc:/qt/qml/stroemling/qml/ep/EpBetriebsmittelSection.qml:42: TypeError: Cannot read property 'borderLight' of undefined
17:35:10.959 [WRN] qrc:/qt/qml/stroemling/qml/ep/EpBetriebsmittelSection.qml:495: TypeError: Cannot read property 'borderLight' of undefined
17:35:10.959 [WRN] qrc:/qt/qml/stroemling/qml/ep/EpBetriebsmittelSection.qml:32: TypeError: Cannot read property 'border' of undefined
17:35:10.959 [WRN] qrc:/qt/qml/stroemling/qml/ep/EpBetriebsmittelSection.qml:42: TypeError: Cannot read property 'borderLight' of undefined
17:35:10.959 [WRN] qrc:/qt/qml/stroemling/qml/ep/EpBetriebsmittelSection.qml:78: TypeError: Cannot read property 'inputBg' of undefined
17:35:10.959 [WRN] qrc:/qt/qml/stroemling/qml/ep/EpBetriebsmittelSection.qml:81: TypeError: Cannot read property 'accent' of undefined
17:35:10.959 [WRN] qrc:/qt/qml/stroemling/qml/ep/EpBetriebsmittelSection.qml:79: TypeError: Cannot read property 'border' of undefined
17:35:10.959 [WRN] qrc:/qt/qml/stroemling/qml/ep/EpBetriebsmittelSection.qml:90: TypeError: Cannot read property 'inputBg' of undefined
17:35:10.959 [WRN] qrc:/qt/qml/stroemling/qml/ep/EpBetriebsmittelSection.qml:91: TypeError: Cannot read property 'textSecondary' of undefined
17:35:10.959 [WRN] qrc:/qt/qml/stroemling/qml/ep/EpBetriebsmittelSection.qml:90: TypeError: Cannot read property 'border' of undefined
17:35:10.959 [WRN] qrc:/qt/qml/stroemling/qml/ep/EpBetriebsmittelSection.qml:96: TypeError: Cannot read property 'inputBg' of undefined
17:35:10.959 [WRN] qrc:/qt/qml/stroemling/qml/ep/EpBetriebsmittelSection.qml:99: TypeError: Cannot read property 'accent' of undefined
17:35:10.959 [WRN] qrc:/qt/qml/stroemling/qml/ep/EpBetriebsmittelSection.qml:97: TypeError: Cannot read property 'border' of undefined
17:35:10.959 [WRN] qrc:/qt/qml/stroemling/qml/ep/EpBetriebsmittelSection.qml:42: TypeError: Cannot read property 'borderLight' of undefined
17:35:10.959 [WRN] qrc:/qt/qml/stroemling/qml/ep/EpBetriebsmittelSection.qml:662: TypeError: Cannot read property 'panelMid' of undefined
17:35:10.959 [WRN] qrc:/qt/qml/stroemling/qml/ep/EpBetriebsmittelSection.qml:668: TypeError: Cannot read property 'inputBg' of undefined
17:35:10.959 [WRN] qrc:/qt/qml/stroemling/qml/ep/EpBetriebsmittelSection.qml:674: TypeError: Cannot read property 'textSecondary' of undefined
17:35:10.959 [WRN] qrc:/qt/qml/stroemling/qml/ep/EpBetriebsmittelSection.qml:669: TypeError: Cannot read property 'border' of undefined
17:35:10.959 [WRN] qrc:/qt/qml/stroemling/qml/ep/EpBetriebsmittelSection.qml:695: TypeError: Cannot read property 'borderLight' of undefined
17:35:10.959 [WRN] qrc:/qt/qml/stroemling/qml/ep/EpBetriebsmittelSection.qml:704: TypeError: Cannot read property 'panelMid' of undefined
17:35:10.959 [WRN] qrc:/qt/qml/stroemling/qml/ep/EpBetriebsmittelSection.qml:710: TypeError: Cannot read property 'inputBg' of undefined
17:35:10.959 [WRN] qrc:/qt/qml/stroemling/qml/ep/EpBetriebsmittelSection.qml:716: TypeError: Cannot read property 'textSecondary' of undefined
17:35:10.959 [WRN] qrc:/qt/qml/stroemling/qml/ep/EpBetriebsmittelSection.qml:711: TypeError: Cannot read property 'border' of undefined
17:35:10.959 [WRN] qrc:/qt/qml/stroemling/qml/ep/EpBetriebsmittelSection.qml:737: TypeError: Cannot read property 'borderLight' of undefined
17:35:10.959 [WRN] qrc:/qt/qml/stroemling/qml/ep/EpBetriebsmittelSection.qml:766: TypeError: Cannot read property 'accent' of undefined
17:35:10.959 [WRN] qrc:/qt/qml/stroemling/qml/ep/EpBetriebsmittelSection.qml:807: TypeError: Cannot read property 'textBright' of undefined
17:35:10.959 [WRN] qrc:/qt/qml/stroemling/qml/ep/EpBetriebsmittelSection.qml:841: TypeError: Cannot read property 'border' of undefined
17:35:10.959 [WRN] qrc:/qt/qml/stroemling/qml/ep/EpBetriebsmittelSection.qml:845: TypeError: Cannot read property 'textBright' of undefined
17:35:10.959 [WRN] qrc:/qt/qml/stroemling/qml/ep/EpBetriebsmittelSection.qml:855: TypeError: Cannot read property 'textPrimary' of undefined
17:35:10.959 [WRN] qrc:/qt/qml/stroemling/qml/ep/EpBetriebsmittelSection.qml:863: TypeError: Cannot read property 'textPrimary' of undefined
17:35:10.959 [WRN] qrc:/qt/qml/stroemling/qml/ep/EpBetriebsmittelSection.qml:870: TypeError: Cannot read property 'textMuted' of undefined
17:35:10.959 [WRN] qrc:/qt/qml/stroemling/qml/ep/EpQuerverweisSection.qml:43: TypeError: Cannot read property 'border' of undefined
17:35:10.959 [WRN] qrc:/qt/qml/stroemling/qml/ep/EpQuerverweisSection.qml:53: TypeError: Cannot read property 'borderLight' of undefined
17:35:10.959 [WRN] qrc:/qt/qml/stroemling/qml/components/InputField.qml:37: TypeError: Cannot read property 'panelMid' of undefined
17:35:10.959 [WRN] qrc:/qt/qml/stroemling/qml/components/InputField.qml:49: TypeError: Cannot read property 'inputBg' of undefined
17:35:10.959 [WRN] qrc:/qt/qml/stroemling/qml/components/InputField.qml:56: TypeError: Cannot read property 'textSecondary' of undefined
17:35:10.959 [WRN] qrc:/qt/qml/stroemling/qml/components/InputField.qml:50: TypeError: Cannot read property 'border' of undefined
17:35:10.959 [WRN] qrc:/qt/qml/stroemling/qml/ep/EpQuerverweisSection.qml:62: TypeError: Cannot read property 'panelMid' of undefined
17:35:10.959 [WRN] qrc:/qt/qml/stroemling/qml/components/MiniButton.qml:18: TypeError: Cannot read property 'activeItemAlt' of undefined
17:35:10.959 [WRN] qrc:/qt/qml/stroemling/qml/components/MiniButton.qml:26: TypeError: Cannot read property 'accent' of undefined
17:35:10.959 [WRN] qrc:/qt/qml/stroemling/qml/components/MiniButton.qml:19: TypeError: Cannot read property 'accent' of undefined
17:35:10.959 [WRN] qrc:/qt/qml/stroemling/qml/components/MiniButton.qml:18: TypeError: Cannot read property 'inputBg' of undefined
17:35:10.959 [WRN] qrc:/qt/qml/stroemling/qml/components/MiniButton.qml:26: TypeError: Cannot read property 'textMuted' of undefined
17:35:10.959 [WRN] qrc:/qt/qml/stroemling/qml/components/MiniButton.qml:19: TypeError: Cannot read property 'border' of undefined
17:35:10.959 [WRN] qrc:/qt/qml/stroemling/qml/ep/EpQuerverweisSection.qml:62: TypeError: Cannot read property 'panelMid' of undefined
17:35:10.959 [WRN] qrc:/qt/qml/stroemling/qml/components/MiniButton.qml:18: TypeError: Cannot read property 'activeItemAlt' of undefined
17:35:10.959 [WRN] qrc:/qt/qml/stroemling/qml/components/MiniButton.qml:26: TypeError: Cannot read property 'accent' of undefined
17:35:10.959 [WRN] qrc:/qt/qml/stroemling/qml/components/MiniButton.qml:19: TypeError: Cannot read property 'accent' of undefined
17:35:10.959 [WRN] qrc:/qt/qml/stroemling/qml/components/MiniButton.qml:18: TypeError: Cannot read property 'inputBg' of undefined
17:35:10.959 [WRN] qrc:/qt/qml/stroemling/qml/components/MiniButton.qml:26: TypeError: Cannot read property 'textMuted' of undefined
17:35:10.959 [WRN] qrc:/qt/qml/stroemling/qml/components/MiniButton.qml:19: TypeError: Cannot read property 'border' of undefined
17:35:10.959 [WRN] qrc:/qt/qml/stroemling/qml/ep/EpQuerverweisSection.qml:62: TypeError: Cannot read property 'panelMid' of undefined
17:35:10.959 [WRN] qrc:/qt/qml/stroemling/qml/ep/EpQuerverweisSection.qml:62: TypeError: Cannot read property 'panelMid' of undefined
17:35:10.959 [WRN] qrc:/qt/qml/stroemling/qml/ep/EpQuerverweisSection.qml:157: TypeError: Cannot read property 'textSecondary' of undefined
17:35:10.959 [WRN] qrc:/qt/qml/stroemling/qml/components/MiniButton.qml:18: TypeError: Cannot read property 'inputBg' of undefined
17:35:10.959 [WRN] qrc:/qt/qml/stroemling/qml/components/MiniButton.qml:26: TypeError: Cannot read property 'textMuted' of undefined
17:35:10.959 [WRN] qrc:/qt/qml/stroemling/qml/components/MiniButton.qml:19: TypeError: Cannot read property 'border' of undefined
17:35:10.959 [WRN] qrc:/qt/qml/stroemling/qml/ep/EpQuerverweisSection.qml:62: TypeError: Cannot read property 'panelMid' of undefined
17:35:10.959 [WRN] qrc:/qt/qml/stroemling/qml/ep/EpPotenzialSection.qml:28: TypeError: Cannot read property 'border' of undefined
17:35:10.959 [WRN] qrc:/qt/qml/stroemling/qml/ep/EpPotenzialSection.qml:38: TypeError: Cannot read property 'borderLight' of undefined
17:35:10.959 [WRN] qrc:/qt/qml/stroemling/qml/ep/EpPotenzialSection.qml:47: TypeError: Cannot read property 'panelMid' of undefined
17:35:10.959 [WRN] qrc:/qt/qml/stroemling/qml/ep/EpTreffpunktSection.qml:26: TypeError: Cannot read property 'border' of undefined
17:35:10.959 [WRN] qrc:/qt/qml/stroemling/qml/ep/EpTreffpunktSection.qml:36: TypeError: Cannot read property 'borderLight' of undefined
17:35:10.960 [WRN] qrc:/qt/qml/stroemling/qml/ep/EpTreffpunktSection.qml:45: TypeError: Cannot read property 'panelMid' of undefined
17:35:10.960 [WRN] qrc:/qt/qml/stroemling/qml/ep/EpTreffpunktSection.qml:64: TypeError: Cannot read property 'surface' of undefined
17:35:10.960 [WRN] qrc:/qt/qml/stroemling/qml/ep/EpTreffpunktSection.qml:69: TypeError: Cannot read property 'accent' of undefined
17:35:10.960 [WRN] qrc:/qt/qml/stroemling/qml/ep/EpTreffpunktSection.qml:64: TypeError: Cannot read property 'border' of undefined
17:35:10.960 [WRN] qrc:/qt/qml/stroemling/qml/ep/EpGeraeteanschlussSection.qml:31: TypeError: Cannot read property 'border' of undefined
17:35:10.960 [WRN] qrc:/qt/qml/stroemling/qml/ep/EpGeraeteanschlussSection.qml:41: TypeError: Cannot read property 'borderLight' of undefined
17:35:10.960 [WRN] qrc:/qt/qml/stroemling/qml/ep/EpGeraeteanschlussSection.qml:50: TypeError: Cannot read property 'panelMid' of undefined
17:35:10.960 [WRN] qrc:/qt/qml/stroemling/qml/components/MiniButton.qml:18: TypeError: Cannot read property 'activeItemAlt' of undefined
17:35:10.960 [WRN] qrc:/qt/qml/stroemling/qml/components/MiniButton.qml:26: TypeError: Cannot read property 'accent' of undefined
17:35:10.960 [WRN] qrc:/qt/qml/stroemling/qml/components/MiniButton.qml:19: TypeError: Cannot read property 'accent' of undefined
17:35:10.960 [WRN] qrc:/qt/qml/stroemling/qml/components/MiniButton.qml:18: TypeError: Cannot read property 'inputBg' of undefined
17:35:10.960 [WRN] qrc:/qt/qml/stroemling/qml/components/MiniButton.qml:26: TypeError: Cannot read property 'textMuted' of undefined
17:35:10.960 [WRN] qrc:/qt/qml/stroemling/qml/components/MiniButton.qml:19: TypeError: Cannot read property 'border' of undefined
17:35:10.960 [WRN] qrc:/qt/qml/stroemling/qml/components/InputField.qml:37: TypeError: Cannot read property 'panelMid' of undefined
17:35:10.960 [WRN] qrc:/qt/qml/stroemling/qml/components/InputField.qml:49: TypeError: Cannot read property 'inputBg' of undefined
17:35:10.960 [WRN] qrc:/qt/qml/stroemling/qml/components/InputField.qml:56: TypeError: Cannot read property 'textSecondary' of undefined
17:35:10.960 [WRN] qrc:/qt/qml/stroemling/qml/components/InputField.qml:50: TypeError: Cannot read property 'border' of undefined
17:35:10.960 [WRN] qrc:/qt/qml/stroemling/qml/ep/EpGeraeteanschlussSection.qml:50: TypeError: Cannot read property 'panelMid' of undefined
17:35:10.960 [WRN] qrc:/qt/qml/stroemling/qml/ep/EpGeraetekastenSection.qml:24: TypeError: Cannot read property 'border' of undefined
17:35:10.960 [WRN] qrc:/qt/qml/stroemling/qml/ep/EpGeraetekastenSection.qml:34: TypeError: Cannot read property 'borderLight' of undefined
17:35:10.960 [WRN] qrc:/qt/qml/stroemling/qml/components/InputField.qml:37: TypeError: Cannot read property 'panelMid' of undefined
17:35:10.960 [WRN] qrc:/qt/qml/stroemling/qml/components/InputField.qml:49: TypeError: Cannot read property 'inputBg' of undefined
17:35:10.960 [WRN] qrc:/qt/qml/stroemling/qml/components/InputField.qml:56: TypeError: Cannot read property 'textSecondary' of undefined
17:35:10.960 [WRN] qrc:/qt/qml/stroemling/qml/components/InputField.qml:50: TypeError: Cannot read property 'border' of undefined
17:35:10.960 [WRN] qrc:/qt/qml/stroemling/qml/components/InputField.qml:37: TypeError: Cannot read property 'panelMid' of undefined
17:35:10.960 [WRN] qrc:/qt/qml/stroemling/qml/components/InputField.qml:49: TypeError: Cannot read property 'inputBg' of undefined
17:35:10.960 [WRN] qrc:/qt/qml/stroemling/qml/components/InputField.qml:56: TypeError: Cannot read property 'textSecondary' of undefined
17:35:10.960 [WRN] qrc:/qt/qml/stroemling/qml/components/InputField.qml:50: TypeError: Cannot read property 'border' of undefined
17:35:10.960 [WRN] qrc:/qt/qml/stroemling/qml/ep/EpGeraetekastenSection.qml:24: TypeError: Cannot read property 'border' of undefined
17:35:10.960 [WRN] qrc:/qt/qml/stroemling/qml/ep/EpGeraetekastenSection.qml:34: TypeError: Cannot read property 'borderLight' of undefined
17:35:10.960 [WRN] qrc:/qt/qml/stroemling/qml/ep/EpGeraetekastenSection.qml:59: TypeError: Cannot read property 'inputBg' of undefined
17:35:10.960 [WRN] qrc:/qt/qml/stroemling/qml/ep/EpGeraetekastenSection.qml:62: TypeError: Cannot read property 'accent' of undefined
17:35:10.960 [WRN] qrc:/qt/qml/stroemling/qml/ep/EpGeraetekastenSection.qml:60: TypeError: Cannot read property 'border' of undefined
17:35:10.960 [WRN] qrc:/qt/qml/stroemling/qml/ep/EpGeraetekastenSection.qml:69: TypeError: Cannot read property 'inputBg' of undefined
17:35:10.960 [WRN] qrc:/qt/qml/stroemling/qml/ep/EpGeraetekastenSection.qml:70: TypeError: Cannot read property 'textSecondary' of undefined
17:35:10.960 [WRN] qrc:/qt/qml/stroemling/qml/ep/EpGeraetekastenSection.qml:69: TypeError: Cannot read property 'border' of undefined
17:35:10.960 [WRN] qrc:/qt/qml/stroemling/qml/ep/EpGeraetekastenSection.qml:75: TypeError: Cannot read property 'inputBg' of undefined
17:35:10.960 [WRN] qrc:/qt/qml/stroemling/qml/ep/EpGeraetekastenSection.qml:78: TypeError: Cannot read property 'accent' of undefined
17:35:10.960 [WRN] qrc:/qt/qml/stroemling/qml/ep/EpGeraetekastenSection.qml:76: TypeError: Cannot read property 'border' of undefined
17:35:10.960 [WRN] qrc:/qt/qml/stroemling/qml/ep/EpStrukturkastenSection.qml:24: TypeError: Cannot read property 'border' of undefined
17:35:10.960 [WRN] qrc:/qt/qml/stroemling/qml/ep/EpStrukturkastenSection.qml:34: TypeError: Cannot read property 'borderLight' of undefined
17:35:10.960 [WRN] qrc:/qt/qml/stroemling/qml/components/InputField.qml:37: TypeError: Cannot read property 'panelMid' of undefined
17:35:10.960 [WRN] qrc:/qt/qml/stroemling/qml/components/InputField.qml:49: TypeError: Cannot read property 'inputBg' of undefined
17:35:10.960 [WRN] qrc:/qt/qml/stroemling/qml/components/InputField.qml:56: TypeError: Cannot read property 'textSecondary' of undefined
17:35:10.960 [WRN] qrc:/qt/qml/stroemling/qml/components/InputField.qml:50: TypeError: Cannot read property 'border' of undefined
17:35:10.960 [WRN] qrc:/qt/qml/stroemling/qml/components/InputField.qml:37: TypeError: Cannot read property 'panelMid' of undefined
17:35:10.960 [WRN] qrc:/qt/qml/stroemling/qml/components/InputField.qml:49: TypeError: Cannot read property 'inputBg' of undefined
17:35:10.960 [WRN] qrc:/qt/qml/stroemling/qml/components/InputField.qml:56: TypeError: Cannot read property 'textSecondary' of undefined
17:35:10.960 [WRN] qrc:/qt/qml/stroemling/qml/components/InputField.qml:50: TypeError: Cannot read property 'border' of undefined
17:35:10.960 [WRN] qrc:/qt/qml/stroemling/qml/components/InputField.qml:37: TypeError: Cannot read property 'panelMid' of undefined
17:35:10.960 [WRN] qrc:/qt/qml/stroemling/qml/components/InputField.qml:49: TypeError: Cannot read property 'inputBg' of undefined
17:35:10.960 [WRN] qrc:/qt/qml/stroemling/qml/components/InputField.qml:56: TypeError: Cannot read property 'textSecondary' of undefined
17:35:10.960 [WRN] qrc:/qt/qml/stroemling/qml/components/InputField.qml:50: TypeError: Cannot read property 'border' of undefined
17:35:10.960 [WRN] qrc:/qt/qml/stroemling/qml/components/InputField.qml:37: TypeError: Cannot read property 'panelMid' of undefined
17:35:10.960 [WRN] qrc:/qt/qml/stroemling/qml/components/InputField.qml:49: TypeError: Cannot read property 'inputBg' of undefined
17:35:10.960 [WRN] qrc:/qt/qml/stroemling/qml/components/InputField.qml:56: TypeError: Cannot read property 'textSecondary' of undefined
17:35:10.960 [WRN] qrc:/qt/qml/stroemling/qml/components/InputField.qml:50: TypeError: Cannot read property 'border' of undefined
17:35:10.960 [WRN] qrc:/qt/qml/stroemling/qml/components/InputField.qml:37: TypeError: Cannot read property 'panelMid' of undefined
17:35:10.960 [WRN] qrc:/qt/qml/stroemling/qml/components/InputField.qml:49: TypeError: Cannot read property 'inputBg' of undefined
17:35:10.960 [WRN] qrc:/qt/qml/stroemling/qml/components/InputField.qml:56: TypeError: Cannot read property 'textSecondary' of undefined
17:35:10.960 [WRN] qrc:/qt/qml/stroemling/qml/components/InputField.qml:50: TypeError: Cannot read property 'border' of undefined
17:35:10.960 [WRN] qrc:/qt/qml/stroemling/qml/ep/EpStrukturkastenSection.qml:24: TypeError: Cannot read property 'border' of undefined
17:35:10.960 [WRN] qrc:/qt/qml/stroemling/qml/ep/EpStrukturkastenSection.qml:34: TypeError: Cannot read property 'borderLight' of undefined
17:35:10.960 [WRN] qrc:/qt/qml/stroemling/qml/ep/EpStrukturkastenSection.qml:59: TypeError: Cannot read property 'inputBg' of undefined
17:35:10.960 [WRN] qrc:/qt/qml/stroemling/qml/ep/EpStrukturkastenSection.qml:62: TypeError: Cannot read property 'accent' of undefined
17:35:10.960 [WRN] qrc:/qt/qml/stroemling/qml/ep/EpStrukturkastenSection.qml:60: TypeError: Cannot read property 'border' of undefined
17:35:10.960 [WRN] qrc:/qt/qml/stroemling/qml/ep/EpStrukturkastenSection.qml:69: TypeError: Cannot read property 'inputBg' of undefined
17:35:10.960 [WRN] qrc:/qt/qml/stroemling/qml/ep/EpStrukturkastenSection.qml:70: TypeError: Cannot read property 'textSecondary' of undefined
17:35:10.960 [WRN] qrc:/qt/qml/stroemling/qml/ep/EpStrukturkastenSection.qml:69: TypeError: Cannot read property 'border' of undefined
17:35:10.960 [WRN] qrc:/qt/qml/stroemling/qml/ep/EpStrukturkastenSection.qml:75: TypeError: Cannot read property 'inputBg' of undefined
17:35:10.960 [WRN] qrc:/qt/qml/stroemling/qml/ep/EpStrukturkastenSection.qml:78: TypeError: Cannot read property 'accent' of undefined
17:35:10.960 [WRN] qrc:/qt/qml/stroemling/qml/ep/EpStrukturkastenSection.qml:76: TypeError: Cannot read property 'border' of undefined
17:35:10.960 [WRN] qrc:/qt/qml/stroemling/qml/ep/EpMakrokastenSection.qml:26: TypeError: Cannot read property 'border' of undefined
17:35:10.960 [WRN] qrc:/qt/qml/stroemling/qml/ep/EpMakrokastenSection.qml:36: TypeError: Cannot read property 'borderLight' of undefined
17:35:10.960 [WRN] qrc:/qt/qml/stroemling/qml/components/InputField.qml:37: TypeError: Cannot read property 'panelMid' of undefined
17:35:10.960 [WRN] qrc:/qt/qml/stroemling/qml/components/InputField.qml:49: TypeError: Cannot read property 'inputBg' of undefined
17:35:10.960 [WRN] qrc:/qt/qml/stroemling/qml/components/InputField.qml:56: TypeError: Cannot read property 'textSecondary' of undefined
17:35:10.960 [WRN] qrc:/qt/qml/stroemling/qml/components/InputField.qml:50: TypeError: Cannot read property 'border' of undefined
17:35:10.960 [WRN] qrc:/qt/qml/stroemling/qml/components/InputField.qml:37: TypeError: Cannot read property 'panelMid' of undefined
17:35:10.960 [WRN] qrc:/qt/qml/stroemling/qml/components/InputField.qml:49: TypeError: Cannot read property 'inputBg' of undefined
17:35:10.960 [WRN] qrc:/qt/qml/stroemling/qml/components/InputField.qml:56: TypeError: Cannot read property 'textSecondary' of undefined
17:35:10.960 [WRN] qrc:/qt/qml/stroemling/qml/components/InputField.qml:50: TypeError: Cannot read property 'border' of undefined
17:35:10.960 [WRN] qrc:/qt/qml/stroemling/qml/components/InputField.qml:37: TypeError: Cannot read property 'panelMid' of undefined
17:35:10.960 [WRN] qrc:/qt/qml/stroemling/qml/components/InputField.qml:49: TypeError: Cannot read property 'inputBg' of undefined
17:35:10.960 [WRN] qrc:/qt/qml/stroemling/qml/components/InputField.qml:56: TypeError: Cannot read property 'textSecondary' of undefined
17:35:10.960 [WRN] qrc:/qt/qml/stroemling/qml/components/InputField.qml:50: TypeError: Cannot read property 'border' of undefined
17:35:10.960 [WRN] qrc:/qt/qml/stroemling/qml/ep/EpMakrokastenSection.qml:107: TypeError: Cannot read property 'textMuted' of undefined
17:35:10.960 [WRN] qrc:/qt/qml/stroemling/qml/ep/EpKabelDefinitionSection.qml:50: TypeError: Cannot read property 'border' of undefined
17:35:10.960 [WRN] qrc:/qt/qml/stroemling/qml/ep/EpKabelDefinitionSection.qml:60: TypeError: Cannot read property 'borderLight' of undefined
17:35:10.960 [WRN] qrc:/qt/qml/stroemling/qml/components/InputField.qml:37: TypeError: Cannot read property 'panelMid' of undefined
17:35:10.960 [WRN] qrc:/qt/qml/stroemling/qml/components/InputField.qml:49: TypeError: Cannot read property 'inputBg' of undefined
17:35:10.960 [WRN] qrc:/qt/qml/stroemling/qml/components/InputField.qml:56: TypeError: Cannot read property 'textSecondary' of undefined
17:35:10.960 [WRN] qrc:/qt/qml/stroemling/qml/components/InputField.qml:50: TypeError: Cannot read property 'border' of undefined
17:35:10.960 [WRN] qrc:/qt/qml/stroemling/qml/components/InputField.qml:37: TypeError: Cannot read property 'panelMid' of undefined
17:35:10.960 [WRN] qrc:/qt/qml/stroemling/qml/components/InputField.qml:49: TypeError: Cannot read property 'inputBg' of undefined
17:35:10.960 [WRN] qrc:/qt/qml/stroemling/qml/components/InputField.qml:56: TypeError: Cannot read property 'textSecondary' of undefined
17:35:10.960 [WRN] qrc:/qt/qml/stroemling/qml/components/InputField.qml:50: TypeError: Cannot read property 'border' of undefined
17:35:10.960 [WRN] qrc:/qt/qml/stroemling/qml/ep/EpKabelDefinitionSection.qml:69: TypeError: Cannot read property 'panelMid' of undefined
17:35:10.960 [WRN] qrc:/qt/qml/stroemling/qml/ep/EpKabelDefinitionSection.qml:137: TypeError: Cannot read property 'inputBg' of undefined
17:35:10.960 [WRN] qrc:/qt/qml/stroemling/qml/ep/EpKabelDefinitionSection.qml:142: TypeError: Cannot read property 'textSecondary' of undefined
17:35:10.960 [WRN] qrc:/qt/qml/stroemling/qml/ep/EpKabelDefinitionSection.qml:138: TypeError: Cannot read property 'border' of undefined
17:35:10.960 [WRN] qrc:/qt/qml/stroemling/qml/ep/EpKabelDefinitionSection.qml:69: TypeError: Cannot read property 'panelMid' of undefined
17:35:10.960 [WRN] qrc:/qt/qml/stroemling/qml/ep/EpKabelDefinitionSection.qml:163: TypeError: Cannot read property 'inputBg' of undefined
17:35:10.960 [WRN] qrc:/qt/qml/stroemling/qml/ep/EpKabelDefinitionSection.qml:168: TypeError: Cannot read property 'textSecondary' of undefined
17:35:10.961 [WRN] qrc:/qt/qml/stroemling/qml/ep/EpKabelDefinitionSection.qml:164: TypeError: Cannot read property 'border' of undefined
17:35:10.961 [WRN] qrc:/qt/qml/stroemling/qml/ep/EpKabelDefinitionSection.qml:69: TypeError: Cannot read property 'panelMid' of undefined
17:35:10.961 [WRN] qrc:/qt/qml/stroemling/qml/ep/EpKabelDefinitionSection.qml:212: TypeError: Cannot read property 'textMuted' of undefined
17:35:10.961 [WRN] qrc:/qt/qml/stroemling/qml/ep/EpKabelDefinitionSection.qml:69: TypeError: Cannot read property 'panelMid' of undefined
17:35:10.961 [WRN] qrc:/qt/qml/stroemling/qml/ep/EpKabelDefinitionSection.qml:255: TypeError: Cannot read property 'inputBg' of undefined
17:35:10.961 [WRN] qrc:/qt/qml/stroemling/qml/ep/EpKabelDefinitionSection.qml:260: TypeError: Cannot read property 'textSecondary' of undefined
17:35:10.961 [WRN] qrc:/qt/qml/stroemling/qml/ep/EpKabelDefinitionSection.qml:256: TypeError: Cannot read property 'border' of undefined
17:35:10.961 [WRN] qrc:/qt/qml/stroemling/qml/ep/EpKabelDefinitionSection.qml:69: TypeError: Cannot read property 'panelMid' of undefined
17:35:10.961 [WRN] qrc:/qt/qml/stroemling/qml/ep/EpKabelDefinitionSection.qml:285: TypeError: Cannot read property 'inputBg' of undefined
17:35:10.961 [WRN] qrc:/qt/qml/stroemling/qml/ep/EpKabelDefinitionSection.qml:290: TypeError: Cannot read property 'textSecondary' of undefined
17:35:10.961 [WRN] qrc:/qt/qml/stroemling/qml/ep/EpKabelDefinitionSection.qml:286: TypeError: Cannot read property 'border' of undefined
17:35:10.961 [WRN] qrc:/qt/qml/stroemling/qml/ep/EpKabelDefinitionSection.qml:345: TypeError: Cannot read property 'borderLight' of undefined
17:35:10.961 [WRN] qrc:/qt/qml/stroemling/qml/ep/EpKabelDefinitionSection.qml:350: TypeError: Cannot read property 'borderLight' of undefined
17:35:10.961 [WRN] qrc:/qt/qml/stroemling/qml/ep/EpKabelDefinitionSection.qml:427: TypeError: Cannot read property 'textMuted' of undefined
17:35:10.961 [WRN] qrc:/qt/qml/stroemling/qml/ep/EpKabelDefinitionSection.qml:468: TypeError: Cannot read property 'borderLight' of undefined
17:35:10.961 [WRN] qrc:/qt/qml/stroemling/qml/ep/EpKabelDefinitionSection.qml:473: TypeError: Cannot read property 'borderLight' of undefined
17:35:10.961 [WRN] qrc:/qt/qml/stroemling/qml/ep/EpKabelDefinitionSection.qml:497: TypeError: Cannot read property 'textMuted' of undefined
17:35:10.961 [WRN] qrc:/qt/qml/stroemling/qml/ep/EpKabelDefinitionSection.qml:548: TypeError: Cannot read property 'textMuted' of undefined
17:35:10.961 [WRN] qrc:/qt/qml/stroemling/qml/sps/SpsAnsicht.qml:990: ReferenceError: _gefiltert is not defined
17:35:10.961 [WRN] qrc:/qt/qml/stroemling/qml/ShortcutUebersicht.qml:54:21: Unable to assign [undefined] to int
17:35:10.961 [WRN] qrc:/qt/qml/stroemling/qml/ShortcutUebersicht.qml:196:17: Unable to assign [undefined] to QString
17:35:10.961 [WRN] qrc:/qt/qml/stroemling/qml/ShortcutUebersicht.qml:196:17: Unable to assign [undefined] to QString
17:35:10.961 [WRN] qrc:/qt/qml/stroemling/qml/ShortcutUebersicht.qml:196:17: Unable to assign [undefined] to QString
17:35:10.961 [WRN] qrc:/qt/qml/stroemling/qml/ShortcutUebersicht.qml:196:17: Unable to assign [undefined] to QString
17:35:10.961 [WRN] qrc:/qt/qml/stroemling/qml/ShortcutUebersicht.qml:196:17: Unable to assign [undefined] to QString
17:35:10.961 [WRN] qrc:/qt/qml/stroemling/qml/ShortcutUebersicht.qml:196:17: Unable to assign [undefined] to QString
17:35:10.961 [WRN] qrc:/qt/qml/stroemling/qml/ShortcutUebersicht.qml:196:17: Unable to assign [undefined] to QString
17:35:10.961 [WRN] qrc:/qt/qml/stroemling/qml/ShortcutUebersicht.qml:196:17: Unable to assign [undefined] to QString
17:35:10.961 [WRN] qrc:/qt/qml/stroemling/qml/ShortcutUebersicht.qml:196:17: Unable to assign [undefined] to QString
17:35:10.961 [WRN] qrc:/qt/qml/stroemling/qml/ShortcutUebersicht.qml:196:17: Unable to assign [undefined] to QString
17:35:10.961 [WRN] qrc:/qt/qml/stroemling/qml/ShortcutUebersicht.qml:196:17: Unable to assign [undefined] to QString
17:35:10.961 [WRN] qrc:/qt/qml/stroemling/qml/ShortcutUebersicht.qml:196:17: Unable to assign [undefined] to QString
17:35:10.961 [WRN] qrc:/qt/qml/stroemling/qml/ShortcutUebersicht.qml:196:17: Unable to assign [undefined] to QString
17:35:10.961 [WRN] qrc:/qt/qml/stroemling/qml/ShortcutUebersicht.qml:196:17: Unable to assign [undefined] to QString
17:35:10.961 [WRN] qrc:/qt/qml/stroemling/qml/ShortcutUebersicht.qml:196:17: Unable to assign [undefined] to QString
17:35:10.961 [WRN] qrc:/qt/qml/stroemling/qml/ShortcutUebersicht.qml:196:17: Unable to assign [undefined] to QString
17:35:10.961 [WRN] qrc:/qt/qml/stroemling/qml/ShortcutUebersicht.qml:196:17: Unable to assign [undefined] to QString
17:35:10.961 [WRN] qrc:/qt/qml/stroemling/qml/ShortcutUebersicht.qml:196:17: Unable to assign [undefined] to QString
17:35:10.961 [WRN] qrc:/qt/qml/stroemling/qml/ShortcutUebersicht.qml:196:17: Unable to assign [undefined] to QString
17:35:10.961 [WRN] qrc:/qt/qml/stroemling/qml/ShortcutUebersicht.qml:196:17: Unable to assign [undefined] to QString
17:35:10.961 [WRN] qrc:/qt/qml/stroemling/qml/ShortcutUebersicht.qml:196:17: Unable to assign [undefined] to QString
17:35:10.961 [WRN] qrc:/qt/qml/stroemling/qml/ShortcutUebersicht.qml:196:17: Unable to assign [undefined] to QString
17:35:10.961 [WRN] qrc:/qt/qml/stroemling/qml/ShortcutUebersicht.qml:196:17: Unable to assign [undefined] to QString
17:35:10.961 [WRN] qrc:/qt/qml/stroemling/qml/ShortcutUebersicht.qml:196:17: Unable to assign [undefined] to QString
17:35:10.961 [WRN] qrc:/qt/qml/stroemling/qml/ShortcutUebersicht.qml:196:17: Unable to assign [undefined] to QString
17:35:10.961 [WRN] qrc:/qt/qml/stroemling/qml/ShortcutUebersicht.qml:196:17: Unable to assign [undefined] to QString
17:35:10.961 [WRN] qrc:/qt/qml/stroemling/qml/ShortcutUebersicht.qml:196:17: Unable to assign [undefined] to QString
17:35:10.961 [WRN] qrc:/qt/qml/stroemling/qml/ShortcutUebersicht.qml:196:17: Unable to assign [undefined] to QString
17:35:10.961 [WRN] qrc:/qt/qml/stroemling/qml/ShortcutUebersicht.qml:196:17: Unable to assign [undefined] to QString
17:35:10.961 [WRN] qrc:/qt/qml/stroemling/qml/ShortcutUebersicht.qml:196:17: Unable to assign [undefined] to QString
17:35:10.961 [WRN] qrc:/qt/qml/stroemling/qml/ShortcutUebersicht.qml:196:17: Unable to assign [undefined] to QString
17:35:10.961 [WRN] qrc:/qt/qml/stroemling/qml/ShortcutUebersicht.qml:196:17: Unable to assign [undefined] to QString
17:35:10.961 [WRN] qrc:/qt/qml/stroemling/qml/Main.qml:1377:9: Unable to assign [undefined] to Qt::ShortcutContext
17:35:10.961 [WRN] qrc:/qt/qml/stroemling/qml/Main.qml:1393:9: Unable to assign [undefined] to Qt::ShortcutContext
17:35:10.961 [WRN] qrc:/qt/qml/stroemling/qml/Main.qml:1409:32: Unable to assign [undefined] to Qt::ShortcutContext
17:35:10.961 [WRN] qrc:/qt/qml/stroemling/qml/ibn/IbnKabelSplit.qml:17: TypeError: Cannot read property 'border' of undefined
17:35:10.961 [WRN] qrc:/qt/qml/stroemling/qml/ibn/IbnBmSplit.qml:20: TypeError: Cannot read property 'border' of undefined
17:35:16.007 [WRN] spsKanalListe: "Parameter count mismatch"
17:35:16.010 [WRN] qrc:/qt/qml/stroemling/qml/ibn/IbnBmSplit.qml:65: TypeError: Cannot read property 'textPrimary' of undefined
17:35:16.010 [WRN] qrc:/qt/qml/stroemling/qml/ibn/IbnBmSplit.qml:72: TypeError: Cannot read property 'textMuted' of undefined
17:35:16.011 [WRN] qrc:/qt/qml/stroemling/qml/ibn/IbnKabelSplit.qml:145: TypeError: Cannot read property 'vonOrt' of undefined
17:35:16.011 [WRN] qrc:/qt/qml/stroemling/qml/ibn/IbnKabelSplit.qml:133: TypeError: Cannot read property 'kabeltyp' of undefined
17:35:16.011 [WRN] qrc:/qt/qml/stroemling/qml/ibn/IbnKabelSplit.qml:121: TypeError: Cannot read property 'bezeichnung' of undefined
17:35:16.012 [WRN] qrc:/qt/qml/stroemling/qml/ibn/IbnKabelSplit.qml:62: TypeError: Cannot read property 'textPrimary' of undefined
17:35:16.012 [WRN] qrc:/qt/qml/stroemling/qml/ibn/IbnKabelSplit.qml:75: TypeError: Cannot read property 'textMuted' of undefined
17:35:16.032 [WRN] qrc:/qt/qml/stroemling/qml/la/LaTabKabelliste.qml:104: TypeError: Cannot read property 'textSubtle' of undefined
17:35:16.032 [WRN] qrc:/qt/qml/stroemling/qml/la/LaTabKabelliste.qml:104: TypeError: Cannot read property 'textSubtle' of undefined
17:35:16.032 [WRN] qrc:/qt/qml/stroemling/qml/la/LaTabKabelliste.qml:104: TypeError: Cannot read property 'textSubtle' of undefined
17:35:16.032 [WRN] qrc:/qt/qml/stroemling/qml/la/LaTabKabelliste.qml:104: TypeError: Cannot read property 'textSubtle' of undefined
17:35:16.032 [WRN] qrc:/qt/qml/stroemling/qml/la/LaTabKabelliste.qml:104: TypeError: Cannot read property 'textSubtle' of undefined
17:35:16.032 [WRN] qrc:/qt/qml/stroemling/qml/la/LaTabKabelliste.qml:104: TypeError: Cannot read property 'textSubtle' of undefined
17:35:16.033 [WRN] qrc:/qt/qml/stroemling/qml/la/LaTabKabelliste.qml:104: TypeError: Cannot read property 'textSubtle' of undefined
17:35:16.033 [WRN] qrc:/qt/qml/stroemling/qml/la/LaTabKabelliste.qml:62: TypeError: Cannot read property 'tableEven' of undefined
17:35:16.033 [WRN] qrc:/qt/qml/stroemling/qml/la/LaTabKabelliste.qml:70: TypeError: Cannot read property 'textMuted' of undefined
17:35:16.033 [WRN] qrc:/qt/qml/stroemling/qml/la/LaTabKabelliste.qml:74: TypeError: Cannot read property 'accent' of undefined
17:35:16.033 [WRN] qrc:/qt/qml/stroemling/qml/la/LaTabKabelliste.qml:75: TypeError: Cannot read property 'textSecondary' of undefined
17:35:16.033 [WRN] qrc:/qt/qml/stroemling/qml/la/LaTabKabelliste.qml:76: TypeError: Cannot read property 'textSecondary' of undefined
17:35:16.033 [WRN] qrc:/qt/qml/stroemling/qml/la/LaTabKabelliste.qml:77: TypeError: Cannot read property 'textSecondary' of undefined
17:35:16.033 [WRN] qrc:/qt/qml/stroemling/qml/la/LaTabKabelliste.qml:78: TypeError: Cannot read property 'textSecondary' of undefined
17:35:16.033 [WRN] qrc:/qt/qml/stroemling/qml/la/LaTabKabelliste.qml:79: TypeError: Cannot read property 'borderLight' of undefined
17:35:16.033 [WRN] qrc:/qt/qml/stroemling/qml/la/LaTabKabelliste.qml:80: TypeError: Cannot read property 'borderLight' of undefined
17:35:16.033 [WRN] qrc:/qt/qml/stroemling/qml/la/LaTabKabelliste.qml:81: TypeError: Cannot read property 'textMuted' of undefined
17:35:16.033 [WRN] qrc:/qt/qml/stroemling/qml/la/LaTabKabelliste.qml:98: TypeError: Cannot read property 'tableHeader' of undefined
17:35:16.033 [WRN] qrc:/qt/qml/stroemling/qml/la/LaTabKabelliste.qml:156: TypeError: Cannot read property 'textMuted' of undefined
17:35:16.033 [WRN] qrc:/qt/qml/stroemling/qml/la/LaTabKabelliste.qml:161: TypeError: Cannot read property 'border' of undefined
17:35:16.039 [WRN] spsKanalListe: "Parameter count mismatch"
17:35:16.040 [WRN] spsKanalListe: "Parameter count mismatch"
17:35:16.090 [WRN] qrc:/qt/qml/stroemling/qml/la/LaTabStueckliste.qml:50: TypeError: Cannot read property 'tableEven' of undefined
17:35:16.091 [WRN] qrc:/qt/qml/stroemling/qml/la/LaTabStueckliste.qml:54: TypeError: Cannot read property 'accent' of undefined
17:35:16.091 [WRN] qrc:/qt/qml/stroemling/qml/la/LaTabStueckliste.qml:55: TypeError: Cannot read property 'textSecondary' of undefined
17:35:16.091 [WRN] qrc:/qt/qml/stroemling/qml/la/LaTabStueckliste.qml:56: TypeError: Cannot read property 'textSecondary' of undefined
17:35:16.091 [WRN] qrc:/qt/qml/stroemling/qml/la/LaTabStueckliste.qml:57: TypeError: Cannot read property 'textSecondary' of undefined
17:35:16.091 [WRN] qrc:/qt/qml/stroemling/qml/la/LaTabStueckliste.qml:58: TypeError: Cannot read property 'accentLight' of undefined
17:35:16.091 [WRN] qrc:/qt/qml/stroemling/qml/la/LaTabStueckliste.qml:59: TypeError: Cannot read property 'accentLight' of undefined
17:35:16.091 [WRN] qrc:/qt/qml/stroemling/qml/la/LaTabStueckliste.qml:60: TypeError: Cannot read property 'accentLight' of undefined
17:35:16.091 [WRN] qrc:/qt/qml/stroemling/qml/la/LaTabStueckliste.qml:61: TypeError: Cannot read property 'borderLight' of undefined
17:35:16.091 [WRN] qrc:/qt/qml/stroemling/qml/la/LaTabStueckliste.qml:62: TypeError: Cannot read property 'borderLight' of undefined
17:35:16.091 [WRN] qrc:/qt/qml/stroemling/qml/la/LaTabStueckliste.qml:50: TypeError: Cannot read property 'tableOdd' of undefined
17:35:16.091 [WRN] qrc:/qt/qml/stroemling/qml/la/LaTabStueckliste.qml:54: TypeError: Cannot read property 'accent' of undefined
17:35:16.091 [WRN] qrc:/qt/qml/stroemling/qml/la/LaTabStueckliste.qml:55: TypeError: Cannot read property 'textSecondary' of undefined
17:35:16.091 [WRN] qrc:/qt/qml/stroemling/qml/la/LaTabStueckliste.qml:56: TypeError: Cannot read property 'textSecondary' of undefined
17:35:16.091 [WRN] qrc:/qt/qml/stroemling/qml/la/LaTabStueckliste.qml:57: TypeError: Cannot read property 'textSecondary' of undefined
17:35:16.091 [WRN] qrc:/qt/qml/stroemling/qml/la/LaTabStueckliste.qml:58: TypeError: Cannot read property 'accentLight' of undefined
17:35:16.091 [WRN] qrc:/qt/qml/stroemling/qml/la/LaTabStueckliste.qml:59: TypeError: Cannot read property 'accentLight' of undefined
17:35:16.091 [WRN] qrc:/qt/qml/stroemling/qml/la/LaTabStueckliste.qml:60: TypeError: Cannot read property 'accentLight' of undefined
17:35:16.091 [WRN] qrc:/qt/qml/stroemling/qml/la/LaTabStueckliste.qml:61: TypeError: Cannot read property 'borderLight' of undefined
17:35:16.091 [WRN] qrc:/qt/qml/stroemling/qml/la/LaTabStueckliste.qml:62: TypeError: Cannot read property 'borderLight' of undefined
17:35:16.091 [WRN] qrc:/qt/qml/stroemling/qml/la/LaTabStueckliste.qml:50: TypeError: Cannot read property 'tableEven' of undefined
17:35:16.091 [WRN] qrc:/qt/qml/stroemling/qml/la/LaTabStueckliste.qml:54: TypeError: Cannot read property 'accent' of undefined
17:35:16.091 [WRN] qrc:/qt/qml/stroemling/qml/la/LaTabStueckliste.qml:55: TypeError: Cannot read property 'textSecondary' of undefined
17:35:16.091 [WRN] qrc:/qt/qml/stroemling/qml/la/LaTabStueckliste.qml:56: TypeError: Cannot read property 'textSecondary' of undefined
17:35:16.091 [WRN] qrc:/qt/qml/stroemling/qml/la/LaTabStueckliste.qml:57: TypeError: Cannot read property 'textSecondary' of undefined
17:35:16.091 [WRN] qrc:/qt/qml/stroemling/qml/la/LaTabStueckliste.qml:58: TypeError: Cannot read property 'accentLight' of undefined
17:35:16.091 [WRN] qrc:/qt/qml/stroemling/qml/la/LaTabStueckliste.qml:59: TypeError: Cannot read property 'accentLight' of undefined
17:35:16.091 [WRN] qrc:/qt/qml/stroemling/qml/la/LaTabStueckliste.qml:60: TypeError: Cannot read property 'accentLight' of undefined
17:35:16.091 [WRN] qrc:/qt/qml/stroemling/qml/la/LaTabStueckliste.qml:61: TypeError: Cannot read property 'borderLight' of undefined
17:35:16.091 [WRN] qrc:/qt/qml/stroemling/qml/la/LaTabStueckliste.qml:62: TypeError: Cannot read property 'borderLight' of undefined
17:35:16.092 [WRN] qrc:/qt/qml/stroemling/qml/la/LaTabStueckliste.qml:50: TypeError: Cannot read property 'tableOdd' of undefined
17:35:16.092 [WRN] qrc:/qt/qml/stroemling/qml/la/LaTabStueckliste.qml:54: TypeError: Cannot read property 'accent' of undefined
17:35:16.092 [WRN] qrc:/qt/qml/stroemling/qml/la/LaTabStueckliste.qml:55: TypeError: Cannot read property 'textSecondary' of undefined
17:35:16.092 [WRN] qrc:/qt/qml/stroemling/qml/la/LaTabStueckliste.qml:56: TypeError: Cannot read property 'textSecondary' of undefined
17:35:16.092 [WRN] qrc:/qt/qml/stroemling/qml/la/LaTabStueckliste.qml:57: TypeError: Cannot read property 'textSecondary' of undefined
17:35:16.092 [WRN] qrc:/qt/qml/stroemling/qml/la/LaTabStueckliste.qml:58: TypeError: Cannot read property 'accentLight' of undefined
17:35:16.092 [WRN] qrc:/qt/qml/stroemling/qml/la/LaTabStueckliste.qml:59: TypeError: Cannot read property 'accentLight' of undefined
17:35:16.092 [WRN] qrc:/qt/qml/stroemling/qml/la/LaTabStueckliste.qml:60: TypeError: Cannot read property 'accentLight' of undefined
17:35:16.092 [WRN] qrc:/qt/qml/stroemling/qml/la/LaTabStueckliste.qml:61: TypeError: Cannot read property 'borderLight' of undefined
17:35:16.092 [WRN] qrc:/qt/qml/stroemling/qml/la/LaTabStueckliste.qml:62: TypeError: Cannot read property 'borderLight' of undefined
17:35:16.093 [WRN] qrc:/qt/qml/stroemling/qml/la/LaTabStueckliste.qml:50: TypeError: Cannot read property 'tableEven' of undefined
17:35:16.093 [WRN] qrc:/qt/qml/stroemling/qml/la/LaTabStueckliste.qml:54: TypeError: Cannot read property 'accent' of undefined
17:35:16.093 [WRN] qrc:/qt/qml/stroemling/qml/la/LaTabStueckliste.qml:55: TypeError: Cannot read property 'textSecondary' of undefined
17:35:16.093 [WRN] qrc:/qt/qml/stroemling/qml/la/LaTabStueckliste.qml:56: TypeError: Cannot read property 'textSecondary' of undefined
17:35:16.093 [WRN] qrc:/qt/qml/stroemling/qml/la/LaTabStueckliste.qml:57: TypeError: Cannot read property 'textSecondary' of undefined
17:35:16.093 [WRN] qrc:/qt/qml/stroemling/qml/la/LaTabStueckliste.qml:58: TypeError: Cannot read property 'accentLight' of undefined
17:35:16.093 [WRN] qrc:/qt/qml/stroemling/qml/la/LaTabStueckliste.qml:59: TypeError: Cannot read property 'accentLight' of undefined
17:35:16.093 [WRN] qrc:/qt/qml/stroemling/qml/la/LaTabStueckliste.qml:60: TypeError: Cannot read property 'accentLight' of undefined
17:35:16.093 [WRN] qrc:/qt/qml/stroemling/qml/la/LaTabStueckliste.qml:61: TypeError: Cannot read property 'borderLight' of undefined
17:35:16.093 [WRN] qrc:/qt/qml/stroemling/qml/la/LaTabStueckliste.qml:62: TypeError: Cannot read property 'borderLight' of undefined
17:35:16.093 [WRN] qrc:/qt/qml/stroemling/qml/la/LaTabStueckliste.qml:50: TypeError: Cannot read property 'tableOdd' of undefined
17:35:16.093 [WRN] qrc:/qt/qml/stroemling/qml/la/LaTabStueckliste.qml:54: TypeError: Cannot read property 'accent' of undefined
17:35:16.093 [WRN] qrc:/qt/qml/stroemling/qml/la/LaTabStueckliste.qml:55: TypeError: Cannot read property 'textSecondary' of undefined
17:35:16.093 [WRN] qrc:/qt/qml/stroemling/qml/la/LaTabStueckliste.qml:56: TypeError: Cannot read property 'textSecondary' of undefined
17:35:16.093 [WRN] qrc:/qt/qml/stroemling/qml/la/LaTabStueckliste.qml:57: TypeError: Cannot read property 'textSecondary' of undefined
17:35:16.093 [WRN] qrc:/qt/qml/stroemling/qml/la/LaTabStueckliste.qml:58: TypeError: Cannot read property 'accentLight' of undefined
17:35:16.093 [WRN] qrc:/qt/qml/stroemling/qml/la/LaTabStueckliste.qml:59: TypeError: Cannot read property 'accentLight' of undefined
17:35:16.093 [WRN] qrc:/qt/qml/stroemling/qml/la/LaTabStueckliste.qml:60: TypeError: Cannot read property 'accentLight' of undefined
17:35:16.093 [WRN] qrc:/qt/qml/stroemling/qml/la/LaTabStueckliste.qml:61: TypeError: Cannot read property 'borderLight' of undefined
17:35:16.093 [WRN] qrc:/qt/qml/stroemling/qml/la/LaTabStueckliste.qml:62: TypeError: Cannot read property 'borderLight' of undefined
17:35:16.093 [WRN] qrc:/qt/qml/stroemling/qml/la/LaTabStueckliste.qml:50: TypeError: Cannot read property 'tableEven' of undefined
17:35:16.093 [WRN] qrc:/qt/qml/stroemling/qml/la/LaTabStueckliste.qml:54: TypeError: Cannot read property 'accent' of undefined
17:35:16.093 [WRN] qrc:/qt/qml/stroemling/qml/la/LaTabStueckliste.qml:55: TypeError: Cannot read property 'textSecondary' of undefined
17:35:16.093 [WRN] qrc:/qt/qml/stroemling/qml/la/LaTabStueckliste.qml:56: TypeError: Cannot read property 'textSecondary' of undefined
17:35:16.093 [WRN] qrc:/qt/qml/stroemling/qml/la/LaTabStueckliste.qml:57: TypeError: Cannot read property 'textSecondary' of undefined
17:35:16.093 [WRN] qrc:/qt/qml/stroemling/qml/la/LaTabStueckliste.qml:58: TypeError: Cannot read property 'accentLight' of undefined
17:35:16.093 [WRN] qrc:/qt/qml/stroemling/qml/la/LaTabStueckliste.qml:59: TypeError: Cannot read property 'accentLight' of undefined
17:35:16.093 [WRN] qrc:/qt/qml/stroemling/qml/la/LaTabStueckliste.qml:60: TypeError: Cannot read property 'accentLight' of undefined
17:35:16.093 [WRN] qrc:/qt/qml/stroemling/qml/la/LaTabStueckliste.qml:61: TypeError: Cannot read property 'borderLight' of undefined
17:35:16.093 [WRN] qrc:/qt/qml/stroemling/qml/la/LaTabStueckliste.qml:62: TypeError: Cannot read property 'borderLight' of undefined
17:35:16.094 [WRN] qrc:/qt/qml/stroemling/qml/la/LaTabStueckliste.qml:50: TypeError: Cannot read property 'tableOdd' of undefined
17:35:16.094 [WRN] qrc:/qt/qml/stroemling/qml/la/LaTabStueckliste.qml:54: TypeError: Cannot read property 'accent' of undefined
17:35:16.094 [WRN] qrc:/qt/qml/stroemling/qml/la/LaTabStueckliste.qml:55: TypeError: Cannot read property 'textSecondary' of undefined
17:35:16.094 [WRN] qrc:/qt/qml/stroemling/qml/la/LaTabStueckliste.qml:56: TypeError: Cannot read property 'textSecondary' of undefined
17:35:16.094 [WRN] qrc:/qt/qml/stroemling/qml/la/LaTabStueckliste.qml:57: TypeError: Cannot read property 'textSecondary' of undefined
17:35:16.094 [WRN] qrc:/qt/qml/stroemling/qml/la/LaTabStueckliste.qml:58: TypeError: Cannot read property 'accentLight' of undefined
17:35:16.094 [WRN] qrc:/qt/qml/stroemling/qml/la/LaTabStueckliste.qml:59: TypeError: Cannot read property 'accentLight' of undefined
17:35:16.094 [WRN] qrc:/qt/qml/stroemling/qml/la/LaTabStueckliste.qml:60: TypeError: Cannot read property 'accentLight' of undefined
17:35:16.094 [WRN] qrc:/qt/qml/stroemling/qml/la/LaTabStueckliste.qml:61: TypeError: Cannot read property 'borderLight' of undefined
17:35:16.094 [WRN] qrc:/qt/qml/stroemling/qml/la/LaTabStueckliste.qml:62: TypeError: Cannot read property 'borderLight' of undefined
17:35:16.094 [WRN] qrc:/qt/qml/stroemling/qml/la/LaTabStueckliste.qml:50: TypeError: Cannot read property 'tableEven' of undefined
17:35:16.094 [WRN] qrc:/qt/qml/stroemling/qml/la/LaTabStueckliste.qml:54: TypeError: Cannot read property 'accent' of undefined
17:35:16.094 [WRN] qrc:/qt/qml/stroemling/qml/la/LaTabStueckliste.qml:55: TypeError: Cannot read property 'textSecondary' of undefined
17:35:16.094 [WRN] qrc:/qt/qml/stroemling/qml/la/LaTabStueckliste.qml:56: TypeError: Cannot read property 'textSecondary' of undefined
17:35:16.094 [WRN] qrc:/qt/qml/stroemling/qml/la/LaTabStueckliste.qml:57: TypeError: Cannot read property 'textSecondary' of undefined
17:35:16.094 [WRN] qrc:/qt/qml/stroemling/qml/la/LaTabStueckliste.qml:58: TypeError: Cannot read property 'accentLight' of undefined
17:35:16.094 [WRN] qrc:/qt/qml/stroemling/qml/la/LaTabStueckliste.qml:59: TypeError: Cannot read property 'accentLight' of undefined
17:35:16.094 [WRN] qrc:/qt/qml/stroemling/qml/la/LaTabStueckliste.qml:60: TypeError: Cannot read property 'accentLight' of undefined
17:35:16.094 [WRN] qrc:/qt/qml/stroemling/qml/la/LaTabStueckliste.qml:61: TypeError: Cannot read property 'borderLight' of undefined
17:35:16.094 [WRN] qrc:/qt/qml/stroemling/qml/la/LaTabStueckliste.qml:62: TypeError: Cannot read property 'borderLight' of undefined
17:35:16.094 [WRN] qrc:/qt/qml/stroemling/qml/la/LaTabStueckliste.qml:50: TypeError: Cannot read property 'tableOdd' of undefined
17:35:16.094 [WRN] qrc:/qt/qml/stroemling/qml/la/LaTabStueckliste.qml:54: TypeError: Cannot read property 'accent' of undefined
17:35:16.094 [WRN] qrc:/qt/qml/stroemling/qml/la/LaTabStueckliste.qml:55: TypeError: Cannot read property 'textSecondary' of undefined
17:35:16.094 [WRN] qrc:/qt/qml/stroemling/qml/la/LaTabStueckliste.qml:56: TypeError: Cannot read property 'textSecondary' of undefined
17:35:16.094 [WRN] qrc:/qt/qml/stroemling/qml/la/LaTabStueckliste.qml:57: TypeError: Cannot read property 'textSecondary' of undefined
17:35:16.094 [WRN] qrc:/qt/qml/stroemling/qml/la/LaTabStueckliste.qml:58: TypeError: Cannot read property 'accentLight' of undefined
17:35:16.094 [WRN] qrc:/qt/qml/stroemling/qml/la/LaTabStueckliste.qml:59: TypeError: Cannot read property 'accentLight' of undefined
17:35:16.094 [WRN] qrc:/qt/qml/stroemling/qml/la/LaTabStueckliste.qml:60: TypeError: Cannot read property 'accentLight' of undefined
17:35:16.094 [WRN] qrc:/qt/qml/stroemling/qml/la/LaTabStueckliste.qml:61: TypeError: Cannot read property 'borderLight' of undefined
17:35:16.094 [WRN] qrc:/qt/qml/stroemling/qml/la/LaTabStueckliste.qml:62: TypeError: Cannot read property 'borderLight' of undefined
17:35:16.095 [WRN] qrc:/qt/qml/stroemling/qml/la/LaTabStueckliste.qml:50: TypeError: Cannot read property 'tableEven' of undefined
17:35:16.095 [WRN] qrc:/qt/qml/stroemling/qml/la/LaTabStueckliste.qml:54: TypeError: Cannot read property 'accent' of undefined
17:35:16.095 [WRN] qrc:/qt/qml/stroemling/qml/la/LaTabStueckliste.qml:55: TypeError: Cannot read property 'textSecondary' of undefined
17:35:16.095 [WRN] qrc:/qt/qml/stroemling/qml/la/LaTabStueckliste.qml:56: TypeError: Cannot read property 'textSecondary' of undefined
17:35:16.095 [WRN] qrc:/qt/qml/stroemling/qml/la/LaTabStueckliste.qml:57: TypeError: Cannot read property 'textSecondary' of undefined
17:35:16.095 [WRN] qrc:/qt/qml/stroemling/qml/la/LaTabStueckliste.qml:58: TypeError: Cannot read property 'accentLight' of undefined
17:35:16.095 [WRN] qrc:/qt/qml/stroemling/qml/la/LaTabStueckliste.qml:59: TypeError: Cannot read property 'accentLight' of undefined
17:35:16.095 [WRN] qrc:/qt/qml/stroemling/qml/la/LaTabStueckliste.qml:60: TypeError: Cannot read property 'accentLight' of undefined
17:35:16.095 [WRN] qrc:/qt/qml/stroemling/qml/la/LaTabStueckliste.qml:61: TypeError: Cannot read property 'borderLight' of undefined
17:35:16.095 [WRN] qrc:/qt/qml/stroemling/qml/la/LaTabStueckliste.qml:62: TypeError: Cannot read property 'borderLight' of undefined
17:35:16.095 [WRN] qrc:/qt/qml/stroemling/qml/la/LaTabStueckliste.qml:50: TypeError: Cannot read property 'tableOdd' of undefined
17:35:16.095 [WRN] qrc:/qt/qml/stroemling/qml/la/LaTabStueckliste.qml:54: TypeError: Cannot read property 'accent' of undefined
17:35:16.095 [WRN] qrc:/qt/qml/stroemling/qml/la/LaTabStueckliste.qml:55: TypeError: Cannot read property 'textSecondary' of undefined
17:35:16.095 [WRN] qrc:/qt/qml/stroemling/qml/la/LaTabStueckliste.qml:56: TypeError: Cannot read property 'textSecondary' of undefined
17:35:16.095 [WRN] qrc:/qt/qml/stroemling/qml/la/LaTabStueckliste.qml:57: TypeError: Cannot read property 'textSecondary' of undefined
17:35:16.095 [WRN] qrc:/qt/qml/stroemling/qml/la/LaTabStueckliste.qml:58: TypeError: Cannot read property 'accentLight' of undefined
17:35:16.095 [WRN] qrc:/qt/qml/stroemling/qml/la/LaTabStueckliste.qml:59: TypeError: Cannot read property 'accentLight' of undefined
17:35:16.095 [WRN] qrc:/qt/qml/stroemling/qml/la/LaTabStueckliste.qml:60: TypeError: Cannot read property 'accentLight' of undefined
17:35:16.095 [WRN] qrc:/qt/qml/stroemling/qml/la/LaTabStueckliste.qml:61: TypeError: Cannot read property 'borderLight' of undefined
17:35:16.095 [WRN] qrc:/qt/qml/stroemling/qml/la/LaTabStueckliste.qml:62: TypeError: Cannot read property 'borderLight' of undefined
17:35:16.095 [WRN] qrc:/qt/qml/stroemling/qml/la/LaTabStueckliste.qml:50: TypeError: Cannot read property 'tableEven' of undefined
17:35:16.095 [WRN] qrc:/qt/qml/stroemling/qml/la/LaTabStueckliste.qml:54: TypeError: Cannot read property 'accent' of undefined
17:35:16.095 [WRN] qrc:/qt/qml/stroemling/qml/la/LaTabStueckliste.qml:55: TypeError: Cannot read property 'textSecondary' of undefined
17:35:16.095 [WRN] qrc:/qt/qml/stroemling/qml/la/LaTabStueckliste.qml:56: TypeError: Cannot read property 'textSecondary' of undefined
17:35:16.095 [WRN] qrc:/qt/qml/stroemling/qml/la/LaTabStueckliste.qml:57: TypeError: Cannot read property 'textSecondary' of undefined
17:35:16.095 [WRN] qrc:/qt/qml/stroemling/qml/la/LaTabStueckliste.qml:58: TypeError: Cannot read property 'accentLight' of undefined
17:35:16.095 [WRN] qrc:/qt/qml/stroemling/qml/la/LaTabStueckliste.qml:59: TypeError: Cannot read property 'accentLight' of undefined
17:35:16.095 [WRN] qrc:/qt/qml/stroemling/qml/la/LaTabStueckliste.qml:60: TypeError: Cannot read property 'accentLight' of undefined
17:35:16.096 [WRN] qrc:/qt/qml/stroemling/qml/la/LaTabStueckliste.qml:61: TypeError: Cannot read property 'borderLight' of undefined
17:35:16.096 [WRN] qrc:/qt/qml/stroemling/qml/la/LaTabStueckliste.qml:62: TypeError: Cannot read property 'borderLight' of undefined
17:35:16.096 [WRN] qrc:/qt/qml/stroemling/qml/la/LaTabStueckliste.qml:50: TypeError: Cannot read property 'tableOdd' of undefined
17:35:16.096 [WRN] qrc:/qt/qml/stroemling/qml/la/LaTabStueckliste.qml:54: TypeError: Cannot read property 'accent' of undefined
17:35:16.096 [WRN] qrc:/qt/qml/stroemling/qml/la/LaTabStueckliste.qml:55: TypeError: Cannot read property 'textSecondary' of undefined
17:35:16.096 [WRN] qrc:/qt/qml/stroemling/qml/la/LaTabStueckliste.qml:56: TypeError: Cannot read property 'textSecondary' of undefined
17:35:16.096 [WRN] qrc:/qt/qml/stroemling/qml/la/LaTabStueckliste.qml:57: TypeError: Cannot read property 'textSecondary' of undefined
17:35:16.096 [WRN] qrc:/qt/qml/stroemling/qml/la/LaTabStueckliste.qml:58: TypeError: Cannot read property 'accentLight' of undefined
17:35:16.096 [WRN] qrc:/qt/qml/stroemling/qml/la/LaTabStueckliste.qml:59: TypeError: Cannot read property 'accentLight' of undefined
17:35:16.096 [WRN] qrc:/qt/qml/stroemling/qml/la/LaTabStueckliste.qml:60: TypeError: Cannot read property 'accentLight' of undefined
17:35:16.096 [WRN] qrc:/qt/qml/stroemling/qml/la/LaTabStueckliste.qml:61: TypeError: Cannot read property 'borderLight' of undefined
17:35:16.096 [WRN] qrc:/qt/qml/stroemling/qml/la/LaTabStueckliste.qml:62: TypeError: Cannot read property 'borderLight' of undefined
17:35:16.096 [WRN] qrc:/qt/qml/stroemling/qml/la/LaTabStueckliste.qml:50: TypeError: Cannot read property 'tableEven' of undefined
17:35:16.096 [WRN] qrc:/qt/qml/stroemling/qml/la/LaTabStueckliste.qml:54: TypeError: Cannot read property 'accent' of undefined
17:35:16.096 [WRN] qrc:/qt/qml/stroemling/qml/la/LaTabStueckliste.qml:55: TypeError: Cannot read property 'textSecondary' of undefined
17:35:16.096 [WRN] qrc:/qt/qml/stroemling/qml/la/LaTabStueckliste.qml:56: TypeError: Cannot read property 'textSecondary' of undefined
17:35:16.096 [WRN] qrc:/qt/qml/stroemling/qml/la/LaTabStueckliste.qml:57: TypeError: Cannot read property 'textSecondary' of undefined
17:35:16.096 [WRN] qrc:/qt/qml/stroemling/qml/la/LaTabStueckliste.qml:58: TypeError: Cannot read property 'accentLight' of undefined
17:35:16.096 [WRN] qrc:/qt/qml/stroemling/qml/la/LaTabStueckliste.qml:59: TypeError: Cannot read property 'accentLight' of undefined
17:35:16.096 [WRN] qrc:/qt/qml/stroemling/qml/la/LaTabStueckliste.qml:60: TypeError: Cannot read property 'accentLight' of undefined
17:35:16.096 [WRN] qrc:/qt/qml/stroemling/qml/la/LaTabStueckliste.qml:61: TypeError: Cannot read property 'borderLight' of undefined
17:35:16.096 [WRN] qrc:/qt/qml/stroemling/qml/la/LaTabStueckliste.qml:62: TypeError: Cannot read property 'borderLight' of undefined
17:35:16.096 [WRN] qrc:/qt/qml/stroemling/qml/la/LaTabStueckliste.qml:50: TypeError: Cannot read property 'tableOdd' of undefined
17:35:16.096 [WRN] qrc:/qt/qml/stroemling/qml/la/LaTabStueckliste.qml:54: TypeError: Cannot read property 'accent' of undefined
17:35:16.096 [WRN] qrc:/qt/qml/stroemling/qml/la/LaTabStueckliste.qml:55: TypeError: Cannot read property 'textSecondary' of undefined
17:35:16.096 [WRN] qrc:/qt/qml/stroemling/qml/la/LaTabStueckliste.qml:56: TypeError: Cannot read property 'textSecondary' of undefined
17:35:16.096 [WRN] qrc:/qt/qml/stroemling/qml/la/LaTabStueckliste.qml:57: TypeError: Cannot read property 'textSecondary' of undefined
17:35:16.097 [WRN] qrc:/qt/qml/stroemling/qml/la/LaTabStueckliste.qml:58: TypeError: Cannot read property 'accentLight' of undefined
17:35:16.097 [WRN] qrc:/qt/qml/stroemling/qml/la/LaTabStueckliste.qml:59: TypeError: Cannot read property 'accentLight' of undefined
17:35:16.097 [WRN] qrc:/qt/qml/stroemling/qml/la/LaTabStueckliste.qml:60: TypeError: Cannot read property 'accentLight' of undefined
17:35:16.097 [WRN] qrc:/qt/qml/stroemling/qml/la/LaTabStueckliste.qml:61: TypeError: Cannot read property 'borderLight' of undefined
17:35:16.097 [WRN] qrc:/qt/qml/stroemling/qml/la/LaTabStueckliste.qml:62: TypeError: Cannot read property 'borderLight' of undefined
17:35:16.097 [WRN] qrc:/qt/qml/stroemling/qml/la/LaTabStueckliste.qml:50: TypeError: Cannot read property 'tableEven' of undefined
17:35:16.097 [WRN] qrc:/qt/qml/stroemling/qml/la/LaTabStueckliste.qml:54: TypeError: Cannot read property 'accent' of undefined
17:35:16.097 [WRN] qrc:/qt/qml/stroemling/qml/la/LaTabStueckliste.qml:55: TypeError: Cannot read property 'textSecondary' of undefined
17:35:16.097 [WRN] qrc:/qt/qml/stroemling/qml/la/LaTabStueckliste.qml:56: TypeError: Cannot read property 'textSecondary' of undefined
17:35:16.097 [WRN] qrc:/qt/qml/stroemling/qml/la/LaTabStueckliste.qml:57: TypeError: Cannot read property 'textSecondary' of undefined
17:35:16.097 [WRN] qrc:/qt/qml/stroemling/qml/la/LaTabStueckliste.qml:58: TypeError: Cannot read property 'accentLight' of undefined
17:35:16.097 [WRN] qrc:/qt/qml/stroemling/qml/la/LaTabStueckliste.qml:59: TypeError: Cannot read property 'accentLight' of undefined
17:35:16.097 [WRN] qrc:/qt/qml/stroemling/qml/la/LaTabStueckliste.qml:60: TypeError: Cannot read property 'accentLight' of undefined
17:35:16.097 [WRN] qrc:/qt/qml/stroemling/qml/la/LaTabStueckliste.qml:61: TypeError: Cannot read property 'borderLight' of undefined
17:35:16.097 [WRN] qrc:/qt/qml/stroemling/qml/la/LaTabStueckliste.qml:62: TypeError: Cannot read property 'borderLight' of undefined
17:35:16.097 [WRN] qrc:/qt/qml/stroemling/qml/la/LaTabStueckliste.qml:50: TypeError: Cannot read property 'tableOdd' of undefined
17:35:16.097 [WRN] qrc:/qt/qml/stroemling/qml/la/LaTabStueckliste.qml:54: TypeError: Cannot read property 'accent' of undefined
17:35:16.097 [WRN] qrc:/qt/qml/stroemling/qml/la/LaTabStueckliste.qml:55: TypeError: Cannot read property 'textSecondary' of undefined
17:35:16.097 [WRN] qrc:/qt/qml/stroemling/qml/la/LaTabStueckliste.qml:56: TypeError: Cannot read property 'textSecondary' of undefined
17:35:16.097 [WRN] qrc:/qt/qml/stroemling/qml/la/LaTabStueckliste.qml:57: TypeError: Cannot read property 'textSecondary' of undefined
17:35:16.097 [WRN] qrc:/qt/qml/stroemling/qml/la/LaTabStueckliste.qml:58: TypeError: Cannot read property 'accentLight' of undefined
17:35:16.097 [WRN] qrc:/qt/qml/stroemling/qml/la/LaTabStueckliste.qml:59: TypeError: Cannot read property 'accentLight' of undefined
17:35:16.097 [WRN] qrc:/qt/qml/stroemling/qml/la/LaTabStueckliste.qml:60: TypeError: Cannot read property 'accentLight' of undefined
17:35:16.097 [WRN] qrc:/qt/qml/stroemling/qml/la/LaTabStueckliste.qml:61: TypeError: Cannot read property 'borderLight' of undefined
17:35:16.097 [WRN] qrc:/qt/qml/stroemling/qml/la/LaTabStueckliste.qml:62: TypeError: Cannot read property 'borderLight' of undefined
17:35:21.671 [WRN] qrc:/qt/qml/stroemling/qml/la/LaTabStueckliste.qml:50: TypeError: Cannot read property 'tableOdd' of undefined
17:35:21.672 [WRN] qrc:/qt/qml/stroemling/qml/la/LaTabStueckliste.qml:50: TypeError: Cannot read property 'tableOdd' of undefined
17:35:21.672 [WRN] qrc:/qt/qml/stroemling/qml/la/LaTabStueckliste.qml:50: TypeError: Cannot read property 'tableOdd' of undefined
17:35:21.672 [WRN] qrc:/qt/qml/stroemling/qml/la/LaTabStueckliste.qml:50: TypeError: Cannot read property 'tableOdd' of undefined
17:35:21.672 [WRN] qrc:/qt/qml/stroemling/qml/la/LaTabStueckliste.qml:50: TypeError: Cannot read property 'tableOdd' of undefined
17:35:21.672 [WRN] qrc:/qt/qml/stroemling/qml/la/LaTabStueckliste.qml:50: TypeError: Cannot read property 'tableOdd' of undefined
17:35:21.672 [WRN] qrc:/qt/qml/stroemling/qml/la/LaTabStueckliste.qml:50: TypeError: Cannot read property 'tableOdd' of undefined
17:35:21.672 [WRN] qrc:/qt/qml/stroemling/qml/la/LaTabStueckliste.qml:50: TypeError: Cannot read property 'tableOdd' of undefined
17:35:21.672 [WRN] qrc:/qt/qml/stroemling/qml/la/LaTabStueckliste.qml:50: TypeError: Cannot read property 'tableOdd' of undefined
17:35:21.672 [WRN] qrc:/qt/qml/stroemling/qml/la/LaTabStueckliste.qml:50: TypeError: Cannot read property 'tableOdd' of undefined
17:35:21.672 [WRN] qrc:/qt/qml/stroemling/qml/la/LaTabStueckliste.qml:50: TypeError: Cannot read property 'tableOdd' of undefined
17:35:21.672 [WRN] qrc:/qt/qml/stroemling/qml/la/LaTabStueckliste.qml:50: TypeError: Cannot read property 'tableOdd' of undefined
17:35:21.672 [WRN] qrc:/qt/qml/stroemling/qml/la/LaTabStueckliste.qml:50: TypeError: Cannot read property 'tableOdd' of undefined
17:35:21.672 [WRN] qrc:/qt/qml/stroemling/qml/la/LaTabStueckliste.qml:50: TypeError: Cannot read property 'tableOdd' of undefined
17:35:21.672 [WRN] qrc:/qt/qml/stroemling/qml/la/LaTabStueckliste.qml:50: TypeError: Cannot read property 'tableOdd' of undefined
17:35:21.672 [WRN] qrc:/qt/qml/stroemling/qml/la/LaTabStueckliste.qml:50: TypeError: Cannot read property 'tableOdd' of undefined
17:35:21.672 [WRN] qrc:/qt/qml/stroemling/qml/la/LaTabStueckliste.qml:50: TypeError: Cannot read property 'tableOdd' of undefined
17:35:21.672 [WRN] qrc:/qt/qml/stroemling/qml/la/LaTabStueckliste.qml:50: TypeError: Cannot read property 'tableOdd' of undefined
17:35:21.722 [WRN] qrc:/qt/qml/stroemling/qml/la/LaTabStueckliste.qml:50: TypeError: Cannot read property 'tableEven' of undefined
17:35:21.722 [WRN] qrc:/qt/qml/stroemling/qml/la/LaTabStueckliste.qml:54: TypeError: Cannot read property 'accent' of undefined
17:35:21.722 [WRN] qrc:/qt/qml/stroemling/qml/la/LaTabStueckliste.qml:55: TypeError: Cannot read property 'textSecondary' of undefined
17:35:21.722 [WRN] qrc:/qt/qml/stroemling/qml/la/LaTabStueckliste.qml:56: TypeError: Cannot read property 'textSecondary' of undefined
17:35:21.722 [WRN] qrc:/qt/qml/stroemling/qml/la/LaTabStueckliste.qml:57: TypeError: Cannot read property 'textSecondary' of undefined
17:35:21.722 [WRN] qrc:/qt/qml/stroemling/qml/la/LaTabStueckliste.qml:58: TypeError: Cannot read property 'accentLight' of undefined
17:35:21.722 [WRN] qrc:/qt/qml/stroemling/qml/la/LaTabStueckliste.qml:59: TypeError: Cannot read property 'accentLight' of undefined
17:35:21.723 [WRN] qrc:/qt/qml/stroemling/qml/la/LaTabStueckliste.qml:60: TypeError: Cannot read property 'accentLight' of undefined
17:35:21.723 [WRN] qrc:/qt/qml/stroemling/qml/la/LaTabStueckliste.qml:61: TypeError: Cannot read property 'borderLight' of undefined
17:35:21.723 [WRN] qrc:/qt/qml/stroemling/qml/la/LaTabStueckliste.qml:62: TypeError: Cannot read property 'borderLight' of undefined
17:35:21.724 [WRN] qrc:/qt/qml/stroemling/qml/la/LaTabStueckliste.qml:50: TypeError: Cannot read property 'tableOdd' of undefined
17:35:21.724 [WRN] qrc:/qt/qml/stroemling/qml/la/LaTabStueckliste.qml:54: TypeError: Cannot read property 'accent' of undefined
17:35:21.724 [WRN] qrc:/qt/qml/stroemling/qml/la/LaTabStueckliste.qml:55: TypeError: Cannot read property 'textSecondary' of undefined
17:35:21.724 [WRN] qrc:/qt/qml/stroemling/qml/la/LaTabStueckliste.qml:56: TypeError: Cannot read property 'textSecondary' of undefined
17:35:21.724 [WRN] qrc:/qt/qml/stroemling/qml/la/LaTabStueckliste.qml:57: TypeError: Cannot read property 'textSecondary' of undefined
17:35:21.724 [WRN] qrc:/qt/qml/stroemling/qml/la/LaTabStueckliste.qml:58: TypeError: Cannot read property 'accentLight' of undefined
17:35:21.724 [WRN] qrc:/qt/qml/stroemling/qml/la/LaTabStueckliste.qml:59: TypeError: Cannot read property 'accentLight' of undefined
17:35:21.724 [WRN] qrc:/qt/qml/stroemling/qml/la/LaTabStueckliste.qml:60: TypeError: Cannot read property 'accentLight' of undefined
17:35:21.724 [WRN] qrc:/qt/qml/stroemling/qml/la/LaTabStueckliste.qml:61: TypeError: Cannot read property 'borderLight' of undefined
17:35:21.725 [WRN] qrc:/qt/qml/stroemling/qml/la/LaTabStueckliste.qml:62: TypeError: Cannot read property 'borderLight' of undefined
17:35:21.725 [WRN] qrc:/qt/qml/stroemling/qml/la/LaTabStueckliste.qml:50: TypeError: Cannot read property 'tableEven' of undefined
17:35:21.725 [WRN] qrc:/qt/qml/stroemling/qml/la/LaTabStueckliste.qml:54: TypeError: Cannot read property 'accent' of undefined
17:35:21.725 [WRN] qrc:/qt/qml/stroemling/qml/la/LaTabStueckliste.qml:55: TypeError: Cannot read property 'textSecondary' of undefined
17:35:21.725 [WRN] qrc:/qt/qml/stroemling/qml/la/LaTabStueckliste.qml:56: TypeError: Cannot read property 'textSecondary' of undefined
17:35:21.725 [WRN] qrc:/qt/qml/stroemling/qml/la/LaTabStueckliste.qml:57: TypeError: Cannot read property 'textSecondary' of undefined
17:35:21.725 [WRN] qrc:/qt/qml/stroemling/qml/la/LaTabStueckliste.qml:58: TypeError: Cannot read property 'accentLight' of undefined
17:35:21.725 [WRN] qrc:/qt/qml/stroemling/qml/la/LaTabStueckliste.qml:59: TypeError: Cannot read property 'accentLight' of undefined
17:35:21.725 [WRN] qrc:/qt/qml/stroemling/qml/la/LaTabStueckliste.qml:60: TypeError: Cannot read property 'accentLight' of undefined
17:35:21.725 [WRN] qrc:/qt/qml/stroemling/qml/la/LaTabStueckliste.qml:61: TypeError: Cannot read property 'borderLight' of undefined
17:35:21.725 [WRN] qrc:/qt/qml/stroemling/qml/la/LaTabStueckliste.qml:62: TypeError: Cannot read property 'borderLight' of undefined
17:35:21.726 [WRN] qrc:/qt/qml/stroemling/qml/la/LaTabStueckliste.qml:50: TypeError: Cannot read property 'tableOdd' of undefined
17:35:21.726 [WRN] qrc:/qt/qml/stroemling/qml/la/LaTabStueckliste.qml:54: TypeError: Cannot read property 'accent' of undefined
17:35:21.726 [WRN] qrc:/qt/qml/stroemling/qml/la/LaTabStueckliste.qml:55: TypeError: Cannot read property 'textSecondary' of undefined
17:35:21.726 [WRN] qrc:/qt/qml/stroemling/qml/la/LaTabStueckliste.qml:56: TypeError: Cannot read property 'textSecondary' of undefined
17:35:21.726 [WRN] qrc:/qt/qml/stroemling/qml/la/LaTabStueckliste.qml:57: TypeError: Cannot read property 'textSecondary' of undefined
17:35:21.726 [WRN] qrc:/qt/qml/stroemling/qml/la/LaTabStueckliste.qml:58: TypeError: Cannot read property 'accentLight' of undefined
17:35:21.726 [WRN] qrc:/qt/qml/stroemling/qml/la/LaTabStueckliste.qml:59: TypeError: Cannot read property 'accentLight' of undefined
17:35:21.726 [WRN] qrc:/qt/qml/stroemling/qml/la/LaTabStueckliste.qml:60: TypeError: Cannot read property 'accentLight' of undefined
17:35:21.726 [WRN] qrc:/qt/qml/stroemling/qml/la/LaTabStueckliste.qml:61: TypeError: Cannot read property 'borderLight' of undefined
17:35:21.726 [WRN] qrc:/qt/qml/stroemling/qml/la/LaTabStueckliste.qml:62: TypeError: Cannot read property 'borderLight' of undefined
17:35:21.726 [WRN] qrc:/qt/qml/stroemling/qml/la/LaTabStueckliste.qml:50: TypeError: Cannot read property 'tableEven' of undefined
17:35:21.726 [WRN] qrc:/qt/qml/stroemling/qml/la/LaTabStueckliste.qml:54: TypeError: Cannot read property 'accent' of undefined
17:35:21.727 [WRN] qrc:/qt/qml/stroemling/qml/la/LaTabStueckliste.qml:55: TypeError: Cannot read property 'textSecondary' of undefined
17:35:21.727 [WRN] qrc:/qt/qml/stroemling/qml/la/LaTabStueckliste.qml:56: TypeError: Cannot read property 'textSecondary' of undefined
17:35:21.727 [WRN] qrc:/qt/qml/stroemling/qml/la/LaTabStueckliste.qml:57: TypeError: Cannot read property 'textSecondary' of undefined
17:35:21.727 [WRN] qrc:/qt/qml/stroemling/qml/la/LaTabStueckliste.qml:58: TypeError: Cannot read property 'accentLight' of undefined
17:35:21.727 [WRN] qrc:/qt/qml/stroemling/qml/la/LaTabStueckliste.qml:59: TypeError: Cannot read property 'accentLight' of undefined
17:35:21.727 [WRN] qrc:/qt/qml/stroemling/qml/la/LaTabStueckliste.qml:60: TypeError: Cannot read property 'accentLight' of undefined
17:35:21.727 [WRN] qrc:/qt/qml/stroemling/qml/la/LaTabStueckliste.qml:61: TypeError: Cannot read property 'borderLight' of undefined
17:35:21.727 [WRN] qrc:/qt/qml/stroemling/qml/la/LaTabStueckliste.qml:62: TypeError: Cannot read property 'borderLight' of undefined
17:35:21.727 [WRN] qrc:/qt/qml/stroemling/qml/la/LaTabStueckliste.qml:50: TypeError: Cannot read property 'tableOdd' of undefined
17:35:21.727 [WRN] qrc:/qt/qml/stroemling/qml/la/LaTabStueckliste.qml:54: TypeError: Cannot read property 'accent' of undefined
17:35:21.727 [WRN] qrc:/qt/qml/stroemling/qml/la/LaTabStueckliste.qml:55: TypeError: Cannot read property 'textSecondary' of undefined
17:35:21.727 [WRN] qrc:/qt/qml/stroemling/qml/la/LaTabStueckliste.qml:56: TypeError: Cannot read property 'textSecondary' of undefined
17:35:21.727 [WRN] qrc:/qt/qml/stroemling/qml/la/LaTabStueckliste.qml:57: TypeError: Cannot read property 'textSecondary' of undefined
17:35:21.727 [WRN] qrc:/qt/qml/stroemling/qml/la/LaTabStueckliste.qml:58: TypeError: Cannot read property 'accentLight' of undefined
17:35:21.727 [WRN] qrc:/qt/qml/stroemling/qml/la/LaTabStueckliste.qml:59: TypeError: Cannot read property 'accentLight' of undefined
17:35:21.727 [WRN] qrc:/qt/qml/stroemling/qml/la/LaTabStueckliste.qml:60: TypeError: Cannot read property 'accentLight' of undefined
17:35:21.727 [WRN] qrc:/qt/qml/stroemling/qml/la/LaTabStueckliste.qml:61: TypeError: Cannot read property 'borderLight' of undefined
17:35:21.727 [WRN] qrc:/qt/qml/stroemling/qml/la/LaTabStueckliste.qml:62: TypeError: Cannot read property 'borderLight' of undefined
17:35:21.728 [WRN] qrc:/qt/qml/stroemling/qml/la/LaTabStueckliste.qml:50: TypeError: Cannot read property 'tableEven' of undefined
17:35:21.728 [WRN] qrc:/qt/qml/stroemling/qml/la/LaTabStueckliste.qml:54: TypeError: Cannot read property 'accent' of undefined
17:35:21.728 [WRN] qrc:/qt/qml/stroemling/qml/la/LaTabStueckliste.qml:55: TypeError: Cannot read property 'textSecondary' of undefined
17:35:21.728 [WRN] qrc:/qt/qml/stroemling/qml/la/LaTabStueckliste.qml:56: TypeError: Cannot read property 'textSecondary' of undefined
17:35:21.728 [WRN] qrc:/qt/qml/stroemling/qml/la/LaTabStueckliste.qml:57: TypeError: Cannot read property 'textSecondary' of undefined
17:35:21.728 [WRN] qrc:/qt/qml/stroemling/qml/la/LaTabStueckliste.qml:58: TypeError: Cannot read property 'accentLight' of undefined
17:35:21.728 [WRN] qrc:/qt/qml/stroemling/qml/la/LaTabStueckliste.qml:59: TypeError: Cannot read property 'accentLight' of undefined
17:35:21.728 [WRN] qrc:/qt/qml/stroemling/qml/la/LaTabStueckliste.qml:60: TypeError: Cannot read property 'accentLight' of undefined
17:35:21.728 [WRN] qrc:/qt/qml/stroemling/qml/la/LaTabStueckliste.qml:61: TypeError: Cannot read property 'borderLight' of undefined
17:35:21.728 [WRN] qrc:/qt/qml/stroemling/qml/la/LaTabStueckliste.qml:62: TypeError: Cannot read property 'borderLight' of undefined
17:35:21.728 [WRN] qrc:/qt/qml/stroemling/qml/la/LaTabStueckliste.qml:50: TypeError: Cannot read property 'tableOdd' of undefined
17:35:21.728 [WRN] qrc:/qt/qml/stroemling/qml/la/LaTabStueckliste.qml:54: TypeError: Cannot read property 'accent' of undefined
17:35:21.729 [WRN] qrc:/qt/qml/stroemling/qml/la/LaTabStueckliste.qml:55: TypeError: Cannot read property 'textSecondary' of undefined
17:35:21.729 [WRN] qrc:/qt/qml/stroemling/qml/la/LaTabStueckliste.qml:56: TypeError: Cannot read property 'textSecondary' of undefined
17:35:21.729 [WRN] qrc:/qt/qml/stroemling/qml/la/LaTabStueckliste.qml:57: TypeError: Cannot read property 'textSecondary' of undefined
17:35:21.729 [WRN] qrc:/qt/qml/stroemling/qml/la/LaTabStueckliste.qml:58: TypeError: Cannot read property 'accentLight' of undefined
17:35:21.729 [WRN] qrc:/qt/qml/stroemling/qml/la/LaTabStueckliste.qml:59: TypeError: Cannot read property 'accentLight' of undefined
17:35:21.729 [WRN] qrc:/qt/qml/stroemling/qml/la/LaTabStueckliste.qml:60: TypeError: Cannot read property 'accentLight' of undefined
17:35:21.729 [WRN] qrc:/qt/qml/stroemling/qml/la/LaTabStueckliste.qml:61: TypeError: Cannot read property 'borderLight' of undefined
17:35:21.729 [WRN] qrc:/qt/qml/stroemling/qml/la/LaTabStueckliste.qml:62: TypeError: Cannot read property 'borderLight' of undefined
17:35:21.729 [WRN] qrc:/qt/qml/stroemling/qml/la/LaTabStueckliste.qml:50: TypeError: Cannot read property 'tableEven' of undefined
17:35:21.729 [WRN] qrc:/qt/qml/stroemling/qml/la/LaTabStueckliste.qml:54: TypeError: Cannot read property 'accent' of undefined
17:35:21.729 [WRN] qrc:/qt/qml/stroemling/qml/la/LaTabStueckliste.qml:55: TypeError: Cannot read property 'textSecondary' of undefined
17:35:21.729 [WRN] qrc:/qt/qml/stroemling/qml/la/LaTabStueckliste.qml:56: TypeError: Cannot read property 'textSecondary' of undefined
17:35:21.729 [WRN] qrc:/qt/qml/stroemling/qml/la/LaTabStueckliste.qml:57: TypeError: Cannot read property 'textSecondary' of undefined
17:35:21.729 [WRN] qrc:/qt/qml/stroemling/qml/la/LaTabStueckliste.qml:58: TypeError: Cannot read property 'accentLight' of undefined
17:35:21.729 [WRN] qrc:/qt/qml/stroemling/qml/la/LaTabStueckliste.qml:59: TypeError: Cannot read property 'accentLight' of undefined
17:35:21.729 [WRN] qrc:/qt/qml/stroemling/qml/la/LaTabStueckliste.qml:60: TypeError: Cannot read property 'accentLight' of undefined
17:35:21.729 [WRN] qrc:/qt/qml/stroemling/qml/la/LaTabStueckliste.qml:61: TypeError: Cannot read property 'borderLight' of undefined
17:35:21.729 [WRN] qrc:/qt/qml/stroemling/qml/la/LaTabStueckliste.qml:62: TypeError: Cannot read property 'borderLight' of undefined
17:35:21.730 [WRN] qrc:/qt/qml/stroemling/qml/la/LaTabStueckliste.qml:50: TypeError: Cannot read property 'tableOdd' of undefined
17:35:21.730 [WRN] qrc:/qt/qml/stroemling/qml/la/LaTabStueckliste.qml:54: TypeError: Cannot read property 'accent' of undefined
17:35:21.730 [WRN] qrc:/qt/qml/stroemling/qml/la/LaTabStueckliste.qml:55: TypeError: Cannot read property 'textSecondary' of undefined
17:35:21.730 [WRN] qrc:/qt/qml/stroemling/qml/la/LaTabStueckliste.qml:56: TypeError: Cannot read property 'textSecondary' of undefined
17:35:21.730 [WRN] qrc:/qt/qml/stroemling/qml/la/LaTabStueckliste.qml:57: TypeError: Cannot read property 'textSecondary' of undefined
17:35:21.730 [WRN] qrc:/qt/qml/stroemling/qml/la/LaTabStueckliste.qml:58: TypeError: Cannot read property 'accentLight' of undefined
17:35:21.730 [WRN] qrc:/qt/qml/stroemling/qml/la/LaTabStueckliste.qml:59: TypeError: Cannot read property 'accentLight' of undefined
17:35:21.730 [WRN] qrc:/qt/qml/stroemling/qml/la/LaTabStueckliste.qml:60: TypeError: Cannot read property 'accentLight' of undefined
17:35:21.730 [WRN] qrc:/qt/qml/stroemling/qml/la/LaTabStueckliste.qml:61: TypeError: Cannot read property 'borderLight' of undefined
17:35:21.730 [WRN] qrc:/qt/qml/stroemling/qml/la/LaTabStueckliste.qml:62: TypeError: Cannot read property 'borderLight' of undefined
17:35:21.730 [WRN] qrc:/qt/qml/stroemling/qml/la/LaTabStueckliste.qml:50: TypeError: Cannot read property 'tableEven' of undefined
17:35:21.731 [WRN] qrc:/qt/qml/stroemling/qml/la/LaTabStueckliste.qml:54: TypeError: Cannot read property 'accent' of undefined
17:35:21.731 [WRN] qrc:/qt/qml/stroemling/qml/la/LaTabStueckliste.qml:55: TypeError: Cannot read property 'textSecondary' of undefined
17:35:21.731 [WRN] qrc:/qt/qml/stroemling/qml/la/LaTabStueckliste.qml:56: TypeError: Cannot read property 'textSecondary' of undefined
17:35:21.731 [WRN] qrc:/qt/qml/stroemling/qml/la/LaTabStueckliste.qml:57: TypeError: Cannot read property 'textSecondary' of undefined
17:35:21.731 [WRN] qrc:/qt/qml/stroemling/qml/la/LaTabStueckliste.qml:58: TypeError: Cannot read property 'accentLight' of undefined
17:35:21.731 [WRN] qrc:/qt/qml/stroemling/qml/la/LaTabStueckliste.qml:59: TypeError: Cannot read property 'accentLight' of undefined
17:35:21.731 [WRN] qrc:/qt/qml/stroemling/qml/la/LaTabStueckliste.qml:60: TypeError: Cannot read property 'accentLight' of undefined
17:35:21.731 [WRN] qrc:/qt/qml/stroemling/qml/la/LaTabStueckliste.qml:61: TypeError: Cannot read property 'borderLight' of undefined
17:35:21.731 [WRN] qrc:/qt/qml/stroemling/qml/la/LaTabStueckliste.qml:62: TypeError: Cannot read property 'borderLight' of undefined
17:35:21.731 [WRN] qrc:/qt/qml/stroemling/qml/la/LaTabStueckliste.qml:50: TypeError: Cannot read property 'tableOdd' of undefined
17:35:21.731 [WRN] qrc:/qt/qml/stroemling/qml/la/LaTabStueckliste.qml:54: TypeError: Cannot read property 'accent' of undefined
17:35:21.731 [WRN] qrc:/qt/qml/stroemling/qml/la/LaTabStueckliste.qml:55: TypeError: Cannot read property 'textSecondary' of undefined
17:35:21.731 [WRN] qrc:/qt/qml/stroemling/qml/la/LaTabStueckliste.qml:56: TypeError: Cannot read property 'textSecondary' of undefined
17:35:21.731 [WRN] qrc:/qt/qml/stroemling/qml/la/LaTabStueckliste.qml:57: TypeError: Cannot read property 'textSecondary' of undefined
17:35:21.731 [WRN] qrc:/qt/qml/stroemling/qml/la/LaTabStueckliste.qml:58: TypeError: Cannot read property 'accentLight' of undefined
17:35:21.731 [WRN] qrc:/qt/qml/stroemling/qml/la/LaTabStueckliste.qml:59: TypeError: Cannot read property 'accentLight' of undefined
17:35:21.731 [WRN] qrc:/qt/qml/stroemling/qml/la/LaTabStueckliste.qml:60: TypeError: Cannot read property 'accentLight' of undefined
17:35:21.731 [WRN] qrc:/qt/qml/stroemling/qml/la/LaTabStueckliste.qml:61: TypeError: Cannot read property 'borderLight' of undefined
17:35:21.731 [WRN] qrc:/qt/qml/stroemling/qml/la/LaTabStueckliste.qml:62: TypeError: Cannot read property 'borderLight' of undefined
17:35:21.732 [WRN] qrc:/qt/qml/stroemling/qml/la/LaTabStueckliste.qml:50: TypeError: Cannot read property 'tableEven' of undefined
17:35:21.732 [WRN] qrc:/qt/qml/stroemling/qml/la/LaTabStueckliste.qml:54: TypeError: Cannot read property 'accent' of undefined
17:35:21.732 [WRN] qrc:/qt/qml/stroemling/qml/la/LaTabStueckliste.qml:55: TypeError: Cannot read property 'textSecondary' of undefined
17:35:21.732 [WRN] qrc:/qt/qml/stroemling/qml/la/LaTabStueckliste.qml:56: TypeError: Cannot read property 'textSecondary' of undefined
17:35:21.732 [WRN] qrc:/qt/qml/stroemling/qml/la/LaTabStueckliste.qml:57: TypeError: Cannot read property 'textSecondary' of undefined
17:35:21.732 [WRN] qrc:/qt/qml/stroemling/qml/la/LaTabStueckliste.qml:58: TypeError: Cannot read property 'accentLight' of undefined
17:35:21.732 [WRN] qrc:/qt/qml/stroemling/qml/la/LaTabStueckliste.qml:59: TypeError: Cannot read property 'accentLight' of undefined
17:35:21.732 [WRN] qrc:/qt/qml/stroemling/qml/la/LaTabStueckliste.qml:60: TypeError: Cannot read property 'accentLight' of undefined
17:35:21.732 [WRN] qrc:/qt/qml/stroemling/qml/la/LaTabStueckliste.qml:61: TypeError: Cannot read property 'borderLight' of undefined
17:35:21.732 [WRN] qrc:/qt/qml/stroemling/qml/la/LaTabStueckliste.qml:62: TypeError: Cannot read property 'borderLight' of undefined
17:35:21.733 [WRN] qrc:/qt/qml/stroemling/qml/la/LaTabStueckliste.qml:50: TypeError: Cannot read property 'tableOdd' of undefined
17:35:21.733 [WRN] qrc:/qt/qml/stroemling/qml/la/LaTabStueckliste.qml:54: TypeError: Cannot read property 'accent' of undefined
17:35:21.733 [WRN] qrc:/qt/qml/stroemling/qml/la/LaTabStueckliste.qml:55: TypeError: Cannot read property 'textSecondary' of undefined
17:35:21.733 [WRN] qrc:/qt/qml/stroemling/qml/la/LaTabStueckliste.qml:56: TypeError: Cannot read property 'textSecondary' of undefined
17:35:21.733 [WRN] qrc:/qt/qml/stroemling/qml/la/LaTabStueckliste.qml:57: TypeError: Cannot read property 'textSecondary' of undefined
17:35:21.733 [WRN] qrc:/qt/qml/stroemling/qml/la/LaTabStueckliste.qml:58: TypeError: Cannot read property 'accentLight' of undefined
17:35:21.733 [WRN] qrc:/qt/qml/stroemling/qml/la/LaTabStueckliste.qml:59: TypeError: Cannot read property 'accentLight' of undefined
17:35:21.733 [WRN] qrc:/qt/qml/stroemling/qml/la/LaTabStueckliste.qml:60: TypeError: Cannot read property 'accentLight' of undefined
17:35:21.733 [WRN] qrc:/qt/qml/stroemling/qml/la/LaTabStueckliste.qml:61: TypeError: Cannot read property 'borderLight' of undefined
17:35:21.733 [WRN] qrc:/qt/qml/stroemling/qml/la/LaTabStueckliste.qml:62: TypeError: Cannot read property 'borderLight' of undefined
17:35:21.733 [WRN] qrc:/qt/qml/stroemling/qml/la/LaTabStueckliste.qml:50: TypeError: Cannot read property 'tableEven' of undefined
17:35:21.733 [WRN] qrc:/qt/qml/stroemling/qml/la/LaTabStueckliste.qml:54: TypeError: Cannot read property 'accent' of undefined
17:35:21.733 [WRN] qrc:/qt/qml/stroemling/qml/la/LaTabStueckliste.qml:55: TypeError: Cannot read property 'textSecondary' of undefined
17:35:21.733 [WRN] qrc:/qt/qml/stroemling/qml/la/LaTabStueckliste.qml:56: TypeError: Cannot read property 'textSecondary' of undefined
17:35:21.733 [WRN] qrc:/qt/qml/stroemling/qml/la/LaTabStueckliste.qml:57: TypeError: Cannot read property 'textSecondary' of undefined
17:35:21.733 [WRN] qrc:/qt/qml/stroemling/qml/la/LaTabStueckliste.qml:58: TypeError: Cannot read property 'accentLight' of undefined
17:35:21.733 [WRN] qrc:/qt/qml/stroemling/qml/la/LaTabStueckliste.qml:59: TypeError: Cannot read property 'accentLight' of undefined
17:35:21.733 [WRN] qrc:/qt/qml/stroemling/qml/la/LaTabStueckliste.qml:60: TypeError: Cannot read property 'accentLight' of undefined
17:35:21.733 [WRN] qrc:/qt/qml/stroemling/qml/la/LaTabStueckliste.qml:61: TypeError: Cannot read property 'borderLight' of undefined
17:35:21.733 [WRN] qrc:/qt/qml/stroemling/qml/la/LaTabStueckliste.qml:62: TypeError: Cannot read property 'borderLight' of undefined
17:35:21.734 [WRN] qrc:/qt/qml/stroemling/qml/la/LaTabStueckliste.qml:50: TypeError: Cannot read property 'tableOdd' of undefined
17:35:21.734 [WRN] qrc:/qt/qml/stroemling/qml/la/LaTabStueckliste.qml:54: TypeError: Cannot read property 'accent' of undefined
17:35:21.734 [WRN] qrc:/qt/qml/stroemling/qml/la/LaTabStueckliste.qml:55: TypeError: Cannot read property 'textSecondary' of undefined
17:35:21.734 [WRN] qrc:/qt/qml/stroemling/qml/la/LaTabStueckliste.qml:56: TypeError: Cannot read property 'textSecondary' of undefined
17:35:21.734 [WRN] qrc:/qt/qml/stroemling/qml/la/LaTabStueckliste.qml:57: TypeError: Cannot read property 'textSecondary' of undefined
17:35:21.734 [WRN] qrc:/qt/qml/stroemling/qml/la/LaTabStueckliste.qml:58: TypeError: Cannot read property 'accentLight' of undefined
17:35:21.734 [WRN] qrc:/qt/qml/stroemling/qml/la/LaTabStueckliste.qml:59: TypeError: Cannot read property 'accentLight' of undefined
17:35:21.734 [WRN] qrc:/qt/qml/stroemling/qml/la/LaTabStueckliste.qml:60: TypeError: Cannot read property 'accentLight' of undefined
17:35:21.734 [WRN] qrc:/qt/qml/stroemling/qml/la/LaTabStueckliste.qml:61: TypeError: Cannot read property 'borderLight' of undefined
17:35:21.734 [WRN] qrc:/qt/qml/stroemling/qml/la/LaTabStueckliste.qml:62: TypeError: Cannot read property 'borderLight' of undefined
17:35:21.734 [WRN] qrc:/qt/qml/stroemling/qml/la/LaTabStueckliste.qml:50: TypeError: Cannot read property 'tableEven' of undefined
17:35:21.734 [WRN] qrc:/qt/qml/stroemling/qml/la/LaTabStueckliste.qml:54: TypeError: Cannot read property 'accent' of undefined
17:35:21.734 [WRN] qrc:/qt/qml/stroemling/qml/la/LaTabStueckliste.qml:55: TypeError: Cannot read property 'textSecondary' of undefined
17:35:21.734 [WRN] qrc:/qt/qml/stroemling/qml/la/LaTabStueckliste.qml:56: TypeError: Cannot read property 'textSecondary' of undefined
17:35:21.734 [WRN] qrc:/qt/qml/stroemling/qml/la/LaTabStueckliste.qml:57: TypeError: Cannot read property 'textSecondary' of undefined
17:35:21.734 [WRN] qrc:/qt/qml/stroemling/qml/la/LaTabStueckliste.qml:58: TypeError: Cannot read property 'accentLight' of undefined
17:35:21.734 [WRN] qrc:/qt/qml/stroemling/qml/la/LaTabStueckliste.qml:59: TypeError: Cannot read property 'accentLight' of undefined
17:35:21.734 [WRN] qrc:/qt/qml/stroemling/qml/la/LaTabStueckliste.qml:60: TypeError: Cannot read property 'accentLight' of undefined
17:35:21.734 [WRN] qrc:/qt/qml/stroemling/qml/la/LaTabStueckliste.qml:61: TypeError: Cannot read property 'borderLight' of undefined
17:35:21.734 [WRN] qrc:/qt/qml/stroemling/qml/la/LaTabStueckliste.qml:62: TypeError: Cannot read property 'borderLight' of undefined
17:35:21.735 [WRN] qrc:/qt/qml/stroemling/qml/la/LaTabStueckliste.qml:50: TypeError: Cannot read property 'tableOdd' of undefined
17:35:21.735 [WRN] qrc:/qt/qml/stroemling/qml/la/LaTabStueckliste.qml:54: TypeError: Cannot read property 'accent' of undefined
17:35:21.735 [WRN] qrc:/qt/qml/stroemling/qml/la/LaTabStueckliste.qml:55: TypeError: Cannot read property 'textSecondary' of undefined
17:35:21.735 [WRN] qrc:/qt/qml/stroemling/qml/la/LaTabStueckliste.qml:56: TypeError: Cannot read property 'textSecondary' of undefined
17:35:21.735 [WRN] qrc:/qt/qml/stroemling/qml/la/LaTabStueckliste.qml:57: TypeError: Cannot read property 'textSecondary' of undefined
17:35:21.735 [WRN] qrc:/qt/qml/stroemling/qml/la/LaTabStueckliste.qml:58: TypeError: Cannot read property 'accentLight' of undefined
17:35:21.735 [WRN] qrc:/qt/qml/stroemling/qml/la/LaTabStueckliste.qml:59: TypeError: Cannot read property 'accentLight' of undefined
17:35:21.735 [WRN] qrc:/qt/qml/stroemling/qml/la/LaTabStueckliste.qml:60: TypeError: Cannot read property 'accentLight' of undefined
17:35:21.735 [WRN] qrc:/qt/qml/stroemling/qml/la/LaTabStueckliste.qml:61: TypeError: Cannot read property 'borderLight' of undefined
17:35:21.735 [WRN] qrc:/qt/qml/stroemling/qml/la/LaTabStueckliste.qml:62: TypeError: Cannot read property 'borderLight' of undefined
17:35:56.503 [WRN] qrc:/qt/qml/stroemling/qml/la/LaTabStueckliste.qml:50: TypeError: Cannot read property 'tableOdd' of undefined
17:35:56.504 [WRN] qrc:/qt/qml/stroemling/qml/la/LaTabStueckliste.qml:50: TypeError: Cannot read property 'tableOdd' of undefined
17:35:56.504 [WRN] qrc:/qt/qml/stroemling/qml/la/LaTabStueckliste.qml:50: TypeError: Cannot read property 'tableOdd' of undefined
17:35:56.504 [WRN] qrc:/qt/qml/stroemling/qml/la/LaTabStueckliste.qml:50: TypeError: Cannot read property 'tableOdd' of undefined
17:35:56.504 [WRN] qrc:/qt/qml/stroemling/qml/la/LaTabStueckliste.qml:50: TypeError: Cannot read property 'tableOdd' of undefined
17:35:56.504 [WRN] qrc:/qt/qml/stroemling/qml/la/LaTabStueckliste.qml:50: TypeError: Cannot read property 'tableOdd' of undefined
17:35:56.504 [WRN] qrc:/qt/qml/stroemling/qml/la/LaTabStueckliste.qml:50: TypeError: Cannot read property 'tableOdd' of undefined
17:35:56.504 [WRN] qrc:/qt/qml/stroemling/qml/la/LaTabStueckliste.qml:50: TypeError: Cannot read property 'tableOdd' of undefined
17:35:56.504 [WRN] qrc:/qt/qml/stroemling/qml/la/LaTabStueckliste.qml:50: TypeError: Cannot read property 'tableOdd' of undefined
17:35:56.504 [WRN] qrc:/qt/qml/stroemling/qml/la/LaTabStueckliste.qml:50: TypeError: Cannot read property 'tableOdd' of undefined
17:35:56.504 [WRN] qrc:/qt/qml/stroemling/qml/la/LaTabStueckliste.qml:50: TypeError: Cannot read property 'tableOdd' of undefined
17:35:56.504 [WRN] qrc:/qt/qml/stroemling/qml/la/LaTabStueckliste.qml:50: TypeError: Cannot read property 'tableOdd' of undefined
17:35:56.504 [WRN] qrc:/qt/qml/stroemling/qml/la/LaTabStueckliste.qml:50: TypeError: Cannot read property 'tableOdd' of undefined
17:35:56.504 [WRN] qrc:/qt/qml/stroemling/qml/la/LaTabStueckliste.qml:50: TypeError: Cannot read property 'tableOdd' of undefined
17:35:56.504 [WRN] qrc:/qt/qml/stroemling/qml/la/LaTabStueckliste.qml:50: TypeError: Cannot read property 'tableOdd' of undefined
17:35:56.504 [WRN] qrc:/qt/qml/stroemling/qml/la/LaTabStueckliste.qml:50: TypeError: Cannot read property 'tableOdd' of undefined
17:35:56.504 [WRN] qrc:/qt/qml/stroemling/qml/la/LaTabStueckliste.qml:50: TypeError: Cannot read property 'tableOdd' of undefined
17:35:56.504 [WRN] qrc:/qt/qml/stroemling/qml/la/LaTabStueckliste.qml:50: TypeError: Cannot read property 'tableOdd' of undefined
17:35:56.552 [WRN] qrc:/qt/qml/stroemling/qml/la/LaTabStueckliste.qml:50: TypeError: Cannot read property 'tableEven' of undefined
17:35:56.552 [WRN] qrc:/qt/qml/stroemling/qml/la/LaTabStueckliste.qml:54: TypeError: Cannot read property 'accent' of undefined
17:35:56.552 [WRN] qrc:/qt/qml/stroemling/qml/la/LaTabStueckliste.qml:55: TypeError: Cannot read property 'textSecondary' of undefined
17:35:56.552 [WRN] qrc:/qt/qml/stroemling/qml/la/LaTabStueckliste.qml:56: TypeError: Cannot read property 'textSecondary' of undefined
17:35:56.552 [WRN] qrc:/qt/qml/stroemling/qml/la/LaTabStueckliste.qml:57: TypeError: Cannot read property 'textSecondary' of undefined
17:35:56.552 [WRN] qrc:/qt/qml/stroemling/qml/la/LaTabStueckliste.qml:58: TypeError: Cannot read property 'accentLight' of undefined
17:35:56.552 [WRN] qrc:/qt/qml/stroemling/qml/la/LaTabStueckliste.qml:59: TypeError: Cannot read property 'accentLight' of undefined
17:35:56.552 [WRN] qrc:/qt/qml/stroemling/qml/la/LaTabStueckliste.qml:60: TypeError: Cannot read property 'accentLight' of undefined
17:35:56.552 [WRN] qrc:/qt/qml/stroemling/qml/la/LaTabStueckliste.qml:61: TypeError: Cannot read property 'borderLight' of undefined
17:35:56.552 [WRN] qrc:/qt/qml/stroemling/qml/la/LaTabStueckliste.qml:62: TypeError: Cannot read property 'borderLight' of undefined
17:35:56.553 [WRN] qrc:/qt/qml/stroemling/qml/la/LaTabStueckliste.qml:50: TypeError: Cannot read property 'tableOdd' of undefined
17:35:56.553 [WRN] qrc:/qt/qml/stroemling/qml/la/LaTabStueckliste.qml:54: TypeError: Cannot read property 'accent' of undefined
17:35:56.553 [WRN] qrc:/qt/qml/stroemling/qml/la/LaTabStueckliste.qml:55: TypeError: Cannot read property 'textSecondary' of undefined
17:35:56.553 [WRN] qrc:/qt/qml/stroemling/qml/la/LaTabStueckliste.qml:56: TypeError: Cannot read property 'textSecondary' of undefined
17:35:56.553 [WRN] qrc:/qt/qml/stroemling/qml/la/LaTabStueckliste.qml:57: TypeError: Cannot read property 'textSecondary' of undefined
17:35:56.553 [WRN] qrc:/qt/qml/stroemling/qml/la/LaTabStueckliste.qml:58: TypeError: Cannot read property 'accentLight' of undefined
17:35:56.553 [WRN] qrc:/qt/qml/stroemling/qml/la/LaTabStueckliste.qml:59: TypeError: Cannot read property 'accentLight' of undefined
17:35:56.553 [WRN] qrc:/qt/qml/stroemling/qml/la/LaTabStueckliste.qml:60: TypeError: Cannot read property 'accentLight' of undefined
17:35:56.553 [WRN] qrc:/qt/qml/stroemling/qml/la/LaTabStueckliste.qml:61: TypeError: Cannot read property 'borderLight' of undefined
17:35:56.553 [WRN] qrc:/qt/qml/stroemling/qml/la/LaTabStueckliste.qml:62: TypeError: Cannot read property 'borderLight' of undefined
17:35:56.555 [WRN] qrc:/qt/qml/stroemling/qml/la/LaTabStueckliste.qml:50: TypeError: Cannot read property 'tableEven' of undefined
17:35:56.555 [WRN] qrc:/qt/qml/stroemling/qml/la/LaTabStueckliste.qml:54: TypeError: Cannot read property 'accent' of undefined
17:35:56.555 [WRN] qrc:/qt/qml/stroemling/qml/la/LaTabStueckliste.qml:55: TypeError: Cannot read property 'textSecondary' of undefined
17:35:56.555 [WRN] qrc:/qt/qml/stroemling/qml/la/LaTabStueckliste.qml:56: TypeError: Cannot read property 'textSecondary' of undefined
17:35:56.555 [WRN] qrc:/qt/qml/stroemling/qml/la/LaTabStueckliste.qml:57: TypeError: Cannot read property 'textSecondary' of undefined
17:35:56.555 [WRN] qrc:/qt/qml/stroemling/qml/la/LaTabStueckliste.qml:58: TypeError: Cannot read property 'accentLight' of undefined
17:35:56.555 [WRN] qrc:/qt/qml/stroemling/qml/la/LaTabStueckliste.qml:59: TypeError: Cannot read property 'accentLight' of undefined
17:35:56.555 [WRN] qrc:/qt/qml/stroemling/qml/la/LaTabStueckliste.qml:60: TypeError: Cannot read property 'accentLight' of undefined
17:35:56.555 [WRN] qrc:/qt/qml/stroemling/qml/la/LaTabStueckliste.qml:61: TypeError: Cannot read property 'borderLight' of undefined
17:35:56.555 [WRN] qrc:/qt/qml/stroemling/qml/la/LaTabStueckliste.qml:62: TypeError: Cannot read property 'borderLight' of undefined
17:35:56.556 [WRN] qrc:/qt/qml/stroemling/qml/la/LaTabStueckliste.qml:50: TypeError: Cannot read property 'tableOdd' of undefined
17:35:56.556 [WRN] qrc:/qt/qml/stroemling/qml/la/LaTabStueckliste.qml:54: TypeError: Cannot read property 'accent' of undefined
17:35:56.556 [WRN] qrc:/qt/qml/stroemling/qml/la/LaTabStueckliste.qml:55: TypeError: Cannot read property 'textSecondary' of undefined
17:35:56.556 [WRN] qrc:/qt/qml/stroemling/qml/la/LaTabStueckliste.qml:56: TypeError: Cannot read property 'textSecondary' of undefined
17:35:56.556 [WRN] qrc:/qt/qml/stroemling/qml/la/LaTabStueckliste.qml:57: TypeError: Cannot read property 'textSecondary' of undefined
17:35:56.556 [WRN] qrc:/qt/qml/stroemling/qml/la/LaTabStueckliste.qml:58: TypeError: Cannot read property 'accentLight' of undefined
17:35:56.556 [WRN] qrc:/qt/qml/stroemling/qml/la/LaTabStueckliste.qml:59: TypeError: Cannot read property 'accentLight' of undefined
17:35:56.556 [WRN] qrc:/qt/qml/stroemling/qml/la/LaTabStueckliste.qml:60: TypeError: Cannot read property 'accentLight' of undefined
17:35:56.556 [WRN] qrc:/qt/qml/stroemling/qml/la/LaTabStueckliste.qml:61: TypeError: Cannot read property 'borderLight' of undefined
17:35:56.556 [WRN] qrc:/qt/qml/stroemling/qml/la/LaTabStueckliste.qml:62: TypeError: Cannot read property 'borderLight' of undefined
17:35:56.557 [WRN] qrc:/qt/qml/stroemling/qml/la/LaTabStueckliste.qml:50: TypeError: Cannot read property 'tableEven' of undefined
17:35:56.557 [WRN] qrc:/qt/qml/stroemling/qml/la/LaTabStueckliste.qml:54: TypeError: Cannot read property 'accent' of undefined
17:35:56.557 [WRN] qrc:/qt/qml/stroemling/qml/la/LaTabStueckliste.qml:55: TypeError: Cannot read property 'textSecondary' of undefined
17:35:56.557 [WRN] qrc:/qt/qml/stroemling/qml/la/LaTabStueckliste.qml:56: TypeError: Cannot read property 'textSecondary' of undefined
17:35:56.557 [WRN] qrc:/qt/qml/stroemling/qml/la/LaTabStueckliste.qml:57: TypeError: Cannot read property 'textSecondary' of undefined
17:35:56.557 [WRN] qrc:/qt/qml/stroemling/qml/la/LaTabStueckliste.qml:58: TypeError: Cannot read property 'accentLight' of undefined
17:35:56.557 [WRN] qrc:/qt/qml/stroemling/qml/la/LaTabStueckliste.qml:59: TypeError: Cannot read property 'accentLight' of undefined
17:35:56.557 [WRN] qrc:/qt/qml/stroemling/qml/la/LaTabStueckliste.qml:60: TypeError: Cannot read property 'accentLight' of undefined
17:35:56.557 [WRN] qrc:/qt/qml/stroemling/qml/la/LaTabStueckliste.qml:61: TypeError: Cannot read property 'borderLight' of undefined
17:35:56.557 [WRN] qrc:/qt/qml/stroemling/qml/la/LaTabStueckliste.qml:62: TypeError: Cannot read property 'borderLight' of undefined
17:35:56.557 [WRN] qrc:/qt/qml/stroemling/qml/la/LaTabStueckliste.qml:50: TypeError: Cannot read property 'tableOdd' of undefined
17:35:56.557 [WRN] qrc:/qt/qml/stroemling/qml/la/LaTabStueckliste.qml:54: TypeError: Cannot read property 'accent' of undefined
17:35:56.557 [WRN] qrc:/qt/qml/stroemling/qml/la/LaTabStueckliste.qml:55: TypeError: Cannot read property 'textSecondary' of undefined
17:35:56.557 [WRN] qrc:/qt/qml/stroemling/qml/la/LaTabStueckliste.qml:56: TypeError: Cannot read property 'textSecondary' of undefined
17:35:56.557 [WRN] qrc:/qt/qml/stroemling/qml/la/LaTabStueckliste.qml:57: TypeError: Cannot read property 'textSecondary' of undefined
17:35:56.557 [WRN] qrc:/qt/qml/stroemling/qml/la/LaTabStueckliste.qml:58: TypeError: Cannot read property 'accentLight' of undefined
17:35:56.557 [WRN] qrc:/qt/qml/stroemling/qml/la/LaTabStueckliste.qml:59: TypeError: Cannot read property 'accentLight' of undefined
17:35:56.557 [WRN] qrc:/qt/qml/stroemling/qml/la/LaTabStueckliste.qml:60: TypeError: Cannot read property 'accentLight' of undefined
17:35:56.557 [WRN] qrc:/qt/qml/stroemling/qml/la/LaTabStueckliste.qml:61: TypeError: Cannot read property 'borderLight' of undefined
17:35:56.557 [WRN] qrc:/qt/qml/stroemling/qml/la/LaTabStueckliste.qml:62: TypeError: Cannot read property 'borderLight' of undefined
17:35:56.558 [WRN] qrc:/qt/qml/stroemling/qml/la/LaTabStueckliste.qml:50: TypeError: Cannot read property 'tableEven' of undefined
17:35:56.558 [WRN] qrc:/qt/qml/stroemling/qml/la/LaTabStueckliste.qml:54: TypeError: Cannot read property 'accent' of undefined
17:35:56.558 [WRN] qrc:/qt/qml/stroemling/qml/la/LaTabStueckliste.qml:55: TypeError: Cannot read property 'textSecondary' of undefined
17:35:56.558 [WRN] qrc:/qt/qml/stroemling/qml/la/LaTabStueckliste.qml:56: TypeError: Cannot read property 'textSecondary' of undefined
17:35:56.558 [WRN] qrc:/qt/qml/stroemling/qml/la/LaTabStueckliste.qml:57: TypeError: Cannot read property 'textSecondary' of undefined
17:35:56.558 [WRN] qrc:/qt/qml/stroemling/qml/la/LaTabStueckliste.qml:58: TypeError: Cannot read property 'accentLight' of undefined
17:35:56.558 [WRN] qrc:/qt/qml/stroemling/qml/la/LaTabStueckliste.qml:59: TypeError: Cannot read property 'accentLight' of undefined
17:35:56.558 [WRN] qrc:/qt/qml/stroemling/qml/la/LaTabStueckliste.qml:60: TypeError: Cannot read property 'accentLight' of undefined
17:35:56.558 [WRN] qrc:/qt/qml/stroemling/qml/la/LaTabStueckliste.qml:61: TypeError: Cannot read property 'borderLight' of undefined
17:35:56.558 [WRN] qrc:/qt/qml/stroemling/qml/la/LaTabStueckliste.qml:62: TypeError: Cannot read property 'borderLight' of undefined
17:35:56.558 [WRN] qrc:/qt/qml/stroemling/qml/la/LaTabStueckliste.qml:50: TypeError: Cannot read property 'tableOdd' of undefined
17:35:56.558 [WRN] qrc:/qt/qml/stroemling/qml/la/LaTabStueckliste.qml:54: TypeError: Cannot read property 'accent' of undefined
17:35:56.558 [WRN] qrc:/qt/qml/stroemling/qml/la/LaTabStueckliste.qml:55: TypeError: Cannot read property 'textSecondary' of undefined
17:35:56.559 [WRN] qrc:/qt/qml/stroemling/qml/la/LaTabStueckliste.qml:56: TypeError: Cannot read property 'textSecondary' of undefined
17:35:56.559 [WRN] qrc:/qt/qml/stroemling/qml/la/LaTabStueckliste.qml:57: TypeError: Cannot read property 'textSecondary' of undefined
17:35:56.559 [WRN] qrc:/qt/qml/stroemling/qml/la/LaTabStueckliste.qml:58: TypeError: Cannot read property 'accentLight' of undefined
17:35:56.559 [WRN] qrc:/qt/qml/stroemling/qml/la/LaTabStueckliste.qml:59: TypeError: Cannot read property 'accentLight' of undefined
17:35:56.559 [WRN] qrc:/qt/qml/stroemling/qml/la/LaTabStueckliste.qml:60: TypeError: Cannot read property 'accentLight' of undefined
17:35:56.559 [WRN] qrc:/qt/qml/stroemling/qml/la/LaTabStueckliste.qml:61: TypeError: Cannot read property 'borderLight' of undefined
17:35:56.559 [WRN] qrc:/qt/qml/stroemling/qml/la/LaTabStueckliste.qml:62: TypeError: Cannot read property 'borderLight' of undefined
17:35:56.559 [WRN] qrc:/qt/qml/stroemling/qml/la/LaTabStueckliste.qml:50: TypeError: Cannot read property 'tableEven' of undefined
17:35:56.559 [WRN] qrc:/qt/qml/stroemling/qml/la/LaTabStueckliste.qml:54: TypeError: Cannot read property 'accent' of undefined
17:35:56.559 [WRN] qrc:/qt/qml/stroemling/qml/la/LaTabStueckliste.qml:55: TypeError: Cannot read property 'textSecondary' of undefined
17:35:56.559 [WRN] qrc:/qt/qml/stroemling/qml/la/LaTabStueckliste.qml:56: TypeError: Cannot read property 'textSecondary' of undefined
17:35:56.559 [WRN] qrc:/qt/qml/stroemling/qml/la/LaTabStueckliste.qml:57: TypeError: Cannot read property 'textSecondary' of undefined
17:35:56.559 [WRN] qrc:/qt/qml/stroemling/qml/la/LaTabStueckliste.qml:58: TypeError: Cannot read property 'accentLight' of undefined
17:35:56.559 [WRN] qrc:/qt/qml/stroemling/qml/la/LaTabStueckliste.qml:59: TypeError: Cannot read property 'accentLight' of undefined
17:35:56.559 [WRN] qrc:/qt/qml/stroemling/qml/la/LaTabStueckliste.qml:60: TypeError: Cannot read property 'accentLight' of undefined
17:35:56.559 [WRN] qrc:/qt/qml/stroemling/qml/la/LaTabStueckliste.qml:61: TypeError: Cannot read property 'borderLight' of undefined
17:35:56.559 [WRN] qrc:/qt/qml/stroemling/qml/la/LaTabStueckliste.qml:62: TypeError: Cannot read property 'borderLight' of undefined
17:35:56.560 [WRN] qrc:/qt/qml/stroemling/qml/la/LaTabStueckliste.qml:50: TypeError: Cannot read property 'tableOdd' of undefined
17:35:56.560 [WRN] qrc:/qt/qml/stroemling/qml/la/LaTabStueckliste.qml:54: TypeError: Cannot read property 'accent' of undefined
17:35:56.560 [WRN] qrc:/qt/qml/stroemling/qml/la/LaTabStueckliste.qml:55: TypeError: Cannot read property 'textSecondary' of undefined
17:35:56.560 [WRN] qrc:/qt/qml/stroemling/qml/la/LaTabStueckliste.qml:56: TypeError: Cannot read property 'textSecondary' of undefined
17:35:56.560 [WRN] qrc:/qt/qml/stroemling/qml/la/LaTabStueckliste.qml:57: TypeError: Cannot read property 'textSecondary' of undefined
17:35:56.560 [WRN] qrc:/qt/qml/stroemling/qml/la/LaTabStueckliste.qml:58: TypeError: Cannot read property 'accentLight' of undefined
17:35:56.560 [WRN] qrc:/qt/qml/stroemling/qml/la/LaTabStueckliste.qml:59: TypeError: Cannot read property 'accentLight' of undefined
17:35:56.560 [WRN] qrc:/qt/qml/stroemling/qml/la/LaTabStueckliste.qml:60: TypeError: Cannot read property 'accentLight' of undefined
17:35:56.560 [WRN] qrc:/qt/qml/stroemling/qml/la/LaTabStueckliste.qml:61: TypeError: Cannot read property 'borderLight' of undefined
17:35:56.560 [WRN] qrc:/qt/qml/stroemling/qml/la/LaTabStueckliste.qml:62: TypeError: Cannot read property 'borderLight' of undefined
17:35:56.560 [WRN] qrc:/qt/qml/stroemling/qml/la/LaTabStueckliste.qml:50: TypeError: Cannot read property 'tableEven' of undefined
17:35:56.560 [WRN] qrc:/qt/qml/stroemling/qml/la/LaTabStueckliste.qml:54: TypeError: Cannot read property 'accent' of undefined
17:35:56.560 [WRN] qrc:/qt/qml/stroemling/qml/la/LaTabStueckliste.qml:55: TypeError: Cannot read property 'textSecondary' of undefined
17:35:56.560 [WRN] qrc:/qt/qml/stroemling/qml/la/LaTabStueckliste.qml:56: TypeError: Cannot read property 'textSecondary' of undefined
17:35:56.560 [WRN] qrc:/qt/qml/stroemling/qml/la/LaTabStueckliste.qml:57: TypeError: Cannot read property 'textSecondary' of undefined
17:35:56.560 [WRN] qrc:/qt/qml/stroemling/qml/la/LaTabStueckliste.qml:58: TypeError: Cannot read property 'accentLight' of undefined
17:35:56.560 [WRN] qrc:/qt/qml/stroemling/qml/la/LaTabStueckliste.qml:59: TypeError: Cannot read property 'accentLight' of undefined
17:35:56.560 [WRN] qrc:/qt/qml/stroemling/qml/la/LaTabStueckliste.qml:60: TypeError: Cannot read property 'accentLight' of undefined
17:35:56.560 [WRN] qrc:/qt/qml/stroemling/qml/la/LaTabStueckliste.qml:61: TypeError: Cannot read property 'borderLight' of undefined
17:35:56.560 [WRN] qrc:/qt/qml/stroemling/qml/la/LaTabStueckliste.qml:62: TypeError: Cannot read property 'borderLight' of undefined
17:35:56.561 [WRN] qrc:/qt/qml/stroemling/qml/la/LaTabStueckliste.qml:50: TypeError: Cannot read property 'tableOdd' of undefined
17:35:56.561 [WRN] qrc:/qt/qml/stroemling/qml/la/LaTabStueckliste.qml:54: TypeError: Cannot read property 'accent' of undefined
17:35:56.561 [WRN] qrc:/qt/qml/stroemling/qml/la/LaTabStueckliste.qml:55: TypeError: Cannot read property 'textSecondary' of undefined
17:35:56.561 [WRN] qrc:/qt/qml/stroemling/qml/la/LaTabStueckliste.qml:56: TypeError: Cannot read property 'textSecondary' of undefined
17:35:56.561 [WRN] qrc:/qt/qml/stroemling/qml/la/LaTabStueckliste.qml:57: TypeError: Cannot read property 'textSecondary' of undefined
17:35:56.561 [WRN] qrc:/qt/qml/stroemling/qml/la/LaTabStueckliste.qml:58: TypeError: Cannot read property 'accentLight' of undefined
17:35:56.561 [WRN] qrc:/qt/qml/stroemling/qml/la/LaTabStueckliste.qml:59: TypeError: Cannot read property 'accentLight' of undefined
17:35:56.561 [WRN] qrc:/qt/qml/stroemling/qml/la/LaTabStueckliste.qml:60: TypeError: Cannot read property 'accentLight' of undefined
17:35:56.561 [WRN] qrc:/qt/qml/stroemling/qml/la/LaTabStueckliste.qml:61: TypeError: Cannot read property 'borderLight' of undefined
17:35:56.561 [WRN] qrc:/qt/qml/stroemling/qml/la/LaTabStueckliste.qml:62: TypeError: Cannot read property 'borderLight' of undefined
17:35:56.562 [WRN] qrc:/qt/qml/stroemling/qml/la/LaTabStueckliste.qml:50: TypeError: Cannot read property 'tableEven' of undefined
17:35:56.562 [WRN] qrc:/qt/qml/stroemling/qml/la/LaTabStueckliste.qml:54: TypeError: Cannot read property 'accent' of undefined
17:35:56.562 [WRN] qrc:/qt/qml/stroemling/qml/la/LaTabStueckliste.qml:55: TypeError: Cannot read property 'textSecondary' of undefined
17:35:56.562 [WRN] qrc:/qt/qml/stroemling/qml/la/LaTabStueckliste.qml:56: TypeError: Cannot read property 'textSecondary' of undefined
17:35:56.562 [WRN] qrc:/qt/qml/stroemling/qml/la/LaTabStueckliste.qml:57: TypeError: Cannot read property 'textSecondary' of undefined
17:35:56.562 [WRN] qrc:/qt/qml/stroemling/qml/la/LaTabStueckliste.qml:58: TypeError: Cannot read property 'accentLight' of undefined
17:35:56.562 [WRN] qrc:/qt/qml/stroemling/qml/la/LaTabStueckliste.qml:59: TypeError: Cannot read property 'accentLight' of undefined
17:35:56.562 [WRN] qrc:/qt/qml/stroemling/qml/la/LaTabStueckliste.qml:60: TypeError: Cannot read property 'accentLight' of undefined
17:35:56.562 [WRN] qrc:/qt/qml/stroemling/qml/la/LaTabStueckliste.qml:61: TypeError: Cannot read property 'borderLight' of undefined
17:35:56.562 [WRN] qrc:/qt/qml/stroemling/qml/la/LaTabStueckliste.qml:62: TypeError: Cannot read property 'borderLight' of undefined
17:35:56.562 [WRN] qrc:/qt/qml/stroemling/qml/la/LaTabStueckliste.qml:50: TypeError: Cannot read property 'tableOdd' of undefined
17:35:56.562 [WRN] qrc:/qt/qml/stroemling/qml/la/LaTabStueckliste.qml:54: TypeError: Cannot read property 'accent' of undefined
17:35:56.562 [WRN] qrc:/qt/qml/stroemling/qml/la/LaTabStueckliste.qml:55: TypeError: Cannot read property 'textSecondary' of undefined
17:35:56.562 [WRN] qrc:/qt/qml/stroemling/qml/la/LaTabStueckliste.qml:56: TypeError: Cannot read property 'textSecondary' of undefined
17:35:56.562 [WRN] qrc:/qt/qml/stroemling/qml/la/LaTabStueckliste.qml:57: TypeError: Cannot read property 'textSecondary' of undefined
17:35:56.562 [WRN] qrc:/qt/qml/stroemling/qml/la/LaTabStueckliste.qml:58: TypeError: Cannot read property 'accentLight' of undefined
17:35:56.562 [WRN] qrc:/qt/qml/stroemling/qml/la/LaTabStueckliste.qml:59: TypeError: Cannot read property 'accentLight' of undefined
17:35:56.562 [WRN] qrc:/qt/qml/stroemling/qml/la/LaTabStueckliste.qml:60: TypeError: Cannot read property 'accentLight' of undefined
17:35:56.562 [WRN] qrc:/qt/qml/stroemling/qml/la/LaTabStueckliste.qml:61: TypeError: Cannot read property 'borderLight' of undefined
17:35:56.562 [WRN] qrc:/qt/qml/stroemling/qml/la/LaTabStueckliste.qml:62: TypeError: Cannot read property 'borderLight' of undefined
17:35:56.563 [WRN] qrc:/qt/qml/stroemling/qml/la/LaTabStueckliste.qml:50: TypeError: Cannot read property 'tableEven' of undefined
17:35:56.563 [WRN] qrc:/qt/qml/stroemling/qml/la/LaTabStueckliste.qml:54: TypeError: Cannot read property 'accent' of undefined
17:35:56.563 [WRN] qrc:/qt/qml/stroemling/qml/la/LaTabStueckliste.qml:55: TypeError: Cannot read property 'textSecondary' of undefined
17:35:56.563 [WRN] qrc:/qt/qml/stroemling/qml/la/LaTabStueckliste.qml:56: TypeError: Cannot read property 'textSecondary' of undefined
17:35:56.563 [WRN] qrc:/qt/qml/stroemling/qml/la/LaTabStueckliste.qml:57: TypeError: Cannot read property 'textSecondary' of undefined
17:35:56.563 [WRN] qrc:/qt/qml/stroemling/qml/la/LaTabStueckliste.qml:58: TypeError: Cannot read property 'accentLight' of undefined
17:35:56.563 [WRN] qrc:/qt/qml/stroemling/qml/la/LaTabStueckliste.qml:59: TypeError: Cannot read property 'accentLight' of undefined
17:35:56.563 [WRN] qrc:/qt/qml/stroemling/qml/la/LaTabStueckliste.qml:60: TypeError: Cannot read property 'accentLight' of undefined
17:35:56.563 [WRN] qrc:/qt/qml/stroemling/qml/la/LaTabStueckliste.qml:61: TypeError: Cannot read property 'borderLight' of undefined
17:35:56.563 [WRN] qrc:/qt/qml/stroemling/qml/la/LaTabStueckliste.qml:62: TypeError: Cannot read property 'borderLight' of undefined
17:35:56.563 [WRN] qrc:/qt/qml/stroemling/qml/la/LaTabStueckliste.qml:50: TypeError: Cannot read property 'tableOdd' of undefined
17:35:56.563 [WRN] qrc:/qt/qml/stroemling/qml/la/LaTabStueckliste.qml:54: TypeError: Cannot read property 'accent' of undefined
17:35:56.563 [WRN] qrc:/qt/qml/stroemling/qml/la/LaTabStueckliste.qml:55: TypeError: Cannot read property 'textSecondary' of undefined
17:35:56.563 [WRN] qrc:/qt/qml/stroemling/qml/la/LaTabStueckliste.qml:56: TypeError: Cannot read property 'textSecondary' of undefined
17:35:56.563 [WRN] qrc:/qt/qml/stroemling/qml/la/LaTabStueckliste.qml:57: TypeError: Cannot read property 'textSecondary' of undefined
17:35:56.563 [WRN] qrc:/qt/qml/stroemling/qml/la/LaTabStueckliste.qml:58: TypeError: Cannot read property 'accentLight' of undefined
17:35:56.563 [WRN] qrc:/qt/qml/stroemling/qml/la/LaTabStueckliste.qml:59: TypeError: Cannot read property 'accentLight' of undefined
17:35:56.563 [WRN] qrc:/qt/qml/stroemling/qml/la/LaTabStueckliste.qml:60: TypeError: Cannot read property 'accentLight' of undefined
17:35:56.563 [WRN] qrc:/qt/qml/stroemling/qml/la/LaTabStueckliste.qml:61: TypeError: Cannot read property 'borderLight' of undefined
17:35:56.563 [WRN] qrc:/qt/qml/stroemling/qml/la/LaTabStueckliste.qml:62: TypeError: Cannot read property 'borderLight' of undefined
17:35:56.564 [WRN] qrc:/qt/qml/stroemling/qml/la/LaTabStueckliste.qml:50: TypeError: Cannot read property 'tableEven' of undefined
17:35:56.564 [WRN] qrc:/qt/qml/stroemling/qml/la/LaTabStueckliste.qml:54: TypeError: Cannot read property 'accent' of undefined
17:35:56.564 [WRN] qrc:/qt/qml/stroemling/qml/la/LaTabStueckliste.qml:55: TypeError: Cannot read property 'textSecondary' of undefined
17:35:56.564 [WRN] qrc:/qt/qml/stroemling/qml/la/LaTabStueckliste.qml:56: TypeError: Cannot read property 'textSecondary' of undefined
17:35:56.564 [WRN] qrc:/qt/qml/stroemling/qml/la/LaTabStueckliste.qml:57: TypeError: Cannot read property 'textSecondary' of undefined
17:35:56.564 [WRN] qrc:/qt/qml/stroemling/qml/la/LaTabStueckliste.qml:58: TypeError: Cannot read property 'accentLight' of undefined
17:35:56.564 [WRN] qrc:/qt/qml/stroemling/qml/la/LaTabStueckliste.qml:59: TypeError: Cannot read property 'accentLight' of undefined
17:35:56.564 [WRN] qrc:/qt/qml/stroemling/qml/la/LaTabStueckliste.qml:60: TypeError: Cannot read property 'accentLight' of undefined
17:35:56.564 [WRN] qrc:/qt/qml/stroemling/qml/la/LaTabStueckliste.qml:61: TypeError: Cannot read property 'borderLight' of undefined
17:35:56.564 [WRN] qrc:/qt/qml/stroemling/qml/la/LaTabStueckliste.qml:62: TypeError: Cannot read property 'borderLight' of undefined
17:35:56.564 [WRN] qrc:/qt/qml/stroemling/qml/la/LaTabStueckliste.qml:50: TypeError: Cannot read property 'tableOdd' of undefined
17:35:56.564 [WRN] qrc:/qt/qml/stroemling/qml/la/LaTabStueckliste.qml:54: TypeError: Cannot read property 'accent' of undefined
17:35:56.565 [WRN] qrc:/qt/qml/stroemling/qml/la/LaTabStueckliste.qml:55: TypeError: Cannot read property 'textSecondary' of undefined
17:35:56.565 [WRN] qrc:/qt/qml/stroemling/qml/la/LaTabStueckliste.qml:56: TypeError: Cannot read property 'textSecondary' of undefined
17:35:56.565 [WRN] qrc:/qt/qml/stroemling/qml/la/LaTabStueckliste.qml:57: TypeError: Cannot read property 'textSecondary' of undefined
17:35:56.565 [WRN] qrc:/qt/qml/stroemling/qml/la/LaTabStueckliste.qml:58: TypeError: Cannot read property 'accentLight' of undefined
17:35:56.565 [WRN] qrc:/qt/qml/stroemling/qml/la/LaTabStueckliste.qml:59: TypeError: Cannot read property 'accentLight' of undefined
17:35:56.565 [WRN] qrc:/qt/qml/stroemling/qml/la/LaTabStueckliste.qml:60: TypeError: Cannot read property 'accentLight' of undefined
17:35:56.565 [WRN] qrc:/qt/qml/stroemling/qml/la/LaTabStueckliste.qml:61: TypeError: Cannot read property 'borderLight' of undefined
17:35:56.565 [WRN] qrc:/qt/qml/stroemling/qml/la/LaTabStueckliste.qml:62: TypeError: Cannot read property 'borderLight' of undefined
17:36:06.348 [WRN] qrc:/qt/qml/stroemling/qml/ibn/IbnBmSplit.qml:65: TypeError: Cannot read property 'textPrimary' of undefined
17:36:06.348 [WRN] qrc:/qt/qml/stroemling/qml/ibn/IbnBmSplit.qml:72: TypeError: Cannot read property 'textMuted' of undefined
17:36:06.350 [WRN] qrc:/qt/qml/stroemling/qml/ibn/IbnBmSplit.qml:65: TypeError: Cannot read property 'textPrimary' of undefined
17:36:06.350 [WRN] qrc:/qt/qml/stroemling/qml/ibn/IbnBmSplit.qml:72: TypeError: Cannot read property 'textMuted' of undefined
17:36:09.020 [WRN] qrc:/qt/qml/stroemling/qml/ibn/IbnBmSplit.qml:49: TypeError: Cannot read property 'activeItemAlt' of undefined
17:36:11.172 [WRN] qrc:/qt/qml/stroemling/qml/ibn/IbnBmSplit.qml:221: TypeError: Cannot read property 'inputBg' of undefined
17:36:11.172 [WRN] qrc:/qt/qml/stroemling/qml/ibn/IbnBmSplit.qml:221: TypeError: Cannot read property 'border' of undefined
17:36:11.172 [WRN] qrc:/qt/qml/stroemling/qml/ibn/IbnBmSplit.qml:252: TypeError: Cannot read property 'textPrimary' of undefined
17:36:11.172 [WRN] qrc:/qt/qml/stroemling/qml/ibn/IbnBmSplit.qml:241: TypeError: Cannot read property 'inputBg' of undefined
17:36:11.172 [WRN] qrc:/qt/qml/stroemling/qml/ibn/IbnBmSplit.qml:242: TypeError: Cannot read property 'border' of undefined
17:36:11.172 [WRN] qrc:/qt/qml/stroemling/qml/ibn/IbnBmSplit.qml:270: TypeError: Cannot read property 'textPrimary' of undefined
17:36:11.172 [WRN] qrc:/qt/qml/stroemling/qml/ibn/IbnBmSplit.qml:267: TypeError: Cannot read property 'inputBg' of undefined
17:36:11.172 [WRN] qrc:/qt/qml/stroemling/qml/ibn/IbnBmSplit.qml:267: TypeError: Cannot read property 'border' of undefined
17:36:11.172 [WRN] qrc:/qt/qml/stroemling/qml/ibn/IbnBmSplit.qml:211: TypeError: Cannot read property 'textMuted' of undefined
17:36:11.172 [WRN] qrc:/qt/qml/stroemling/qml/ibn/IbnBmSplit.qml:222: TypeError: Cannot read property 'textPrimary' of undefined
17:36:11.174 [WRN] qrc:/qt/qml/stroemling/qml/ibn/IbnBmSplit.qml:221: TypeError: Cannot read property 'inputBg' of undefined
17:36:11.174 [WRN] qrc:/qt/qml/stroemling/qml/ibn/IbnBmSplit.qml:221: TypeError: Cannot read property 'border' of undefined
17:36:11.174 [WRN] qrc:/qt/qml/stroemling/qml/ibn/IbnBmSplit.qml:252: TypeError: Cannot read property 'textPrimary' of undefined
17:36:11.174 [WRN] qrc:/qt/qml/stroemling/qml/ibn/IbnBmSplit.qml:241: TypeError: Cannot read property 'inputBg' of undefined
17:36:11.174 [WRN] qrc:/qt/qml/stroemling/qml/ibn/IbnBmSplit.qml:242: TypeError: Cannot read property 'border' of undefined
17:36:11.174 [WRN] qrc:/qt/qml/stroemling/qml/ibn/IbnBmSplit.qml:270: TypeError: Cannot read property 'textPrimary' of undefined
17:36:11.174 [WRN] qrc:/qt/qml/stroemling/qml/ibn/IbnBmSplit.qml:267: TypeError: Cannot read property 'inputBg' of undefined
17:36:11.174 [WRN] qrc:/qt/qml/stroemling/qml/ibn/IbnBmSplit.qml:267: TypeError: Cannot read property 'border' of undefined
17:36:11.174 [WRN] qrc:/qt/qml/stroemling/qml/ibn/IbnBmSplit.qml:211: TypeError: Cannot read property 'textMuted' of undefined
17:36:11.174 [WRN] qrc:/qt/qml/stroemling/qml/ibn/IbnBmSplit.qml:222: TypeError: Cannot read property 'textPrimary' of undefined
17:36:11.176 [WRN] qrc:/qt/qml/stroemling/qml/ibn/IbnBmSplit.qml:221: TypeError: Cannot read property 'inputBg' of undefined
17:36:11.176 [WRN] qrc:/qt/qml/stroemling/qml/ibn/IbnBmSplit.qml:221: TypeError: Cannot read property 'border' of undefined
17:36:11.176 [WRN] qrc:/qt/qml/stroemling/qml/ibn/IbnBmSplit.qml:252: TypeError: Cannot read property 'textPrimary' of undefined
17:36:11.176 [WRN] qrc:/qt/qml/stroemling/qml/ibn/IbnBmSplit.qml:241: TypeError: Cannot read property 'inputBg' of undefined
17:36:11.176 [WRN] qrc:/qt/qml/stroemling/qml/ibn/IbnBmSplit.qml:242: TypeError: Cannot read property 'border' of undefined
17:36:11.176 [WRN] qrc:/qt/qml/stroemling/qml/ibn/IbnBmSplit.qml:270: TypeError: Cannot read property 'textPrimary' of undefined
17:36:11.176 [WRN] qrc:/qt/qml/stroemling/qml/ibn/IbnBmSplit.qml:267: TypeError: Cannot read property 'inputBg' of undefined
17:36:11.176 [WRN] qrc:/qt/qml/stroemling/qml/ibn/IbnBmSplit.qml:267: TypeError: Cannot read property 'border' of undefined
17:36:11.176 [WRN] qrc:/qt/qml/stroemling/qml/ibn/IbnBmSplit.qml:211: TypeError: Cannot read property 'textMuted' of undefined
17:36:11.176 [WRN] qrc:/qt/qml/stroemling/qml/ibn/IbnBmSplit.qml:222: TypeError: Cannot read property 'textPrimary' of undefined
17:36:11.179 [WRN] qrc:/qt/qml/stroemling/qml/ibn/IbnBmSplit.qml:221: TypeError: Cannot read property 'inputBg' of undefined
17:36:11.179 [WRN] qrc:/qt/qml/stroemling/qml/ibn/IbnBmSplit.qml:221: TypeError: Cannot read property 'border' of undefined
17:36:11.179 [WRN] qrc:/qt/qml/stroemling/qml/ibn/IbnBmSplit.qml:252: TypeError: Cannot read property 'textPrimary' of undefined
17:36:11.179 [WRN] qrc:/qt/qml/stroemling/qml/ibn/IbnBmSplit.qml:241: TypeError: Cannot read property 'inputBg' of undefined
17:36:11.179 [WRN] qrc:/qt/qml/stroemling/qml/ibn/IbnBmSplit.qml:242: TypeError: Cannot read property 'border' of undefined
17:36:11.179 [WRN] qrc:/qt/qml/stroemling/qml/ibn/IbnBmSplit.qml:270: TypeError: Cannot read property 'textPrimary' of undefined
17:36:11.179 [WRN] qrc:/qt/qml/stroemling/qml/ibn/IbnBmSplit.qml:267: TypeError: Cannot read property 'inputBg' of undefined
17:36:11.179 [WRN] qrc:/qt/qml/stroemling/qml/ibn/IbnBmSplit.qml:267: TypeError: Cannot read property 'border' of undefined
17:36:11.179 [WRN] qrc:/qt/qml/stroemling/qml/ibn/IbnBmSplit.qml:211: TypeError: Cannot read property 'textMuted' of undefined
17:36:11.179 [WRN] qrc:/qt/qml/stroemling/qml/ibn/IbnBmSplit.qml:222: TypeError: Cannot read property 'textPrimary' of undefined
17:36:11.179 [WRN] qrc:/qt/qml/stroemling/qml/ibn/IbnBmSplit.qml:49: TypeError: Cannot read property 'activeItemAlt' of undefined
17:36:14.571 [WRN] qrc:/qt/qml/stroemling/qml/ibn/IbnBmSplit.qml:49: TypeError: Cannot read property 'activeItemAlt' of undefined
17:36:18.352 [WRN] qrc:/qt/qml/stroemling/qml/ep/EpKabelDefinitionSection.qml:212: TypeError: Cannot read property 'textMuted' of undefined
17:36:18.354 [WRN] qrc:/qt/qml/stroemling/qml/ep/EpBetriebsmittelSection.qml:462: TypeError: Cannot read property 'inputBg' of undefined
17:36:18.354 [WRN] qrc:/qt/qml/stroemling/qml/ep/EpBetriebsmittelSection.qml:462: TypeError: Cannot read property 'inputBg' of undefined
17:36:18.354 [WRN] qrc:/qt/qml/stroemling/qml/ep/EpBetriebsmittelSection.qml:462: TypeError: Cannot read property 'inputBg' of undefined
17:36:18.355 [WRN] qrc:/qt/qml/stroemling/qml/ep/EpBetriebsmittelSection.qml:462: TypeError: Cannot read property 'inputBg' of undefined
17:36:18.356 [WRN] qrc:/qt/qml/stroemling/qml/components/ColorPalette.qml:38: TypeError: Cannot read property 'borderDark' of undefined
17:36:18.356 [WRN] qrc:/qt/qml/stroemling/qml/components/ColorPalette.qml:38: TypeError: Cannot read property 'borderDark' of undefined
17:36:18.356 [WRN] qrc:/qt/qml/stroemling/qml/components/ColorPalette.qml:38: TypeError: Cannot read property 'borderDark' of undefined
17:36:18.356 [WRN] qrc:/qt/qml/stroemling/qml/components/ColorPalette.qml:38: TypeError: Cannot read property 'borderDark' of undefined
17:36:18.356 [WRN] qrc:/qt/qml/stroemling/qml/components/ColorPalette.qml:38: TypeError: Cannot read property 'borderDark' of undefined
17:36:18.356 [WRN] qrc:/qt/qml/stroemling/qml/components/ColorPalette.qml:38: TypeError: Cannot read property 'borderDark' of undefined
17:36:18.356 [WRN] qrc:/qt/qml/stroemling/qml/components/ColorPalette.qml:38: TypeError: Cannot read property 'borderDark' of undefined
17:36:18.356 [WRN] qrc:/qt/qml/stroemling/qml/components/ColorPalette.qml:38: TypeError: Cannot read property 'borderDark' of undefined
17:36:18.356 [WRN] qrc:/qt/qml/stroemling/qml/components/ColorPalette.qml:38: TypeError: Cannot read property 'borderDark' of undefined
17:36:18.356 [WRN] qrc:/qt/qml/stroemling/qml/components/ColorPalette.qml:38: TypeError: Cannot read property 'borderDark' of undefined
17:36:18.356 [WRN] qrc:/qt/qml/stroemling/qml/components/ColorPalette.qml:38: TypeError: Cannot read property 'borderDark' of undefined
17:36:18.356 [WRN] qrc:/qt/qml/stroemling/qml/components/ColorPalette.qml:38: TypeError: Cannot read property 'borderDark' of undefined
17:36:18.356 [WRN] qrc:/qt/qml/stroemling/qml/components/ColorPalette.qml:38: TypeError: Cannot read property 'borderDark' of undefined
17:36:18.356 [WRN] qrc:/qt/qml/stroemling/qml/components/ColorPalette.qml:38: TypeError: Cannot read property 'borderDark' of undefined
17:36:18.356 [WRN] qrc:/qt/qml/stroemling/qml/components/ColorPalette.qml:38: TypeError: Cannot read property 'borderDark' of undefined
17:36:18.356 [WRN] qrc:/qt/qml/stroemling/qml/components/ColorPalette.qml:38: TypeError: Cannot read property 'borderDark' of undefined
17:36:18.356 [WRN] qrc:/qt/qml/stroemling/qml/components/ColorPalette.qml:38: TypeError: Cannot read property 'borderDark' of undefined
17:36:18.356 [WRN] qrc:/qt/qml/stroemling/qml/components/ColorPalette.qml:38: TypeError: Cannot read property 'borderDark' of undefined
17:36:18.356 [WRN] qrc:/qt/qml/stroemling/qml/components/ColorPalette.qml:38: TypeError: Cannot read property 'borderDark' of undefined
17:36:18.357 [WRN] qrc:/qt/qml/stroemling/qml/components/ColorPalette.qml:38: TypeError: Cannot read property 'borderDark' of undefined
17:36:18.357 [WRN] qrc:/qt/qml/stroemling/qml/components/ColorPalette.qml:38: TypeError: Cannot read property 'borderDark' of undefined
17:36:18.357 [WRN] qrc:/qt/qml/stroemling/qml/components/ColorPalette.qml:38: TypeError: Cannot read property 'borderDark' of undefined
17:36:18.357 [WRN] qrc:/qt/qml/stroemling/qml/components/ColorPalette.qml:38: TypeError: Cannot read property 'borderDark' of undefined
17:36:18.357 [WRN] qrc:/qt/qml/stroemling/qml/components/ColorPalette.qml:38: TypeError: Cannot read property 'borderDark' of undefined
17:36:18.357 [WRN] qrc:/qt/qml/stroemling/qml/ep/EpTextInhaltSection.qml:147: TypeError: Cannot read property 'inputBg' of undefined
17:36:18.357 [WRN] qrc:/qt/qml/stroemling/qml/ep/EpTextInhaltSection.qml:108: TypeError: Cannot read property 'inputBg' of undefined
17:36:18.357 [WRN] qrc:/qt/qml/stroemling/qml/ep/EpBildSection.qml:134: TypeError: Cannot read property 'inputBg' of undefined
17:36:18.358 [WRN] qrc:/qt/qml/stroemling/qml/components/MiniButton.qml:19: TypeError: Cannot read property 'border' of undefined
17:36:18.358 [WRN] qrc:/qt/qml/stroemling/qml/components/MiniButton.qml:26: TypeError: Cannot read property 'textMuted' of undefined
17:36:18.358 [WRN] qrc:/qt/qml/stroemling/qml/components/MiniButton.qml:18: TypeError: Cannot read property 'inputBg' of undefined
17:36:18.358 [WRN] qrc:/qt/qml/stroemling/qml/ep/EpFuellungSection.qml:53: TypeError: Cannot read property 'inputBg' of undefined
17:36:18.358 [WRN] qrc:/qt/qml/stroemling/qml/ep/EpStilSection.qml:76: TypeError: Cannot read property 'border' of undefined
17:36:18.358 [WRN] qrc:/qt/qml/stroemling/qml/ep/EpStilSection.qml:78: TypeError: Cannot read property 'accent' of undefined
17:36:18.358 [WRN] qrc:/qt/qml/stroemling/qml/ep/EpStilSection.qml:58: TypeError: Cannot read property 'divider' of undefined
17:36:18.358 [WRN] qrc:/qt/qml/stroemling/qml/ep/EpStilSection.qml:60: TypeError: Cannot read property 'borderDark' of undefined
17:36:18.361 [WRN] qrc:/qt/qml/stroemling/qml/components/MiniButton.qml:19: TypeError: Cannot read property 'border' of undefined
17:36:18.361 [WRN] qrc:/qt/qml/stroemling/qml/components/MiniButton.qml:26: TypeError: Cannot read property 'textMuted' of undefined
17:36:18.361 [WRN] qrc:/qt/qml/stroemling/qml/components/MiniButton.qml:18: TypeError: Cannot read property 'inputBg' of undefined
17:36:18.361 [WRN] qrc:/qt/qml/stroemling/qml/components/MiniButton.qml:19: TypeError: Cannot read property 'accent' of undefined
17:36:18.361 [WRN] qrc:/qt/qml/stroemling/qml/components/MiniButton.qml:26: TypeError: Cannot read property 'accent' of undefined
17:36:18.361 [WRN] qrc:/qt/qml/stroemling/qml/components/MiniButton.qml:18: TypeError: Cannot read property 'activeItemAlt' of undefined
17:36:18.362 [WRN] qrc:/qt/qml/stroemling/qml/components/MiniButton.qml:19: TypeError: Cannot read property 'border' of undefined
17:36:18.362 [WRN] qrc:/qt/qml/stroemling/qml/components/MiniButton.qml:26: TypeError: Cannot read property 'textMuted' of undefined
17:36:18.362 [WRN] qrc:/qt/qml/stroemling/qml/components/MiniButton.qml:18: TypeError: Cannot read property 'inputBg' of undefined
17:36:18.362 [WRN] qrc:/qt/qml/stroemling/qml/components/MiniButton.qml:19: TypeError: Cannot read property 'accent' of undefined
17:36:18.362 [WRN] qrc:/qt/qml/stroemling/qml/components/MiniButton.qml:26: TypeError: Cannot read property 'accent' of undefined
17:36:18.362 [WRN] qrc:/qt/qml/stroemling/qml/components/MiniButton.qml:18: TypeError: Cannot read property 'activeItemAlt' of undefined
17:36:18.362 [WRN] qrc:/qt/qml/stroemling/qml/components/MiniButton.qml:19: TypeError: Cannot read property 'border' of undefined
17:36:18.362 [WRN] qrc:/qt/qml/stroemling/qml/components/MiniButton.qml:26: TypeError: Cannot read property 'textMuted' of undefined
17:36:18.362 [WRN] qrc:/qt/qml/stroemling/qml/components/MiniButton.qml:18: TypeError: Cannot read property 'inputBg' of undefined
17:36:18.362 [WRN] qrc:/qt/qml/stroemling/qml/components/MiniButton.qml:19: TypeError: Cannot read property 'accent' of undefined
17:36:18.362 [WRN] qrc:/qt/qml/stroemling/qml/components/MiniButton.qml:26: TypeError: Cannot read property 'accent' of undefined
17:36:18.362 [WRN] qrc:/qt/qml/stroemling/qml/components/MiniButton.qml:18: TypeError: Cannot read property 'activeItemAlt' of undefined
17:36:18.362 [WRN] spsKanalListe: "Parameter count mismatch"
17:36:18.362 [WRN] qrc:/qt/qml/stroemling/qml/ep/EpMehrfachauswahlSection.qml:16: TypeError: Cannot read property 'elementeModel' of undefined
17:36:18.363 [WRN] qrc:/qt/qml/stroemling/qml/ep/EpKabelDefinitionSection.qml:212: TypeError: Cannot read property 'textMuted' of undefined
17:36:18.364 [WRN] qrc:/qt/qml/stroemling/qml/ep/EpBetriebsmittelSection.qml:462: TypeError: Cannot read property 'inputBg' of undefined
17:36:18.364 [WRN] qrc:/qt/qml/stroemling/qml/ep/EpBetriebsmittelSection.qml:462: TypeError: Cannot read property 'inputBg' of undefined
17:36:18.364 [WRN] qrc:/qt/qml/stroemling/qml/ep/EpBetriebsmittelSection.qml:462: TypeError: Cannot read property 'inputBg' of undefined
17:36:18.364 [WRN] qrc:/qt/qml/stroemling/qml/ep/EpBetriebsmittelSection.qml:462: TypeError: Cannot read property 'inputBg' of undefined
17:36:18.364 [WRN] qrc:/qt/qml/stroemling/qml/ep/EpTextInhaltSection.qml:147: TypeError: Cannot read property 'inputBg' of undefined
17:36:18.364 [WRN] qrc:/qt/qml/stroemling/qml/ep/EpTextInhaltSection.qml:108: TypeError: Cannot read property 'inputBg' of undefined
17:36:18.364 [WRN] qrc:/qt/qml/stroemling/qml/ep/EpBildSection.qml:134: TypeError: Cannot read property 'inputBg' of undefined
17:36:18.364 [WRN] qrc:/qt/qml/stroemling/qml/ep/EpFuellungSection.qml:53: TypeError: Cannot read property 'inputBg' of undefined
17:36:18.365 [WRN] spsKanalListe: "Parameter count mismatch"
17:36:24.386 [WRN] qrc:/qt/qml/stroemling/qml/ep/EpKabelDefinitionSection.qml:212: TypeError: Cannot read property 'textMuted' of undefined
17:36:24.387 [WRN] qrc:/qt/qml/stroemling/qml/ep/EpBetriebsmittelSection.qml:462: TypeError: Cannot read property 'inputBg' of undefined
17:36:24.387 [WRN] qrc:/qt/qml/stroemling/qml/ep/EpBetriebsmittelSection.qml:462: TypeError: Cannot read property 'inputBg' of undefined
17:36:24.387 [WRN] qrc:/qt/qml/stroemling/qml/ep/EpBetriebsmittelSection.qml:462: TypeError: Cannot read property 'inputBg' of undefined
17:36:24.387 [WRN] qrc:/qt/qml/stroemling/qml/ep/EpBetriebsmittelSection.qml:462: TypeError: Cannot read property 'inputBg' of undefined
17:36:24.388 [WRN] qrc:/qt/qml/stroemling/qml/components/ColorPalette.qml:38: TypeError: Cannot read property 'borderDark' of undefined
17:36:24.388 [WRN] qrc:/qt/qml/stroemling/qml/components/ColorPalette.qml:38: TypeError: Cannot read property 'borderDark' of undefined
17:36:24.388 [WRN] qrc:/qt/qml/stroemling/qml/components/ColorPalette.qml:38: TypeError: Cannot read property 'borderDark' of undefined
17:36:24.388 [WRN] qrc:/qt/qml/stroemling/qml/components/ColorPalette.qml:38: TypeError: Cannot read property 'borderDark' of undefined
17:36:24.388 [WRN] qrc:/qt/qml/stroemling/qml/components/ColorPalette.qml:38: TypeError: Cannot read property 'borderDark' of undefined
17:36:24.388 [WRN] qrc:/qt/qml/stroemling/qml/components/ColorPalette.qml:38: TypeError: Cannot read property 'borderDark' of undefined
17:36:24.388 [WRN] qrc:/qt/qml/stroemling/qml/components/ColorPalette.qml:38: TypeError: Cannot read property 'borderDark' of undefined
17:36:24.388 [WRN] qrc:/qt/qml/stroemling/qml/components/ColorPalette.qml:38: TypeError: Cannot read property 'borderDark' of undefined
17:36:24.388 [WRN] qrc:/qt/qml/stroemling/qml/components/ColorPalette.qml:38: TypeError: Cannot read property 'borderDark' of undefined
17:36:24.388 [WRN] qrc:/qt/qml/stroemling/qml/components/ColorPalette.qml:38: TypeError: Cannot read property 'borderDark' of undefined
17:36:24.388 [WRN] qrc:/qt/qml/stroemling/qml/components/ColorPalette.qml:38: TypeError: Cannot read property 'borderDark' of undefined
17:36:24.388 [WRN] qrc:/qt/qml/stroemling/qml/components/ColorPalette.qml:38: TypeError: Cannot read property 'borderDark' of undefined
17:36:24.388 [WRN] qrc:/qt/qml/stroemling/qml/components/ColorPalette.qml:38: TypeError: Cannot read property 'borderDark' of undefined
17:36:24.388 [WRN] qrc:/qt/qml/stroemling/qml/components/ColorPalette.qml:38: TypeError: Cannot read property 'borderDark' of undefined
17:36:24.388 [WRN] qrc:/qt/qml/stroemling/qml/components/ColorPalette.qml:38: TypeError: Cannot read property 'borderDark' of undefined
17:36:24.388 [WRN] qrc:/qt/qml/stroemling/qml/components/ColorPalette.qml:38: TypeError: Cannot read property 'borderDark' of undefined
17:36:24.388 [WRN] qrc:/qt/qml/stroemling/qml/components/ColorPalette.qml:38: TypeError: Cannot read property 'borderDark' of undefined
17:36:24.388 [WRN] qrc:/qt/qml/stroemling/qml/components/ColorPalette.qml:38: TypeError: Cannot read property 'borderDark' of undefined
17:36:24.388 [WRN] qrc:/qt/qml/stroemling/qml/components/ColorPalette.qml:38: TypeError: Cannot read property 'borderDark' of undefined
17:36:24.388 [WRN] qrc:/qt/qml/stroemling/qml/components/ColorPalette.qml:38: TypeError: Cannot read property 'borderDark' of undefined
17:36:24.388 [WRN] qrc:/qt/qml/stroemling/qml/components/ColorPalette.qml:38: TypeError: Cannot read property 'borderDark' of undefined
17:36:24.388 [WRN] qrc:/qt/qml/stroemling/qml/components/ColorPalette.qml:38: TypeError: Cannot read property 'borderDark' of undefined
17:36:24.388 [WRN] qrc:/qt/qml/stroemling/qml/ep/EpTextInhaltSection.qml:147: TypeError: Cannot read property 'inputBg' of undefined
17:36:24.388 [WRN] qrc:/qt/qml/stroemling/qml/ep/EpTextInhaltSection.qml:108: TypeError: Cannot read property 'inputBg' of undefined
17:36:24.389 [WRN] qrc:/qt/qml/stroemling/qml/ep/EpBildSection.qml:134: TypeError: Cannot read property 'inputBg' of undefined
17:36:24.389 [WRN] qrc:/qt/qml/stroemling/qml/components/MiniButton.qml:19: TypeError: Cannot read property 'accent' of undefined
17:36:24.389 [WRN] qrc:/qt/qml/stroemling/qml/components/MiniButton.qml:26: TypeError: Cannot read property 'accent' of undefined
17:36:24.389 [WRN] qrc:/qt/qml/stroemling/qml/components/MiniButton.qml:18: TypeError: Cannot read property 'activeItemAlt' of undefined
17:36:24.389 [WRN] qrc:/qt/qml/stroemling/qml/ep/EpFuellungSection.qml:53: TypeError: Cannot read property 'inputBg' of undefined
17:36:24.390 [WRN] qrc:/qt/qml/stroemling/qml/components/MiniButton.qml:19: TypeError: Cannot read property 'accent' of undefined
17:36:24.390 [WRN] qrc:/qt/qml/stroemling/qml/components/MiniButton.qml:26: TypeError: Cannot read property 'accent' of undefined
17:36:24.390 [WRN] qrc:/qt/qml/stroemling/qml/components/MiniButton.qml:18: TypeError: Cannot read property 'activeItemAlt' of undefined
17:36:24.390 [WRN] qrc:/qt/qml/stroemling/qml/components/MiniButton.qml:19: TypeError: Cannot read property 'border' of undefined
17:36:24.390 [WRN] qrc:/qt/qml/stroemling/qml/components/MiniButton.qml:26: TypeError: Cannot read property 'textMuted' of undefined
17:36:24.390 [WRN] qrc:/qt/qml/stroemling/qml/components/MiniButton.qml:18: TypeError: Cannot read property 'inputBg' of undefined
17:36:24.390 [WRN] qrc:/qt/qml/stroemling/qml/components/MiniButton.qml:19: TypeError: Cannot read property 'accent' of undefined
17:36:24.391 [WRN] qrc:/qt/qml/stroemling/qml/components/MiniButton.qml:26: TypeError: Cannot read property 'accent' of undefined
17:36:24.391 [WRN] qrc:/qt/qml/stroemling/qml/components/MiniButton.qml:18: TypeError: Cannot read property 'activeItemAlt' of undefined
17:36:24.391 [WRN] qrc:/qt/qml/stroemling/qml/components/MiniButton.qml:19: TypeError: Cannot read property 'border' of undefined
17:36:24.391 [WRN] qrc:/qt/qml/stroemling/qml/components/MiniButton.qml:26: TypeError: Cannot read property 'textMuted' of undefined
17:36:24.391 [WRN] qrc:/qt/qml/stroemling/qml/components/MiniButton.qml:18: TypeError: Cannot read property 'inputBg' of undefined
17:36:24.391 [WRN] qrc:/qt/qml/stroemling/qml/components/MiniButton.qml:19: TypeError: Cannot read property 'accent' of undefined
17:36:24.391 [WRN] qrc:/qt/qml/stroemling/qml/components/MiniButton.qml:26: TypeError: Cannot read property 'accent' of undefined
17:36:24.391 [WRN] qrc:/qt/qml/stroemling/qml/components/MiniButton.qml:18: TypeError: Cannot read property 'activeItemAlt' of undefined
17:36:24.391 [WRN] qrc:/qt/qml/stroemling/qml/components/MiniButton.qml:19: TypeError: Cannot read property 'border' of undefined
17:36:24.391 [WRN] qrc:/qt/qml/stroemling/qml/components/MiniButton.qml:26: TypeError: Cannot read property 'textMuted' of undefined
17:36:24.391 [WRN] qrc:/qt/qml/stroemling/qml/components/MiniButton.qml:18: TypeError: Cannot read property 'inputBg' of undefined
17:36:24.391 [WRN] spsKanalListe: "Parameter count mismatch"
17:36:24.392 [WRN] qrc:/qt/qml/stroemling/qml/ep/EpKabelDefinitionSection.qml:212: TypeError: Cannot read property 'textMuted' of undefined
17:36:24.393 [WRN] qrc:/qt/qml/stroemling/qml/ep/EpBetriebsmittelSection.qml:462: TypeError: Cannot read property 'inputBg' of undefined
17:36:24.393 [WRN] qrc:/qt/qml/stroemling/qml/ep/EpBetriebsmittelSection.qml:462: TypeError: Cannot read property 'inputBg' of undefined
17:36:24.393 [WRN] qrc:/qt/qml/stroemling/qml/ep/EpBetriebsmittelSection.qml:462: TypeError: Cannot read property 'inputBg' of undefined
17:36:24.393 [WRN] qrc:/qt/qml/stroemling/qml/ep/EpBetriebsmittelSection.qml:462: TypeError: Cannot read property 'inputBg' of undefined
17:36:24.393 [WRN] qrc:/qt/qml/stroemling/qml/components/ColorPalette.qml:38: TypeError: Cannot read property 'borderDark' of undefined
17:36:24.393 [WRN] qrc:/qt/qml/stroemling/qml/components/ColorPalette.qml:38: TypeError: Cannot read property 'borderDark' of undefined
17:36:24.393 [WRN] qrc:/qt/qml/stroemling/qml/components/ColorPalette.qml:38: TypeError: Cannot read property 'borderDark' of undefined
17:36:24.393 [WRN] qrc:/qt/qml/stroemling/qml/components/ColorPalette.qml:38: TypeError: Cannot read property 'borderDark' of undefined
17:36:24.393 [WRN] qrc:/qt/qml/stroemling/qml/components/ColorPalette.qml:38: TypeError: Cannot read property 'borderDark' of undefined
17:36:24.393 [WRN] qrc:/qt/qml/stroemling/qml/components/ColorPalette.qml:38: TypeError: Cannot read property 'borderDark' of undefined
17:36:24.393 [WRN] qrc:/qt/qml/stroemling/qml/components/ColorPalette.qml:38: TypeError: Cannot read property 'borderDark' of undefined
17:36:24.393 [WRN] qrc:/qt/qml/stroemling/qml/components/ColorPalette.qml:38: TypeError: Cannot read property 'borderDark' of undefined
17:36:24.393 [WRN] qrc:/qt/qml/stroemling/qml/components/ColorPalette.qml:38: TypeError: Cannot read property 'borderDark' of undefined
17:36:24.393 [WRN] qrc:/qt/qml/stroemling/qml/components/ColorPalette.qml:38: TypeError: Cannot read property 'borderDark' of undefined
17:36:24.393 [WRN] qrc:/qt/qml/stroemling/qml/components/ColorPalette.qml:38: TypeError: Cannot read property 'borderDark' of undefined
17:36:24.393 [WRN] qrc:/qt/qml/stroemling/qml/components/ColorPalette.qml:38: TypeError: Cannot read property 'borderDark' of undefined
17:36:24.393 [WRN] qrc:/qt/qml/stroemling/qml/components/ColorPalette.qml:38: TypeError: Cannot read property 'borderDark' of undefined
17:36:24.394 [WRN] qrc:/qt/qml/stroemling/qml/components/ColorPalette.qml:38: TypeError: Cannot read property 'borderDark' of undefined
17:36:24.394 [WRN] qrc:/qt/qml/stroemling/qml/components/ColorPalette.qml:38: TypeError: Cannot read property 'borderDark' of undefined
17:36:24.394 [WRN] qrc:/qt/qml/stroemling/qml/components/ColorPalette.qml:38: TypeError: Cannot read property 'borderDark' of undefined
17:36:24.394 [WRN] qrc:/qt/qml/stroemling/qml/components/ColorPalette.qml:38: TypeError: Cannot read property 'borderDark' of undefined
17:36:24.394 [WRN] qrc:/qt/qml/stroemling/qml/components/ColorPalette.qml:38: TypeError: Cannot read property 'borderDark' of undefined
17:36:24.394 [WRN] qrc:/qt/qml/stroemling/qml/components/ColorPalette.qml:38: TypeError: Cannot read property 'borderDark' of undefined
17:36:24.394 [WRN] qrc:/qt/qml/stroemling/qml/components/ColorPalette.qml:38: TypeError: Cannot read property 'borderDark' of undefined
17:36:24.394 [WRN] qrc:/qt/qml/stroemling/qml/components/ColorPalette.qml:38: TypeError: Cannot read property 'borderDark' of undefined
17:36:24.394 [WRN] qrc:/qt/qml/stroemling/qml/components/ColorPalette.qml:38: TypeError: Cannot read property 'borderDark' of undefined
17:36:24.394 [WRN] qrc:/qt/qml/stroemling/qml/components/ColorPalette.qml:38: TypeError: Cannot read property 'borderDark' of undefined
17:36:24.395 [WRN] qrc:/qt/qml/stroemling/qml/components/ColorPalette.qml:38: TypeError: Cannot read property 'borderDark' of undefined
17:36:24.395 [WRN] qrc:/qt/qml/stroemling/qml/ep/EpTextInhaltSection.qml:147: TypeError: Cannot read property 'inputBg' of undefined
17:36:24.395 [WRN] qrc:/qt/qml/stroemling/qml/ep/EpTextInhaltSection.qml:108: TypeError: Cannot read property 'inputBg' of undefined
17:36:24.395 [WRN] qrc:/qt/qml/stroemling/qml/ep/EpBildSection.qml:134: TypeError: Cannot read property 'inputBg' of undefined
17:36:24.395 [WRN] qrc:/qt/qml/stroemling/qml/ep/EpFuellungSection.qml:53: TypeError: Cannot read property 'inputBg' of undefined
17:36:24.395 [WRN] qrc:/qt/qml/stroemling/qml/ep/EpStilSection.qml:76: TypeError: Cannot read property 'border' of undefined
17:36:24.395 [WRN] qrc:/qt/qml/stroemling/qml/ep/EpStilSection.qml:78: TypeError: Cannot read property 'accent' of undefined
17:36:24.395 [WRN] qrc:/qt/qml/stroemling/qml/ep/EpStilSection.qml:58: TypeError: Cannot read property 'border' of undefined
17:36:24.395 [WRN] qrc:/qt/qml/stroemling/qml/ep/EpStilSection.qml:60: TypeError: Cannot read property 'accent' of undefined
17:36:24.396 [WRN] spsKanalListe: "Parameter count mismatch"
17:36:24.396 [WRN] qrc:/qt/qml/stroemling/qml/ep/EpMehrfachauswahlSection.qml:16: TypeError: Cannot read property 'elementeModel' of undefined
17:36:35.318 [WRN] qrc:/qt/qml/stroemling/qml/ibn/IbnBmSplit.qml:20: TypeError: Cannot read property 'activeItem' of undefined
17:36:35.617 [WRN] qrc:/qt/qml/stroemling/qml/ibn/IbnBmSplit.qml:20: TypeError: Cannot read property 'border' of undefined
17:36:40.351 [WRN] qrc:/qt/qml/stroemling/qml/ep/EpKabelDefinitionSection.qml:318:13: Unable to assign [undefined] to bool
17:36:40.351 [WRN] qrc:/qt/qml/stroemling/qml/ep/EpKabelDefinitionSection.qml:212: TypeError: Cannot read property 'textMuted' of undefined
17:36:40.351 [WRN] qrc:/qt/qml/stroemling/qml/ep/EpMakrokastenSection.qml:150:17: Unable to assign [undefined] to bool
17:36:40.352 [WRN] qrc:/qt/qml/stroemling/qml/ep/EpQuerverweisSection.qml:117:17: Unable to assign [undefined] to bool
17:36:40.352 [WRN] qrc:/qt/qml/stroemling/qml/ep/EpQuerverweisSection.qml:96:17: Unable to assign [undefined] to bool
17:36:40.352 [WRN] qrc:/qt/qml/stroemling/qml/ep/EpBetriebsmittelSection.qml:462: TypeError: Cannot read property 'inputBg' of undefined
17:36:40.352 [WRN] qrc:/qt/qml/stroemling/qml/ep/EpBetriebsmittelSection.qml:462: TypeError: Cannot read property 'inputBg' of undefined
17:36:40.352 [WRN] qrc:/qt/qml/stroemling/qml/ep/EpBetriebsmittelSection.qml:462: TypeError: Cannot read property 'inputBg' of undefined
17:36:40.352 [WRN] qrc:/qt/qml/stroemling/qml/ep/EpBetriebsmittelSection.qml:462: TypeError: Cannot read property 'inputBg' of undefined
17:36:40.353 [WRN] qrc:/qt/qml/stroemling/qml/components/ColorPalette.qml:38: TypeError: Cannot read property 'borderDark' of undefined
17:36:40.353 [WRN] qrc:/qt/qml/stroemling/qml/components/ColorPalette.qml:38: TypeError: Cannot read property 'borderDark' of undefined
17:36:40.353 [WRN] qrc:/qt/qml/stroemling/qml/components/ColorPalette.qml:38: TypeError: Cannot read property 'borderDark' of undefined
17:36:40.353 [WRN] qrc:/qt/qml/stroemling/qml/components/ColorPalette.qml:38: TypeError: Cannot read property 'borderDark' of undefined
17:36:40.353 [WRN] qrc:/qt/qml/stroemling/qml/components/ColorPalette.qml:38: TypeError: Cannot read property 'borderDark' of undefined
17:36:40.353 [WRN] qrc:/qt/qml/stroemling/qml/components/ColorPalette.qml:38: TypeError: Cannot read property 'borderDark' of undefined
17:36:40.353 [WRN] qrc:/qt/qml/stroemling/qml/components/ColorPalette.qml:38: TypeError: Cannot read property 'borderDark' of undefined
17:36:40.353 [WRN] qrc:/qt/qml/stroemling/qml/components/ColorPalette.qml:38: TypeError: Cannot read property 'borderDark' of undefined
17:36:40.353 [WRN] qrc:/qt/qml/stroemling/qml/components/ColorPalette.qml:38: TypeError: Cannot read property 'borderDark' of undefined
17:36:40.353 [WRN] qrc:/qt/qml/stroemling/qml/components/ColorPalette.qml:38: TypeError: Cannot read property 'borderDark' of undefined
17:36:40.353 [WRN] qrc:/qt/qml/stroemling/qml/components/ColorPalette.qml:38: TypeError: Cannot read property 'borderDark' of undefined
17:36:40.353 [WRN] qrc:/qt/qml/stroemling/qml/components/ColorPalette.qml:38: TypeError: Cannot read property 'borderDark' of undefined
17:36:40.354 [WRN] qrc:/qt/qml/stroemling/qml/components/ColorPalette.qml:38: TypeError: Cannot read property 'borderDark' of undefined
17:36:40.354 [WRN] qrc:/qt/qml/stroemling/qml/components/ColorPalette.qml:38: TypeError: Cannot read property 'borderDark' of undefined
17:36:40.354 [WRN] qrc:/qt/qml/stroemling/qml/components/ColorPalette.qml:38: TypeError: Cannot read property 'borderDark' of undefined
17:36:40.354 [WRN] qrc:/qt/qml/stroemling/qml/components/ColorPalette.qml:38: TypeError: Cannot read property 'borderDark' of undefined
17:36:40.354 [WRN] qrc:/qt/qml/stroemling/qml/components/ColorPalette.qml:38: TypeError: Cannot read property 'borderDark' of undefined
17:36:40.354 [WRN] qrc:/qt/qml/stroemling/qml/components/ColorPalette.qml:38: TypeError: Cannot read property 'borderDark' of undefined
17:36:40.354 [WRN] qrc:/qt/qml/stroemling/qml/components/ColorPalette.qml:38: TypeError: Cannot read property 'borderDark' of undefined
17:36:40.354 [WRN] qrc:/qt/qml/stroemling/qml/components/ColorPalette.qml:38: TypeError: Cannot read property 'borderDark' of undefined
17:36:40.354 [WRN] qrc:/qt/qml/stroemling/qml/components/ColorPalette.qml:38: TypeError: Cannot read property 'borderDark' of undefined
17:36:40.354 [WRN] qrc:/qt/qml/stroemling/qml/components/ColorPalette.qml:38: TypeError: Cannot read property 'borderDark' of undefined
17:36:40.354 [WRN] qrc:/qt/qml/stroemling/qml/components/ColorPalette.qml:38: TypeError: Cannot read property 'borderDark' of undefined
17:36:40.354 [WRN] qrc:/qt/qml/stroemling/qml/components/ColorPalette.qml:38: TypeError: Cannot read property 'borderDark' of undefined
17:36:40.354 [WRN] qrc:/qt/qml/stroemling/qml/ep/EpTextInhaltSection.qml:147: TypeError: Cannot read property 'inputBg' of undefined
17:36:40.354 [WRN] qrc:/qt/qml/stroemling/qml/components/MiniButton.qml:19: TypeError: Cannot read property 'accent' of undefined
17:36:40.354 [WRN] qrc:/qt/qml/stroemling/qml/components/MiniButton.qml:26: TypeError: Cannot read property 'accent' of undefined
17:36:40.354 [WRN] qrc:/qt/qml/stroemling/qml/components/MiniButton.qml:18: TypeError: Cannot read property 'activeItemAlt' of undefined
17:36:40.354 [WRN] qrc:/qt/qml/stroemling/qml/components/MiniButton.qml:19: TypeError: Cannot read property 'border' of undefined
17:36:40.354 [WRN] qrc:/qt/qml/stroemling/qml/components/MiniButton.qml:26: TypeError: Cannot read property 'textMuted' of undefined
17:36:40.354 [WRN] qrc:/qt/qml/stroemling/qml/components/MiniButton.qml:18: TypeError: Cannot read property 'inputBg' of undefined
17:36:40.354 [WRN] qrc:/qt/qml/stroemling/qml/ep/EpTextInhaltSection.qml:108: TypeError: Cannot read property 'inputBg' of undefined
17:36:40.354 [WRN] qrc:/qt/qml/stroemling/qml/ep/EpBildSection.qml:134: TypeError: Cannot read property 'inputBg' of undefined
17:36:40.354 [WRN] qrc:/qt/qml/stroemling/qml/components/MiniButton.qml:19: TypeError: Cannot read property 'accent' of undefined
17:36:40.355 [WRN] qrc:/qt/qml/stroemling/qml/components/MiniButton.qml:26: TypeError: Cannot read property 'accent' of undefined
17:36:40.355 [WRN] qrc:/qt/qml/stroemling/qml/components/MiniButton.qml:18: TypeError: Cannot read property 'activeItemAlt' of undefined
17:36:40.355 [WRN] qrc:/qt/qml/stroemling/qml/components/MiniButton.qml:19: TypeError: Cannot read property 'border' of undefined
17:36:40.355 [WRN] qrc:/qt/qml/stroemling/qml/components/MiniButton.qml:26: TypeError: Cannot read property 'textMuted' of undefined
17:36:40.355 [WRN] qrc:/qt/qml/stroemling/qml/components/MiniButton.qml:18: TypeError: Cannot read property 'inputBg' of undefined
17:36:40.355 [WRN] qrc:/qt/qml/stroemling/qml/ep/EpFuellungSection.qml:53: TypeError: Cannot read property 'inputBg' of undefined
17:36:40.355 [WRN] qrc:/qt/qml/stroemling/qml/ep/EpStilSection.qml:76: TypeError: Cannot read property 'border' of undefined
17:36:40.355 [WRN] qrc:/qt/qml/stroemling/qml/ep/EpStilSection.qml:78: TypeError: Cannot read property 'accent' of undefined
17:36:40.355 [WRN] qrc:/qt/qml/stroemling/qml/ep/EpStilSection.qml:58: TypeError: Cannot read property 'divider' of undefined
17:36:40.355 [WRN] qrc:/qt/qml/stroemling/qml/ep/EpStilSection.qml:60: TypeError: Cannot read property 'borderDark' of undefined
17:36:40.356 [WRN] qrc:/qt/qml/stroemling/qml/components/MiniButton.qml:19: TypeError: Cannot read property 'border' of undefined
17:36:40.356 [WRN] qrc:/qt/qml/stroemling/qml/components/MiniButton.qml:26: TypeError: Cannot read property 'textMuted' of undefined
17:36:40.356 [WRN] qrc:/qt/qml/stroemling/qml/components/MiniButton.qml:18: TypeError: Cannot read property 'inputBg' of undefined
17:36:40.356 [WRN] qrc:/qt/qml/stroemling/qml/components/MiniButton.qml:19: TypeError: Cannot read property 'accent' of undefined
17:36:40.356 [WRN] qrc:/qt/qml/stroemling/qml/components/MiniButton.qml:26: TypeError: Cannot read property 'accent' of undefined
17:36:40.356 [WRN] qrc:/qt/qml/stroemling/qml/components/MiniButton.qml:18: TypeError: Cannot read property 'activeItemAlt' of undefined
17:36:40.356 [WRN] qrc:/qt/qml/stroemling/qml/components/MiniButton.qml:19: TypeError: Cannot read property 'border' of undefined
17:36:40.356 [WRN] qrc:/qt/qml/stroemling/qml/components/MiniButton.qml:26: TypeError: Cannot read property 'textMuted' of undefined
17:36:40.356 [WRN] qrc:/qt/qml/stroemling/qml/components/MiniButton.qml:18: TypeError: Cannot read property 'inputBg' of undefined
17:36:40.356 [WRN] qrc:/qt/qml/stroemling/qml/components/MiniButton.qml:19: TypeError: Cannot read property 'accent' of undefined
17:36:40.356 [WRN] qrc:/qt/qml/stroemling/qml/components/MiniButton.qml:26: TypeError: Cannot read property 'accent' of undefined
17:36:40.356 [WRN] qrc:/qt/qml/stroemling/qml/components/MiniButton.qml:18: TypeError: Cannot read property 'activeItemAlt' of undefined
17:36:40.356 [WRN] qrc:/qt/qml/stroemling/qml/components/MiniButton.qml:19: TypeError: Cannot read property 'border' of undefined
17:36:40.356 [WRN] qrc:/qt/qml/stroemling/qml/components/MiniButton.qml:26: TypeError: Cannot read property 'textMuted' of undefined
17:36:40.356 [WRN] qrc:/qt/qml/stroemling/qml/components/MiniButton.qml:18: TypeError: Cannot read property 'inputBg' of undefined
17:36:40.356 [WRN] qrc:/qt/qml/stroemling/qml/components/MiniButton.qml:19: TypeError: Cannot read property 'accent' of undefined
17:36:40.356 [WRN] qrc:/qt/qml/stroemling/qml/components/MiniButton.qml:26: TypeError: Cannot read property 'accent' of undefined
17:36:40.356 [WRN] qrc:/qt/qml/stroemling/qml/components/MiniButton.qml:18: TypeError: Cannot read property 'activeItemAlt' of undefined
17:36:40.357 [WRN] spsKanalListe: "Parameter count mismatch"
17:36:40.357 [WRN] qrc:/qt/qml/stroemling/qml/ep/EpMehrfachauswahlSection.qml:16: TypeError: Cannot read property 'elementeModel' of undefined
17:36:40.357 [WRN] qrc:/qt/qml/stroemling/qml/ep/EpKabelDefinitionSection.qml:318:13: Unable to assign [undefined] to bool
17:36:40.358 [WRN] qrc:/qt/qml/stroemling/qml/ep/EpKabelDefinitionSection.qml:212: TypeError: Cannot read property 'textMuted' of undefined
17:36:40.358 [WRN] qrc:/qt/qml/stroemling/qml/ep/EpMakrokastenSection.qml:150:17: Unable to assign [undefined] to bool
17:36:40.358 [WRN] qrc:/qt/qml/stroemling/qml/ep/EpQuerverweisSection.qml:117:17: Unable to assign [undefined] to bool
17:36:40.358 [WRN] qrc:/qt/qml/stroemling/qml/ep/EpQuerverweisSection.qml:96:17: Unable to assign [undefined] to bool
17:36:40.358 [WRN] qrc:/qt/qml/stroemling/qml/ep/EpBetriebsmittelSection.qml:462: TypeError: Cannot read property 'inputBg' of undefined
17:36:40.358 [WRN] qrc:/qt/qml/stroemling/qml/ep/EpBetriebsmittelSection.qml:462: TypeError: Cannot read property 'inputBg' of undefined
17:36:40.358 [WRN] qrc:/qt/qml/stroemling/qml/ep/EpBetriebsmittelSection.qml:462: TypeError: Cannot read property 'inputBg' of undefined
17:36:40.358 [WRN] qrc:/qt/qml/stroemling/qml/ep/EpBetriebsmittelSection.qml:462: TypeError: Cannot read property 'inputBg' of undefined
17:36:40.358 [WRN] qrc:/qt/qml/stroemling/qml/ep/EpTextInhaltSection.qml:147: TypeError: Cannot read property 'inputBg' of undefined
17:36:40.358 [WRN] qrc:/qt/qml/stroemling/qml/ep/EpTextInhaltSection.qml:108: TypeError: Cannot read property 'inputBg' of undefined
17:36:40.358 [WRN] qrc:/qt/qml/stroemling/qml/ep/EpBildSection.qml:134: TypeError: Cannot read property 'inputBg' of undefined
17:36:40.359 [WRN] qrc:/qt/qml/stroemling/qml/ep/EpFuellungSection.qml:53: TypeError: Cannot read property 'inputBg' of undefined
17:36:40.359 [WRN] spsKanalListe: "Parameter count mismatch"
17:36:43.675 [WRN] qrc:/qt/qml/stroemling/qml/ep/EpKabelDefinitionSection.qml:212: TypeError: Cannot read property 'textMuted' of undefined
17:36:43.676 [WRN] qrc:/qt/qml/stroemling/qml/ep/EpBetriebsmittelSection.qml:462: TypeError: Cannot read property 'inputBg' of undefined
17:36:43.676 [WRN] qrc:/qt/qml/stroemling/qml/ep/EpBetriebsmittelSection.qml:462: TypeError: Cannot read property 'inputBg' of undefined
17:36:43.676 [WRN] qrc:/qt/qml/stroemling/qml/ep/EpBetriebsmittelSection.qml:462: TypeError: Cannot read property 'inputBg' of undefined
17:36:43.676 [WRN] qrc:/qt/qml/stroemling/qml/ep/EpBetriebsmittelSection.qml:462: TypeError: Cannot read property 'inputBg' of undefined
17:36:43.677 [WRN] qrc:/qt/qml/stroemling/qml/components/ColorPalette.qml:38: TypeError: Cannot read property 'borderDark' of undefined
17:36:43.677 [WRN] qrc:/qt/qml/stroemling/qml/components/ColorPalette.qml:38: TypeError: Cannot read property 'borderDark' of undefined
17:36:43.677 [WRN] qrc:/qt/qml/stroemling/qml/components/ColorPalette.qml:38: TypeError: Cannot read property 'borderDark' of undefined
17:36:43.677 [WRN] qrc:/qt/qml/stroemling/qml/components/ColorPalette.qml:38: TypeError: Cannot read property 'borderDark' of undefined
17:36:43.677 [WRN] qrc:/qt/qml/stroemling/qml/components/ColorPalette.qml:38: TypeError: Cannot read property 'borderDark' of undefined
17:36:43.677 [WRN] qrc:/qt/qml/stroemling/qml/components/ColorPalette.qml:38: TypeError: Cannot read property 'borderDark' of undefined
17:36:43.677 [WRN] qrc:/qt/qml/stroemling/qml/components/ColorPalette.qml:38: TypeError: Cannot read property 'borderDark' of undefined
17:36:43.677 [WRN] qrc:/qt/qml/stroemling/qml/components/ColorPalette.qml:38: TypeError: Cannot read property 'borderDark' of undefined
17:36:43.677 [WRN] qrc:/qt/qml/stroemling/qml/components/ColorPalette.qml:38: TypeError: Cannot read property 'borderDark' of undefined
17:36:43.677 [WRN] qrc:/qt/qml/stroemling/qml/components/ColorPalette.qml:38: TypeError: Cannot read property 'borderDark' of undefined
17:36:43.677 [WRN] qrc:/qt/qml/stroemling/qml/components/ColorPalette.qml:38: TypeError: Cannot read property 'borderDark' of undefined
17:36:43.677 [WRN] qrc:/qt/qml/stroemling/qml/components/ColorPalette.qml:38: TypeError: Cannot read property 'borderDark' of undefined
17:36:43.677 [WRN] qrc:/qt/qml/stroemling/qml/components/ColorPalette.qml:38: TypeError: Cannot read property 'borderDark' of undefined
17:36:43.677 [WRN] qrc:/qt/qml/stroemling/qml/components/ColorPalette.qml:38: TypeError: Cannot read property 'borderDark' of undefined
17:36:43.677 [WRN] qrc:/qt/qml/stroemling/qml/components/ColorPalette.qml:38: TypeError: Cannot read property 'borderDark' of undefined
17:36:43.677 [WRN] qrc:/qt/qml/stroemling/qml/components/ColorPalette.qml:38: TypeError: Cannot read property 'borderDark' of undefined
17:36:43.677 [WRN] qrc:/qt/qml/stroemling/qml/components/ColorPalette.qml:38: TypeError: Cannot read property 'borderDark' of undefined
17:36:43.677 [WRN] qrc:/qt/qml/stroemling/qml/components/ColorPalette.qml:38: TypeError: Cannot read property 'borderDark' of undefined
17:36:43.677 [WRN] qrc:/qt/qml/stroemling/qml/components/ColorPalette.qml:38: TypeError: Cannot read property 'borderDark' of undefined
17:36:43.677 [WRN] qrc:/qt/qml/stroemling/qml/components/ColorPalette.qml:38: TypeError: Cannot read property 'borderDark' of undefined
17:36:43.677 [WRN] qrc:/qt/qml/stroemling/qml/components/ColorPalette.qml:38: TypeError: Cannot read property 'borderDark' of undefined
17:36:43.677 [WRN] qrc:/qt/qml/stroemling/qml/components/ColorPalette.qml:38: TypeError: Cannot read property 'borderDark' of undefined
17:36:43.677 [WRN] qrc:/qt/qml/stroemling/qml/components/ColorPalette.qml:38: TypeError: Cannot read property 'borderDark' of undefined
17:36:43.677 [WRN] qrc:/qt/qml/stroemling/qml/components/ColorPalette.qml:38: TypeError: Cannot read property 'borderDark' of undefined
17:36:43.677 [WRN] qrc:/qt/qml/stroemling/qml/ep/EpTextInhaltSection.qml:147: TypeError: Cannot read property 'inputBg' of undefined
17:36:43.677 [WRN] qrc:/qt/qml/stroemling/qml/components/MiniButton.qml:19: TypeError: Cannot read property 'border' of undefined
17:36:43.677 [WRN] qrc:/qt/qml/stroemling/qml/components/MiniButton.qml:26: TypeError: Cannot read property 'textMuted' of undefined
17:36:43.677 [WRN] qrc:/qt/qml/stroemling/qml/components/MiniButton.qml:18: TypeError: Cannot read property 'inputBg' of undefined
17:36:43.677 [WRN] qrc:/qt/qml/stroemling/qml/components/MiniButton.qml:19: TypeError: Cannot read property 'accent' of undefined
17:36:43.677 [WRN] qrc:/qt/qml/stroemling/qml/components/MiniButton.qml:26: TypeError: Cannot read property 'accent' of undefined
17:36:43.677 [WRN] qrc:/qt/qml/stroemling/qml/components/MiniButton.qml:18: TypeError: Cannot read property 'activeItemAlt' of undefined
17:36:43.677 [WRN] qrc:/qt/qml/stroemling/qml/ep/EpTextInhaltSection.qml:108: TypeError: Cannot read property 'inputBg' of undefined
17:36:43.678 [WRN] qrc:/qt/qml/stroemling/qml/ep/EpBildSection.qml:134: TypeError: Cannot read property 'inputBg' of undefined
17:36:43.678 [WRN] qrc:/qt/qml/stroemling/qml/components/MiniButton.qml:19: TypeError: Cannot read property 'border' of undefined
17:36:43.678 [WRN] qrc:/qt/qml/stroemling/qml/components/MiniButton.qml:26: TypeError: Cannot read property 'textMuted' of undefined
17:36:43.678 [WRN] qrc:/qt/qml/stroemling/qml/components/MiniButton.qml:18: TypeError: Cannot read property 'inputBg' of undefined
17:36:43.678 [WRN] qrc:/qt/qml/stroemling/qml/components/MiniButton.qml:19: TypeError: Cannot read property 'accent' of undefined
17:36:43.678 [WRN] qrc:/qt/qml/stroemling/qml/components/MiniButton.qml:26: TypeError: Cannot read property 'accent' of undefined
17:36:43.678 [WRN] qrc:/qt/qml/stroemling/qml/components/MiniButton.qml:18: TypeError: Cannot read property 'activeItemAlt' of undefined
17:36:43.678 [WRN] qrc:/qt/qml/stroemling/qml/ep/EpFuellungSection.qml:53: TypeError: Cannot read property 'inputBg' of undefined
17:36:43.678 [WRN] qrc:/qt/qml/stroemling/qml/ep/EpStilSection.qml:76: TypeError: Cannot read property 'border' of undefined
17:36:43.678 [WRN] qrc:/qt/qml/stroemling/qml/ep/EpStilSection.qml:78: TypeError: Cannot read property 'accent' of undefined
17:36:43.678 [WRN] qrc:/qt/qml/stroemling/qml/ep/EpStilSection.qml:58: TypeError: Cannot read property 'border' of undefined
17:36:43.678 [WRN] qrc:/qt/qml/stroemling/qml/ep/EpStilSection.qml:60: TypeError: Cannot read property 'accent' of undefined
17:36:43.678 [WRN] qrc:/qt/qml/stroemling/qml/components/MiniButton.qml:19: TypeError: Cannot read property 'accent' of undefined
17:36:43.678 [WRN] qrc:/qt/qml/stroemling/qml/components/MiniButton.qml:26: TypeError: Cannot read property 'accent' of undefined
17:36:43.678 [WRN] qrc:/qt/qml/stroemling/qml/components/MiniButton.qml:18: TypeError: Cannot read property 'activeItemAlt' of undefined
17:36:43.678 [WRN] qrc:/qt/qml/stroemling/qml/components/MiniButton.qml:19: TypeError: Cannot read property 'border' of undefined
17:36:43.678 [WRN] qrc:/qt/qml/stroemling/qml/components/MiniButton.qml:26: TypeError: Cannot read property 'textMuted' of undefined
17:36:43.678 [WRN] qrc:/qt/qml/stroemling/qml/components/MiniButton.qml:18: TypeError: Cannot read property 'inputBg' of undefined
17:36:43.678 [WRN] qrc:/qt/qml/stroemling/qml/components/MiniButton.qml:19: TypeError: Cannot read property 'accent' of undefined
17:36:43.678 [WRN] qrc:/qt/qml/stroemling/qml/components/MiniButton.qml:26: TypeError: Cannot read property 'accent' of undefined
17:36:43.679 [WRN] qrc:/qt/qml/stroemling/qml/components/MiniButton.qml:18: TypeError: Cannot read property 'activeItemAlt' of undefined
17:36:43.679 [WRN] qrc:/qt/qml/stroemling/qml/components/MiniButton.qml:19: TypeError: Cannot read property 'border' of undefined
17:36:43.679 [WRN] qrc:/qt/qml/stroemling/qml/components/MiniButton.qml:26: TypeError: Cannot read property 'textMuted' of undefined
17:36:43.679 [WRN] qrc:/qt/qml/stroemling/qml/components/MiniButton.qml:18: TypeError: Cannot read property 'inputBg' of undefined
17:36:43.679 [WRN] qrc:/qt/qml/stroemling/qml/components/MiniButton.qml:19: TypeError: Cannot read property 'accent' of undefined
17:36:43.679 [WRN] qrc:/qt/qml/stroemling/qml/components/MiniButton.qml:26: TypeError: Cannot read property 'accent' of undefined
17:36:43.679 [WRN] qrc:/qt/qml/stroemling/qml/components/MiniButton.qml:18: TypeError: Cannot read property 'activeItemAlt' of undefined
17:36:43.679 [WRN] qrc:/qt/qml/stroemling/qml/components/MiniButton.qml:19: TypeError: Cannot read property 'border' of undefined
17:36:43.679 [WRN] qrc:/qt/qml/stroemling/qml/components/MiniButton.qml:26: TypeError: Cannot read property 'textMuted' of undefined
17:36:43.679 [WRN] qrc:/qt/qml/stroemling/qml/components/MiniButton.qml:18: TypeError: Cannot read property 'inputBg' of undefined
17:36:43.679 [WRN] spsKanalListe: "Parameter count mismatch"
17:36:43.679 [WRN] qrc:/qt/qml/stroemling/qml/ep/EpMehrfachauswahlSection.qml:16: TypeError: Cannot read property 'elementeModel' of undefined
17:36:51.769 [WRN] qrc:/qt/qml/stroemling/qml/ibn/IbnBmSplit.qml:313: TypeError: Cannot read property 'accent' of undefined
17:36:51.800 [WRN] qrc:/qt/qml/stroemling/qml/ibn/IbnBmSplit.qml:313: TypeError: Cannot read property 'inputBg' of undefined
17:36:53.885 [WRN] qrc:/qt/qml/stroemling/qml/ep/EpKabelDefinitionSection.qml:318:13: Unable to assign [undefined] to bool
17:36:53.886 [WRN] qrc:/qt/qml/stroemling/qml/ep/EpKabelDefinitionSection.qml:212: TypeError: Cannot read property 'textMuted' of undefined
17:36:53.886 [WRN] qrc:/qt/qml/stroemling/qml/ep/EpMakrokastenSection.qml:150:17: Unable to assign [undefined] to bool
17:36:53.886 [WRN] qrc:/qt/qml/stroemling/qml/ep/EpQuerverweisSection.qml:117:17: Unable to assign [undefined] to bool
17:36:53.886 [WRN] qrc:/qt/qml/stroemling/qml/ep/EpQuerverweisSection.qml:96:17: Unable to assign [undefined] to bool
17:36:53.886 [WRN] qrc:/qt/qml/stroemling/qml/ep/EpBetriebsmittelSection.qml:462: TypeError: Cannot read property 'inputBg' of undefined
17:36:53.886 [WRN] qrc:/qt/qml/stroemling/qml/ep/EpBetriebsmittelSection.qml:462: TypeError: Cannot read property 'inputBg' of undefined
17:36:53.886 [WRN] qrc:/qt/qml/stroemling/qml/ep/EpBetriebsmittelSection.qml:462: TypeError: Cannot read property 'inputBg' of undefined
17:36:53.887 [WRN] qrc:/qt/qml/stroemling/qml/ep/EpBetriebsmittelSection.qml:462: TypeError: Cannot read property 'inputBg' of undefined
17:36:53.887 [WRN] qrc:/qt/qml/stroemling/qml/components/ColorPalette.qml:38: TypeError: Cannot read property 'borderDark' of undefined
17:36:53.887 [WRN] qrc:/qt/qml/stroemling/qml/components/ColorPalette.qml:38: TypeError: Cannot read property 'borderDark' of undefined
17:36:53.887 [WRN] qrc:/qt/qml/stroemling/qml/components/ColorPalette.qml:38: TypeError: Cannot read property 'borderDark' of undefined
17:36:53.887 [WRN] qrc:/qt/qml/stroemling/qml/components/ColorPalette.qml:38: TypeError: Cannot read property 'borderDark' of undefined
17:36:53.887 [WRN] qrc:/qt/qml/stroemling/qml/components/ColorPalette.qml:38: TypeError: Cannot read property 'borderDark' of undefined
17:36:53.887 [WRN] qrc:/qt/qml/stroemling/qml/components/ColorPalette.qml:38: TypeError: Cannot read property 'borderDark' of undefined
17:36:53.887 [WRN] qrc:/qt/qml/stroemling/qml/components/ColorPalette.qml:38: TypeError: Cannot read property 'borderDark' of undefined
17:36:53.887 [WRN] qrc:/qt/qml/stroemling/qml/components/ColorPalette.qml:38: TypeError: Cannot read property 'borderDark' of undefined
17:36:53.887 [WRN] qrc:/qt/qml/stroemling/qml/components/ColorPalette.qml:38: TypeError: Cannot read property 'borderDark' of undefined
17:36:53.887 [WRN] qrc:/qt/qml/stroemling/qml/components/ColorPalette.qml:38: TypeError: Cannot read property 'borderDark' of undefined
17:36:53.887 [WRN] qrc:/qt/qml/stroemling/qml/components/ColorPalette.qml:38: TypeError: Cannot read property 'borderDark' of undefined
17:36:53.887 [WRN] qrc:/qt/qml/stroemling/qml/components/ColorPalette.qml:38: TypeError: Cannot read property 'borderDark' of undefined
17:36:53.887 [WRN] qrc:/qt/qml/stroemling/qml/components/ColorPalette.qml:38: TypeError: Cannot read property 'borderDark' of undefined
17:36:53.887 [WRN] qrc:/qt/qml/stroemling/qml/components/ColorPalette.qml:38: TypeError: Cannot read property 'borderDark' of undefined
17:36:53.887 [WRN] qrc:/qt/qml/stroemling/qml/components/ColorPalette.qml:38: TypeError: Cannot read property 'borderDark' of undefined
17:36:53.887 [WRN] qrc:/qt/qml/stroemling/qml/components/ColorPalette.qml:38: TypeError: Cannot read property 'borderDark' of undefined
17:36:53.887 [WRN] qrc:/qt/qml/stroemling/qml/components/ColorPalette.qml:38: TypeError: Cannot read property 'borderDark' of undefined
17:36:53.887 [WRN] qrc:/qt/qml/stroemling/qml/components/ColorPalette.qml:38: TypeError: Cannot read property 'borderDark' of undefined
17:36:53.887 [WRN] qrc:/qt/qml/stroemling/qml/components/ColorPalette.qml:38: TypeError: Cannot read property 'borderDark' of undefined
17:36:53.887 [WRN] qrc:/qt/qml/stroemling/qml/components/ColorPalette.qml:38: TypeError: Cannot read property 'borderDark' of undefined
17:36:53.888 [WRN] qrc:/qt/qml/stroemling/qml/components/ColorPalette.qml:38: TypeError: Cannot read property 'borderDark' of undefined
17:36:53.888 [WRN] qrc:/qt/qml/stroemling/qml/components/ColorPalette.qml:38: TypeError: Cannot read property 'borderDark' of undefined
17:36:53.888 [WRN] qrc:/qt/qml/stroemling/qml/components/ColorPalette.qml:38: TypeError: Cannot read property 'borderDark' of undefined
17:36:53.888 [WRN] qrc:/qt/qml/stroemling/qml/components/ColorPalette.qml:38: TypeError: Cannot read property 'borderDark' of undefined
17:36:53.888 [WRN] qrc:/qt/qml/stroemling/qml/ep/EpTextInhaltSection.qml:147: TypeError: Cannot read property 'inputBg' of undefined
17:36:53.888 [WRN] qrc:/qt/qml/stroemling/qml/ep/EpTextInhaltSection.qml:108: TypeError: Cannot read property 'inputBg' of undefined
17:36:53.888 [WRN] qrc:/qt/qml/stroemling/qml/ep/EpBildSection.qml:134: TypeError: Cannot read property 'inputBg' of undefined
17:36:53.888 [WRN] qrc:/qt/qml/stroemling/qml/ep/EpFuellungSection.qml:53: TypeError: Cannot read property 'inputBg' of undefined
17:36:53.888 [WRN] qrc:/qt/qml/stroemling/qml/ep/EpStilSection.qml:76: TypeError: Cannot read property 'border' of undefined
17:36:53.888 [WRN] qrc:/qt/qml/stroemling/qml/ep/EpStilSection.qml:78: TypeError: Cannot read property 'accent' of undefined
17:36:53.888 [WRN] qrc:/qt/qml/stroemling/qml/ep/EpStilSection.qml:58: TypeError: Cannot read property 'divider' of undefined
17:36:53.888 [WRN] qrc:/qt/qml/stroemling/qml/ep/EpStilSection.qml:60: TypeError: Cannot read property 'borderDark' of undefined
17:36:53.889 [WRN] spsKanalListe: "Parameter count mismatch"
17:36:53.889 [WRN] qrc:/qt/qml/stroemling/qml/ep/EpMehrfachauswahlSection.qml:16: TypeError: Cannot read property 'elementeModel' of undefined
17:36:53.889 [WRN] qrc:/qt/qml/stroemling/qml/ep/EpKabelDefinitionSection.qml:318:13: Unable to assign [undefined] to bool
17:36:53.889 [WRN] qrc:/qt/qml/stroemling/qml/ep/EpKabelDefinitionSection.qml:212: TypeError: Cannot read property 'textMuted' of undefined
17:36:53.889 [WRN] qrc:/qt/qml/stroemling/qml/ep/EpMakrokastenSection.qml:150:17: Unable to assign [undefined] to bool
17:36:53.890 [WRN] qrc:/qt/qml/stroemling/qml/ep/EpQuerverweisSection.qml:117:17: Unable to assign [undefined] to bool
17:36:53.890 [WRN] qrc:/qt/qml/stroemling/qml/ep/EpQuerverweisSection.qml:96:17: Unable to assign [undefined] to bool
17:36:53.890 [WRN] qrc:/qt/qml/stroemling/qml/ep/EpBetriebsmittelSection.qml:462: TypeError: Cannot read property 'inputBg' of undefined
17:36:53.890 [WRN] qrc:/qt/qml/stroemling/qml/ep/EpBetriebsmittelSection.qml:462: TypeError: Cannot read property 'inputBg' of undefined
17:36:53.890 [WRN] qrc:/qt/qml/stroemling/qml/ep/EpBetriebsmittelSection.qml:462: TypeError: Cannot read property 'inputBg' of undefined
17:36:53.890 [WRN] qrc:/qt/qml/stroemling/qml/ep/EpBetriebsmittelSection.qml:462: TypeError: Cannot read property 'inputBg' of undefined
17:36:53.890 [WRN] qrc:/qt/qml/stroemling/qml/ep/EpTextInhaltSection.qml:147: TypeError: Cannot read property 'inputBg' of undefined
17:36:53.890 [WRN] qrc:/qt/qml/stroemling/qml/ep/EpTextInhaltSection.qml:108: TypeError: Cannot read property 'inputBg' of undefined
17:36:53.890 [WRN] qrc:/qt/qml/stroemling/qml/ep/EpBildSection.qml:134: TypeError: Cannot read property 'inputBg' of undefined
17:36:53.890 [WRN] qrc:/qt/qml/stroemling/qml/ep/EpFuellungSection.qml:53: TypeError: Cannot read property 'inputBg' of undefined
17:36:53.890 [WRN] spsKanalListe: "Parameter count mismatch"
17:37:13.216 [WRN] qrc:/qt/qml/stroemling/qml/ibn/IbnBmSplit.qml:20: TypeError: Cannot read property 'activeItem' of undefined
17:37:13.283 [WRN] qrc:/qt/qml/stroemling/qml/ibn/IbnBmSplit.qml:20: TypeError: Cannot read property 'border' of undefined
17:55:23.085 [WRN] qrc:/qt/qml/stroemling/qml/ep/EpKabelDefinitionSection.qml:212: TypeError: Cannot read property 'textMuted' of undefined
17:55:23.086 [WRN] qrc:/qt/qml/stroemling/qml/ep/EpBetriebsmittelSection.qml:462: TypeError: Cannot read property 'inputBg' of undefined
17:55:23.087 [WRN] qrc:/qt/qml/stroemling/qml/ep/EpBetriebsmittelSection.qml:462: TypeError: Cannot read property 'inputBg' of undefined
17:55:23.087 [WRN] qrc:/qt/qml/stroemling/qml/ep/EpBetriebsmittelSection.qml:462: TypeError: Cannot read property 'inputBg' of undefined
17:55:23.087 [WRN] qrc:/qt/qml/stroemling/qml/ep/EpBetriebsmittelSection.qml:462: TypeError: Cannot read property 'inputBg' of undefined
17:55:23.088 [WRN] qrc:/qt/qml/stroemling/qml/components/ColorPalette.qml:38: TypeError: Cannot read property 'borderDark' of undefined
17:55:23.088 [WRN] qrc:/qt/qml/stroemling/qml/components/ColorPalette.qml:38: TypeError: Cannot read property 'borderDark' of undefined
17:55:23.088 [WRN] qrc:/qt/qml/stroemling/qml/components/ColorPalette.qml:38: TypeError: Cannot read property 'borderDark' of undefined
17:55:23.088 [WRN] qrc:/qt/qml/stroemling/qml/components/ColorPalette.qml:38: TypeError: Cannot read property 'borderDark' of undefined
17:55:23.088 [WRN] qrc:/qt/qml/stroemling/qml/components/ColorPalette.qml:38: TypeError: Cannot read property 'borderDark' of undefined
17:55:23.088 [WRN] qrc:/qt/qml/stroemling/qml/components/ColorPalette.qml:38: TypeError: Cannot read property 'borderDark' of undefined
17:55:23.088 [WRN] qrc:/qt/qml/stroemling/qml/components/ColorPalette.qml:38: TypeError: Cannot read property 'borderDark' of undefined
17:55:23.088 [WRN] qrc:/qt/qml/stroemling/qml/components/ColorPalette.qml:38: TypeError: Cannot read property 'borderDark' of undefined
17:55:23.088 [WRN] qrc:/qt/qml/stroemling/qml/components/ColorPalette.qml:38: TypeError: Cannot read property 'borderDark' of undefined
17:55:23.088 [WRN] qrc:/qt/qml/stroemling/qml/components/ColorPalette.qml:38: TypeError: Cannot read property 'borderDark' of undefined
17:55:23.089 [WRN] qrc:/qt/qml/stroemling/qml/components/ColorPalette.qml:38: TypeError: Cannot read property 'borderDark' of undefined
17:55:23.089 [WRN] qrc:/qt/qml/stroemling/qml/components/ColorPalette.qml:38: TypeError: Cannot read property 'borderDark' of undefined
17:55:23.089 [WRN] qrc:/qt/qml/stroemling/qml/components/ColorPalette.qml:38: TypeError: Cannot read property 'borderDark' of undefined
17:55:23.089 [WRN] qrc:/qt/qml/stroemling/qml/components/ColorPalette.qml:38: TypeError: Cannot read property 'borderDark' of undefined
17:55:23.089 [WRN] qrc:/qt/qml/stroemling/qml/components/ColorPalette.qml:38: TypeError: Cannot read property 'borderDark' of undefined
17:55:23.089 [WRN] qrc:/qt/qml/stroemling/qml/components/ColorPalette.qml:38: TypeError: Cannot read property 'borderDark' of undefined
17:55:23.089 [WRN] qrc:/qt/qml/stroemling/qml/components/ColorPalette.qml:38: TypeError: Cannot read property 'borderDark' of undefined
17:55:23.089 [WRN] qrc:/qt/qml/stroemling/qml/components/ColorPalette.qml:38: TypeError: Cannot read property 'borderDark' of undefined
17:55:23.089 [WRN] qrc:/qt/qml/stroemling/qml/components/ColorPalette.qml:38: TypeError: Cannot read property 'borderDark' of undefined
17:55:23.089 [WRN] qrc:/qt/qml/stroemling/qml/components/ColorPalette.qml:38: TypeError: Cannot read property 'borderDark' of undefined
17:55:23.089 [WRN] qrc:/qt/qml/stroemling/qml/components/ColorPalette.qml:38: TypeError: Cannot read property 'borderDark' of undefined
17:55:23.089 [WRN] qrc:/qt/qml/stroemling/qml/components/ColorPalette.qml:38: TypeError: Cannot read property 'borderDark' of undefined
17:55:23.089 [WRN] qrc:/qt/qml/stroemling/qml/components/ColorPalette.qml:38: TypeError: Cannot read property 'borderDark' of undefined
17:55:23.089 [WRN] qrc:/qt/qml/stroemling/qml/components/ColorPalette.qml:38: TypeError: Cannot read property 'borderDark' of undefined
17:55:23.089 [WRN] qrc:/qt/qml/stroemling/qml/ep/EpTextInhaltSection.qml:147: TypeError: Cannot read property 'inputBg' of undefined
17:55:23.089 [WRN] qrc:/qt/qml/stroemling/qml/ep/EpTextInhaltSection.qml:108: TypeError: Cannot read property 'inputBg' of undefined
17:55:23.090 [WRN] qrc:/qt/qml/stroemling/qml/ep/EpBildSection.qml:134: TypeError: Cannot read property 'inputBg' of undefined
17:55:23.090 [WRN] qrc:/qt/qml/stroemling/qml/ep/EpFuellungSection.qml:53: TypeError: Cannot read property 'inputBg' of undefined
17:55:23.090 [WRN] qrc:/qt/qml/stroemling/qml/ep/EpStilSection.qml:76: TypeError: Cannot read property 'border' of undefined
17:55:23.090 [WRN] qrc:/qt/qml/stroemling/qml/ep/EpStilSection.qml:78: TypeError: Cannot read property 'accent' of undefined
17:55:23.090 [WRN] qrc:/qt/qml/stroemling/qml/ep/EpStilSection.qml:58: TypeError: Cannot read property 'border' of undefined
17:55:23.090 [WRN] qrc:/qt/qml/stroemling/qml/ep/EpStilSection.qml:60: TypeError: Cannot read property 'accent' of undefined
17:55:23.092 [WRN] spsKanalListe: "Parameter count mismatch"
17:55:23.092 [WRN] qrc:/qt/qml/stroemling/qml/ep/EpMehrfachauswahlSection.qml:16: TypeError: Cannot read property 'elementeModel' of undefined
17:59:17.675 [WRN] qrc:/qt/qml/stroemling/qml/la/LaTabStueckliste.qml:50: TypeError: Cannot read property 'tableOdd' of undefined
17:59:17.675 [WRN] qrc:/qt/qml/stroemling/qml/la/LaTabStueckliste.qml:50: TypeError: Cannot read property 'tableOdd' of undefined
17:59:17.675 [WRN] qrc:/qt/qml/stroemling/qml/la/LaTabStueckliste.qml:50: TypeError: Cannot read property 'tableOdd' of undefined
17:59:17.675 [WRN] qrc:/qt/qml/stroemling/qml/la/LaTabStueckliste.qml:50: TypeError: Cannot read property 'tableOdd' of undefined
17:59:17.676 [WRN] qrc:/qt/qml/stroemling/qml/la/LaTabStueckliste.qml:50: TypeError: Cannot read property 'tableOdd' of undefined
17:59:17.676 [WRN] qrc:/qt/qml/stroemling/qml/la/LaTabStueckliste.qml:50: TypeError: Cannot read property 'tableOdd' of undefined
17:59:17.676 [WRN] qrc:/qt/qml/stroemling/qml/la/LaTabStueckliste.qml:50: TypeError: Cannot read property 'tableOdd' of undefined
17:59:17.676 [WRN] qrc:/qt/qml/stroemling/qml/la/LaTabStueckliste.qml:50: TypeError: Cannot read property 'tableOdd' of undefined
17:59:17.676 [WRN] qrc:/qt/qml/stroemling/qml/la/LaTabStueckliste.qml:50: TypeError: Cannot read property 'tableOdd' of undefined
17:59:17.676 [WRN] qrc:/qt/qml/stroemling/qml/la/LaTabStueckliste.qml:50: TypeError: Cannot read property 'tableOdd' of undefined
17:59:17.676 [WRN] qrc:/qt/qml/stroemling/qml/la/LaTabStueckliste.qml:50: TypeError: Cannot read property 'tableOdd' of undefined
17:59:17.676 [WRN] qrc:/qt/qml/stroemling/qml/la/LaTabStueckliste.qml:50: TypeError: Cannot read property 'tableOdd' of undefined
17:59:17.676 [WRN] qrc:/qt/qml/stroemling/qml/la/LaTabStueckliste.qml:50: TypeError: Cannot read property 'tableOdd' of undefined
17:59:17.676 [WRN] qrc:/qt/qml/stroemling/qml/la/LaTabStueckliste.qml:50: TypeError: Cannot read property 'tableOdd' of undefined
17:59:17.676 [WRN] qrc:/qt/qml/stroemling/qml/la/LaTabStueckliste.qml:50: TypeError: Cannot read property 'tableOdd' of undefined
17:59:17.676 [WRN] qrc:/qt/qml/stroemling/qml/la/LaTabStueckliste.qml:50: TypeError: Cannot read property 'tableOdd' of undefined
17:59:17.676 [WRN] qrc:/qt/qml/stroemling/qml/la/LaTabStueckliste.qml:50: TypeError: Cannot read property 'tableOdd' of undefined
17:59:17.676 [WRN] qrc:/qt/qml/stroemling/qml/la/LaTabStueckliste.qml:50: TypeError: Cannot read property 'tableOdd' of undefined
17:59:17.723 [WRN] qrc:/qt/qml/stroemling/qml/la/LaTabStueckliste.qml:50: TypeError: Cannot read property 'tableEven' of undefined
17:59:17.723 [WRN] qrc:/qt/qml/stroemling/qml/la/LaTabStueckliste.qml:54: TypeError: Cannot read property 'accent' of undefined
17:59:17.723 [WRN] qrc:/qt/qml/stroemling/qml/la/LaTabStueckliste.qml:55: TypeError: Cannot read property 'textSecondary' of undefined
17:59:17.723 [WRN] qrc:/qt/qml/stroemling/qml/la/LaTabStueckliste.qml:56: TypeError: Cannot read property 'textSecondary' of undefined
17:59:17.723 [WRN] qrc:/qt/qml/stroemling/qml/la/LaTabStueckliste.qml:57: TypeError: Cannot read property 'textSecondary' of undefined
17:59:17.723 [WRN] qrc:/qt/qml/stroemling/qml/la/LaTabStueckliste.qml:58: TypeError: Cannot read property 'accentLight' of undefined
17:59:17.723 [WRN] qrc:/qt/qml/stroemling/qml/la/LaTabStueckliste.qml:59: TypeError: Cannot read property 'accentLight' of undefined
17:59:17.723 [WRN] qrc:/qt/qml/stroemling/qml/la/LaTabStueckliste.qml:60: TypeError: Cannot read property 'accentLight' of undefined
17:59:17.723 [WRN] qrc:/qt/qml/stroemling/qml/la/LaTabStueckliste.qml:61: TypeError: Cannot read property 'borderLight' of undefined
17:59:17.723 [WRN] qrc:/qt/qml/stroemling/qml/la/LaTabStueckliste.qml:62: TypeError: Cannot read property 'borderLight' of undefined
17:59:17.724 [WRN] qrc:/qt/qml/stroemling/qml/la/LaTabStueckliste.qml:50: TypeError: Cannot read property 'tableOdd' of undefined
17:59:17.724 [WRN] qrc:/qt/qml/stroemling/qml/la/LaTabStueckliste.qml:54: TypeError: Cannot read property 'accent' of undefined
17:59:17.724 [WRN] qrc:/qt/qml/stroemling/qml/la/LaTabStueckliste.qml:55: TypeError: Cannot read property 'textSecondary' of undefined
17:59:17.724 [WRN] qrc:/qt/qml/stroemling/qml/la/LaTabStueckliste.qml:56: TypeError: Cannot read property 'textSecondary' of undefined
17:59:17.724 [WRN] qrc:/qt/qml/stroemling/qml/la/LaTabStueckliste.qml:57: TypeError: Cannot read property 'textSecondary' of undefined
17:59:17.724 [WRN] qrc:/qt/qml/stroemling/qml/la/LaTabStueckliste.qml:58: TypeError: Cannot read property 'accentLight' of undefined
17:59:17.724 [WRN] qrc:/qt/qml/stroemling/qml/la/LaTabStueckliste.qml:59: TypeError: Cannot read property 'accentLight' of undefined
17:59:17.724 [WRN] qrc:/qt/qml/stroemling/qml/la/LaTabStueckliste.qml:60: TypeError: Cannot read property 'accentLight' of undefined
17:59:17.724 [WRN] qrc:/qt/qml/stroemling/qml/la/LaTabStueckliste.qml:61: TypeError: Cannot read property 'borderLight' of undefined
17:59:17.724 [WRN] qrc:/qt/qml/stroemling/qml/la/LaTabStueckliste.qml:62: TypeError: Cannot read property 'borderLight' of undefined
17:59:17.725 [WRN] qrc:/qt/qml/stroemling/qml/la/LaTabStueckliste.qml:50: TypeError: Cannot read property 'tableEven' of undefined
17:59:17.725 [WRN] qrc:/qt/qml/stroemling/qml/la/LaTabStueckliste.qml:54: TypeError: Cannot read property 'accent' of undefined
17:59:17.725 [WRN] qrc:/qt/qml/stroemling/qml/la/LaTabStueckliste.qml:55: TypeError: Cannot read property 'textSecondary' of undefined
17:59:17.725 [WRN] qrc:/qt/qml/stroemling/qml/la/LaTabStueckliste.qml:56: TypeError: Cannot read property 'textSecondary' of undefined
17:59:17.725 [WRN] qrc:/qt/qml/stroemling/qml/la/LaTabStueckliste.qml:57: TypeError: Cannot read property 'textSecondary' of undefined
17:59:17.725 [WRN] qrc:/qt/qml/stroemling/qml/la/LaTabStueckliste.qml:58: TypeError: Cannot read property 'accentLight' of undefined
17:59:17.725 [WRN] qrc:/qt/qml/stroemling/qml/la/LaTabStueckliste.qml:59: TypeError: Cannot read property 'accentLight' of undefined
17:59:17.725 [WRN] qrc:/qt/qml/stroemling/qml/la/LaTabStueckliste.qml:60: TypeError: Cannot read property 'accentLight' of undefined
17:59:17.725 [WRN] qrc:/qt/qml/stroemling/qml/la/LaTabStueckliste.qml:61: TypeError: Cannot read property 'borderLight' of undefined
17:59:17.725 [WRN] qrc:/qt/qml/stroemling/qml/la/LaTabStueckliste.qml:62: TypeError: Cannot read property 'borderLight' of undefined
17:59:17.726 [WRN] qrc:/qt/qml/stroemling/qml/la/LaTabStueckliste.qml:50: TypeError: Cannot read property 'tableOdd' of undefined
17:59:17.726 [WRN] qrc:/qt/qml/stroemling/qml/la/LaTabStueckliste.qml:54: TypeError: Cannot read property 'accent' of undefined
17:59:17.726 [WRN] qrc:/qt/qml/stroemling/qml/la/LaTabStueckliste.qml:55: TypeError: Cannot read property 'textSecondary' of undefined
17:59:17.726 [WRN] qrc:/qt/qml/stroemling/qml/la/LaTabStueckliste.qml:56: TypeError: Cannot read property 'textSecondary' of undefined
17:59:17.726 [WRN] qrc:/qt/qml/stroemling/qml/la/LaTabStueckliste.qml:57: TypeError: Cannot read property 'textSecondary' of undefined
17:59:17.726 [WRN] qrc:/qt/qml/stroemling/qml/la/LaTabStueckliste.qml:58: TypeError: Cannot read property 'accentLight' of undefined
17:59:17.726 [WRN] qrc:/qt/qml/stroemling/qml/la/LaTabStueckliste.qml:59: TypeError: Cannot read property 'accentLight' of undefined
17:59:17.726 [WRN] qrc:/qt/qml/stroemling/qml/la/LaTabStueckliste.qml:60: TypeError: Cannot read property 'accentLight' of undefined
17:59:17.726 [WRN] qrc:/qt/qml/stroemling/qml/la/LaTabStueckliste.qml:61: TypeError: Cannot read property 'borderLight' of undefined
17:59:17.726 [WRN] qrc:/qt/qml/stroemling/qml/la/LaTabStueckliste.qml:62: TypeError: Cannot read property 'borderLight' of undefined
17:59:17.726 [WRN] qrc:/qt/qml/stroemling/qml/la/LaTabStueckliste.qml:50: TypeError: Cannot read property 'tableEven' of undefined
17:59:17.726 [WRN] qrc:/qt/qml/stroemling/qml/la/LaTabStueckliste.qml:54: TypeError: Cannot read property 'accent' of undefined
17:59:17.726 [WRN] qrc:/qt/qml/stroemling/qml/la/LaTabStueckliste.qml:55: TypeError: Cannot read property 'textSecondary' of undefined
17:59:17.726 [WRN] qrc:/qt/qml/stroemling/qml/la/LaTabStueckliste.qml:56: TypeError: Cannot read property 'textSecondary' of undefined
17:59:17.726 [WRN] qrc:/qt/qml/stroemling/qml/la/LaTabStueckliste.qml:57: TypeError: Cannot read property 'textSecondary' of undefined
17:59:17.726 [WRN] qrc:/qt/qml/stroemling/qml/la/LaTabStueckliste.qml:58: TypeError: Cannot read property 'accentLight' of undefined
17:59:17.726 [WRN] qrc:/qt/qml/stroemling/qml/la/LaTabStueckliste.qml:59: TypeError: Cannot read property 'accentLight' of undefined
17:59:17.726 [WRN] qrc:/qt/qml/stroemling/qml/la/LaTabStueckliste.qml:60: TypeError: Cannot read property 'accentLight' of undefined
17:59:17.726 [WRN] qrc:/qt/qml/stroemling/qml/la/LaTabStueckliste.qml:61: TypeError: Cannot read property 'borderLight' of undefined
17:59:17.726 [WRN] qrc:/qt/qml/stroemling/qml/la/LaTabStueckliste.qml:62: TypeError: Cannot read property 'borderLight' of undefined
17:59:17.727 [WRN] qrc:/qt/qml/stroemling/qml/la/LaTabStueckliste.qml:50: TypeError: Cannot read property 'tableOdd' of undefined
17:59:17.727 [WRN] qrc:/qt/qml/stroemling/qml/la/LaTabStueckliste.qml:54: TypeError: Cannot read property 'accent' of undefined
17:59:17.727 [WRN] qrc:/qt/qml/stroemling/qml/la/LaTabStueckliste.qml:55: TypeError: Cannot read property 'textSecondary' of undefined
17:59:17.727 [WRN] qrc:/qt/qml/stroemling/qml/la/LaTabStueckliste.qml:56: TypeError: Cannot read property 'textSecondary' of undefined
17:59:17.727 [WRN] qrc:/qt/qml/stroemling/qml/la/LaTabStueckliste.qml:57: TypeError: Cannot read property 'textSecondary' of undefined
17:59:17.727 [WRN] qrc:/qt/qml/stroemling/qml/la/LaTabStueckliste.qml:58: TypeError: Cannot read property 'accentLight' of undefined
17:59:17.727 [WRN] qrc:/qt/qml/stroemling/qml/la/LaTabStueckliste.qml:59: TypeError: Cannot read property 'accentLight' of undefined
17:59:17.727 [WRN] qrc:/qt/qml/stroemling/qml/la/LaTabStueckliste.qml:60: TypeError: Cannot read property 'accentLight' of undefined
17:59:17.727 [WRN] qrc:/qt/qml/stroemling/qml/la/LaTabStueckliste.qml:61: TypeError: Cannot read property 'borderLight' of undefined
17:59:17.727 [WRN] qrc:/qt/qml/stroemling/qml/la/LaTabStueckliste.qml:62: TypeError: Cannot read property 'borderLight' of undefined
17:59:17.727 [WRN] qrc:/qt/qml/stroemling/qml/la/LaTabStueckliste.qml:50: TypeError: Cannot read property 'tableEven' of undefined
17:59:17.727 [WRN] qrc:/qt/qml/stroemling/qml/la/LaTabStueckliste.qml:54: TypeError: Cannot read property 'accent' of undefined
17:59:17.727 [WRN] qrc:/qt/qml/stroemling/qml/la/LaTabStueckliste.qml:55: TypeError: Cannot read property 'textSecondary' of undefined
17:59:17.727 [WRN] qrc:/qt/qml/stroemling/qml/la/LaTabStueckliste.qml:56: TypeError: Cannot read property 'textSecondary' of undefined
17:59:17.727 [WRN] qrc:/qt/qml/stroemling/qml/la/LaTabStueckliste.qml:57: TypeError: Cannot read property 'textSecondary' of undefined
17:59:17.727 [WRN] qrc:/qt/qml/stroemling/qml/la/LaTabStueckliste.qml:58: TypeError: Cannot read property 'accentLight' of undefined
17:59:17.727 [WRN] qrc:/qt/qml/stroemling/qml/la/LaTabStueckliste.qml:59: TypeError: Cannot read property 'accentLight' of undefined
17:59:17.728 [WRN] qrc:/qt/qml/stroemling/qml/la/LaTabStueckliste.qml:60: TypeError: Cannot read property 'accentLight' of undefined
17:59:17.728 [WRN] qrc:/qt/qml/stroemling/qml/la/LaTabStueckliste.qml:61: TypeError: Cannot read property 'borderLight' of undefined
17:59:17.728 [WRN] qrc:/qt/qml/stroemling/qml/la/LaTabStueckliste.qml:62: TypeError: Cannot read property 'borderLight' of undefined
17:59:17.728 [WRN] qrc:/qt/qml/stroemling/qml/la/LaTabStueckliste.qml:50: TypeError: Cannot read property 'tableOdd' of undefined
17:59:17.728 [WRN] qrc:/qt/qml/stroemling/qml/la/LaTabStueckliste.qml:54: TypeError: Cannot read property 'accent' of undefined
17:59:17.728 [WRN] qrc:/qt/qml/stroemling/qml/la/LaTabStueckliste.qml:55: TypeError: Cannot read property 'textSecondary' of undefined
17:59:17.728 [WRN] qrc:/qt/qml/stroemling/qml/la/LaTabStueckliste.qml:56: TypeError: Cannot read property 'textSecondary' of undefined
17:59:17.728 [WRN] qrc:/qt/qml/stroemling/qml/la/LaTabStueckliste.qml:57: TypeError: Cannot read property 'textSecondary' of undefined
17:59:17.728 [WRN] qrc:/qt/qml/stroemling/qml/la/LaTabStueckliste.qml:58: TypeError: Cannot read property 'accentLight' of undefined
17:59:17.728 [WRN] qrc:/qt/qml/stroemling/qml/la/LaTabStueckliste.qml:59: TypeError: Cannot read property 'accentLight' of undefined
17:59:17.728 [WRN] qrc:/qt/qml/stroemling/qml/la/LaTabStueckliste.qml:60: TypeError: Cannot read property 'accentLight' of undefined
17:59:17.728 [WRN] qrc:/qt/qml/stroemling/qml/la/LaTabStueckliste.qml:61: TypeError: Cannot read property 'borderLight' of undefined
17:59:17.728 [WRN] qrc:/qt/qml/stroemling/qml/la/LaTabStueckliste.qml:62: TypeError: Cannot read property 'borderLight' of undefined
17:59:17.729 [WRN] qrc:/qt/qml/stroemling/qml/la/LaTabStueckliste.qml:50: TypeError: Cannot read property 'tableEven' of undefined
17:59:17.729 [WRN] qrc:/qt/qml/stroemling/qml/la/LaTabStueckliste.qml:54: TypeError: Cannot read property 'accent' of undefined
17:59:17.729 [WRN] qrc:/qt/qml/stroemling/qml/la/LaTabStueckliste.qml:55: TypeError: Cannot read property 'textSecondary' of undefined
17:59:17.729 [WRN] qrc:/qt/qml/stroemling/qml/la/LaTabStueckliste.qml:56: TypeError: Cannot read property 'textSecondary' of undefined
17:59:17.729 [WRN] qrc:/qt/qml/stroemling/qml/la/LaTabStueckliste.qml:57: TypeError: Cannot read property 'textSecondary' of undefined
17:59:17.729 [WRN] qrc:/qt/qml/stroemling/qml/la/LaTabStueckliste.qml:58: TypeError: Cannot read property 'accentLight' of undefined
17:59:17.729 [WRN] qrc:/qt/qml/stroemling/qml/la/LaTabStueckliste.qml:59: TypeError: Cannot read property 'accentLight' of undefined
17:59:17.729 [WRN] qrc:/qt/qml/stroemling/qml/la/LaTabStueckliste.qml:60: TypeError: Cannot read property 'accentLight' of undefined
17:59:17.729 [WRN] qrc:/qt/qml/stroemling/qml/la/LaTabStueckliste.qml:61: TypeError: Cannot read property 'borderLight' of undefined
17:59:17.729 [WRN] qrc:/qt/qml/stroemling/qml/la/LaTabStueckliste.qml:62: TypeError: Cannot read property 'borderLight' of undefined
17:59:17.729 [WRN] qrc:/qt/qml/stroemling/qml/la/LaTabStueckliste.qml:50: TypeError: Cannot read property 'tableOdd' of undefined
17:59:17.729 [WRN] qrc:/qt/qml/stroemling/qml/la/LaTabStueckliste.qml:54: TypeError: Cannot read property 'accent' of undefined
17:59:17.729 [WRN] qrc:/qt/qml/stroemling/qml/la/LaTabStueckliste.qml:55: TypeError: Cannot read property 'textSecondary' of undefined
17:59:17.729 [WRN] qrc:/qt/qml/stroemling/qml/la/LaTabStueckliste.qml:56: TypeError: Cannot read property 'textSecondary' of undefined
17:59:17.729 [WRN] qrc:/qt/qml/stroemling/qml/la/LaTabStueckliste.qml:57: TypeError: Cannot read property 'textSecondary' of undefined
17:59:17.729 [WRN] qrc:/qt/qml/stroemling/qml/la/LaTabStueckliste.qml:58: TypeError: Cannot read property 'accentLight' of undefined
17:59:17.729 [WRN] qrc:/qt/qml/stroemling/qml/la/LaTabStueckliste.qml:59: TypeError: Cannot read property 'accentLight' of undefined
17:59:17.729 [WRN] qrc:/qt/qml/stroemling/qml/la/LaTabStueckliste.qml:60: TypeError: Cannot read property 'accentLight' of undefined
17:59:17.729 [WRN] qrc:/qt/qml/stroemling/qml/la/LaTabStueckliste.qml:61: TypeError: Cannot read property 'borderLight' of undefined
17:59:17.729 [WRN] qrc:/qt/qml/stroemling/qml/la/LaTabStueckliste.qml:62: TypeError: Cannot read property 'borderLight' of undefined
17:59:17.730 [WRN] qrc:/qt/qml/stroemling/qml/la/LaTabStueckliste.qml:50: TypeError: Cannot read property 'tableEven' of undefined
17:59:17.730 [WRN] qrc:/qt/qml/stroemling/qml/la/LaTabStueckliste.qml:54: TypeError: Cannot read property 'accent' of undefined
17:59:17.730 [WRN] qrc:/qt/qml/stroemling/qml/la/LaTabStueckliste.qml:55: TypeError: Cannot read property 'textSecondary' of undefined
17:59:17.730 [WRN] qrc:/qt/qml/stroemling/qml/la/LaTabStueckliste.qml:56: TypeError: Cannot read property 'textSecondary' of undefined
17:59:17.730 [WRN] qrc:/qt/qml/stroemling/qml/la/LaTabStueckliste.qml:57: TypeError: Cannot read property 'textSecondary' of undefined
17:59:17.730 [WRN] qrc:/qt/qml/stroemling/qml/la/LaTabStueckliste.qml:58: TypeError: Cannot read property 'accentLight' of undefined
17:59:17.730 [WRN] qrc:/qt/qml/stroemling/qml/la/LaTabStueckliste.qml:59: TypeError: Cannot read property 'accentLight' of undefined
17:59:17.730 [WRN] qrc:/qt/qml/stroemling/qml/la/LaTabStueckliste.qml:60: TypeError: Cannot read property 'accentLight' of undefined
17:59:17.730 [WRN] qrc:/qt/qml/stroemling/qml/la/LaTabStueckliste.qml:61: TypeError: Cannot read property 'borderLight' of undefined
17:59:17.730 [WRN] qrc:/qt/qml/stroemling/qml/la/LaTabStueckliste.qml:62: TypeError: Cannot read property 'borderLight' of undefined
17:59:17.731 [WRN] qrc:/qt/qml/stroemling/qml/la/LaTabStueckliste.qml:50: TypeError: Cannot read property 'tableOdd' of undefined
17:59:17.731 [WRN] qrc:/qt/qml/stroemling/qml/la/LaTabStueckliste.qml:54: TypeError: Cannot read property 'accent' of undefined
17:59:17.731 [WRN] qrc:/qt/qml/stroemling/qml/la/LaTabStueckliste.qml:55: TypeError: Cannot read property 'textSecondary' of undefined
17:59:17.731 [WRN] qrc:/qt/qml/stroemling/qml/la/LaTabStueckliste.qml:56: TypeError: Cannot read property 'textSecondary' of undefined
17:59:17.731 [WRN] qrc:/qt/qml/stroemling/qml/la/LaTabStueckliste.qml:57: TypeError: Cannot read property 'textSecondary' of undefined
17:59:17.731 [WRN] qrc:/qt/qml/stroemling/qml/la/LaTabStueckliste.qml:58: TypeError: Cannot read property 'accentLight' of undefined
17:59:17.731 [WRN] qrc:/qt/qml/stroemling/qml/la/LaTabStueckliste.qml:59: TypeError: Cannot read property 'accentLight' of undefined
17:59:17.731 [WRN] qrc:/qt/qml/stroemling/qml/la/LaTabStueckliste.qml:60: TypeError: Cannot read property 'accentLight' of undefined
17:59:17.731 [WRN] qrc:/qt/qml/stroemling/qml/la/LaTabStueckliste.qml:61: TypeError: Cannot read property 'borderLight' of undefined
17:59:17.731 [WRN] qrc:/qt/qml/stroemling/qml/la/LaTabStueckliste.qml:62: TypeError: Cannot read property 'borderLight' of undefined
17:59:17.731 [WRN] qrc:/qt/qml/stroemling/qml/la/LaTabStueckliste.qml:50: TypeError: Cannot read property 'tableEven' of undefined
17:59:17.731 [WRN] qrc:/qt/qml/stroemling/qml/la/LaTabStueckliste.qml:54: TypeError: Cannot read property 'accent' of undefined
17:59:17.731 [WRN] qrc:/qt/qml/stroemling/qml/la/LaTabStueckliste.qml:55: TypeError: Cannot read property 'textSecondary' of undefined
17:59:17.731 [WRN] qrc:/qt/qml/stroemling/qml/la/LaTabStueckliste.qml:56: TypeError: Cannot read property 'textSecondary' of undefined
17:59:17.731 [WRN] qrc:/qt/qml/stroemling/qml/la/LaTabStueckliste.qml:57: TypeError: Cannot read property 'textSecondary' of undefined
17:59:17.731 [WRN] qrc:/qt/qml/stroemling/qml/la/LaTabStueckliste.qml:58: TypeError: Cannot read property 'accentLight' of undefined
17:59:17.731 [WRN] qrc:/qt/qml/stroemling/qml/la/LaTabStueckliste.qml:59: TypeError: Cannot read property 'accentLight' of undefined
17:59:17.731 [WRN] qrc:/qt/qml/stroemling/qml/la/LaTabStueckliste.qml:60: TypeError: Cannot read property 'accentLight' of undefined
17:59:17.731 [WRN] qrc:/qt/qml/stroemling/qml/la/LaTabStueckliste.qml:61: TypeError: Cannot read property 'borderLight' of undefined
17:59:17.731 [WRN] qrc:/qt/qml/stroemling/qml/la/LaTabStueckliste.qml:62: TypeError: Cannot read property 'borderLight' of undefined
17:59:17.732 [WRN] qrc:/qt/qml/stroemling/qml/la/LaTabStueckliste.qml:50: TypeError: Cannot read property 'tableOdd' of undefined
17:59:17.732 [WRN] qrc:/qt/qml/stroemling/qml/la/LaTabStueckliste.qml:54: TypeError: Cannot read property 'accent' of undefined
17:59:17.732 [WRN] qrc:/qt/qml/stroemling/qml/la/LaTabStueckliste.qml:55: TypeError: Cannot read property 'textSecondary' of undefined
17:59:17.732 [WRN] qrc:/qt/qml/stroemling/qml/la/LaTabStueckliste.qml:56: TypeError: Cannot read property 'textSecondary' of undefined
17:59:17.732 [WRN] qrc:/qt/qml/stroemling/qml/la/LaTabStueckliste.qml:57: TypeError: Cannot read property 'textSecondary' of undefined
17:59:17.732 [WRN] qrc:/qt/qml/stroemling/qml/la/LaTabStueckliste.qml:58: TypeError: Cannot read property 'accentLight' of undefined
17:59:17.732 [WRN] qrc:/qt/qml/stroemling/qml/la/LaTabStueckliste.qml:59: TypeError: Cannot read property 'accentLight' of undefined
17:59:17.732 [WRN] qrc:/qt/qml/stroemling/qml/la/LaTabStueckliste.qml:60: TypeError: Cannot read property 'accentLight' of undefined
17:59:17.732 [WRN] qrc:/qt/qml/stroemling/qml/la/LaTabStueckliste.qml:61: TypeError: Cannot read property 'borderLight' of undefined
17:59:17.732 [WRN] qrc:/qt/qml/stroemling/qml/la/LaTabStueckliste.qml:62: TypeError: Cannot read property 'borderLight' of undefined
17:59:17.732 [WRN] qrc:/qt/qml/stroemling/qml/la/LaTabStueckliste.qml:50: TypeError: Cannot read property 'tableEven' of undefined
17:59:17.733 [WRN] qrc:/qt/qml/stroemling/qml/la/LaTabStueckliste.qml:54: TypeError: Cannot read property 'accent' of undefined
17:59:17.733 [WRN] qrc:/qt/qml/stroemling/qml/la/LaTabStueckliste.qml:55: TypeError: Cannot read property 'textSecondary' of undefined
17:59:17.733 [WRN] qrc:/qt/qml/stroemling/qml/la/LaTabStueckliste.qml:56: TypeError: Cannot read property 'textSecondary' of undefined
17:59:17.733 [WRN] qrc:/qt/qml/stroemling/qml/la/LaTabStueckliste.qml:57: TypeError: Cannot read property 'textSecondary' of undefined
17:59:17.733 [WRN] qrc:/qt/qml/stroemling/qml/la/LaTabStueckliste.qml:58: TypeError: Cannot read property 'accentLight' of undefined
17:59:17.733 [WRN] qrc:/qt/qml/stroemling/qml/la/LaTabStueckliste.qml:59: TypeError: Cannot read property 'accentLight' of undefined
17:59:17.733 [WRN] qrc:/qt/qml/stroemling/qml/la/LaTabStueckliste.qml:60: TypeError: Cannot read property 'accentLight' of undefined
17:59:17.733 [WRN] qrc:/qt/qml/stroemling/qml/la/LaTabStueckliste.qml:61: TypeError: Cannot read property 'borderLight' of undefined
17:59:17.733 [WRN] qrc:/qt/qml/stroemling/qml/la/LaTabStueckliste.qml:62: TypeError: Cannot read property 'borderLight' of undefined
17:59:17.733 [WRN] qrc:/qt/qml/stroemling/qml/la/LaTabStueckliste.qml:50: TypeError: Cannot read property 'tableOdd' of undefined
17:59:17.733 [WRN] qrc:/qt/qml/stroemling/qml/la/LaTabStueckliste.qml:54: TypeError: Cannot read property 'accent' of undefined
17:59:17.733 [WRN] qrc:/qt/qml/stroemling/qml/la/LaTabStueckliste.qml:55: TypeError: Cannot read property 'textSecondary' of undefined
17:59:17.733 [WRN] qrc:/qt/qml/stroemling/qml/la/LaTabStueckliste.qml:56: TypeError: Cannot read property 'textSecondary' of undefined
17:59:17.733 [WRN] qrc:/qt/qml/stroemling/qml/la/LaTabStueckliste.qml:57: TypeError: Cannot read property 'textSecondary' of undefined
17:59:17.733 [WRN] qrc:/qt/qml/stroemling/qml/la/LaTabStueckliste.qml:58: TypeError: Cannot read property 'accentLight' of undefined
17:59:17.733 [WRN] qrc:/qt/qml/stroemling/qml/la/LaTabStueckliste.qml:59: TypeError: Cannot read property 'accentLight' of undefined
17:59:17.733 [WRN] qrc:/qt/qml/stroemling/qml/la/LaTabStueckliste.qml:60: TypeError: Cannot read property 'accentLight' of undefined
17:59:17.733 [WRN] qrc:/qt/qml/stroemling/qml/la/LaTabStueckliste.qml:61: TypeError: Cannot read property 'borderLight' of undefined
17:59:17.733 [WRN] qrc:/qt/qml/stroemling/qml/la/LaTabStueckliste.qml:62: TypeError: Cannot read property 'borderLight' of undefined
17:59:17.734 [WRN] qrc:/qt/qml/stroemling/qml/la/LaTabStueckliste.qml:50: TypeError: Cannot read property 'tableEven' of undefined
17:59:17.734 [WRN] qrc:/qt/qml/stroemling/qml/la/LaTabStueckliste.qml:54: TypeError: Cannot read property 'accent' of undefined
17:59:17.734 [WRN] qrc:/qt/qml/stroemling/qml/la/LaTabStueckliste.qml:55: TypeError: Cannot read property 'textSecondary' of undefined
17:59:17.734 [WRN] qrc:/qt/qml/stroemling/qml/la/LaTabStueckliste.qml:56: TypeError: Cannot read property 'textSecondary' of undefined
17:59:17.734 [WRN] qrc:/qt/qml/stroemling/qml/la/LaTabStueckliste.qml:57: TypeError: Cannot read property 'textSecondary' of undefined
17:59:17.734 [WRN] qrc:/qt/qml/stroemling/qml/la/LaTabStueckliste.qml:58: TypeError: Cannot read property 'accentLight' of undefined
17:59:17.734 [WRN] qrc:/qt/qml/stroemling/qml/la/LaTabStueckliste.qml:59: TypeError: Cannot read property 'accentLight' of undefined
17:59:17.734 [WRN] qrc:/qt/qml/stroemling/qml/la/LaTabStueckliste.qml:60: TypeError: Cannot read property 'accentLight' of undefined
17:59:17.734 [WRN] qrc:/qt/qml/stroemling/qml/la/LaTabStueckliste.qml:61: TypeError: Cannot read property 'borderLight' of undefined
17:59:17.734 [WRN] qrc:/qt/qml/stroemling/qml/la/LaTabStueckliste.qml:62: TypeError: Cannot read property 'borderLight' of undefined
18:00:30.838 [WRN] qrc:/qt/qml/stroemling/qml/ibn/IbnBmSplit.qml:313: TypeError: Cannot read property 'accent' of undefined
18:00:30.854 [WRN] qrc:/qt/qml/stroemling/qml/ibn/IbnBmSplit.qml:313: TypeError: Cannot read property 'inputBg' of undefined
18:00:34.577 [WRN] qrc:/qt/qml/stroemling/qml/IbnFeldEditorDialog.qml:148: TypeError: Cannot read property 'sidebar' of undefined
18:00:34.578 [WRN] qrc:/qt/qml/stroemling/qml/IbnFeldEditorDialog.qml:159: TypeError: Cannot read property 'textMuted' of undefined
18:00:34.578 [WRN] qrc:/qt/qml/stroemling/qml/IbnFeldEditorDialog.qml:168: TypeError: Cannot read property 'textPrimary' of undefined
18:00:34.578 [WRN] qrc:/qt/qml/stroemling/qml/IbnFeldEditorDialog.qml:176: TypeError: Cannot read property 'textMuted' of undefined
18:00:34.578 [WRN] qrc:/qt/qml/stroemling/qml/IbnFeldEditorDialog.qml:136: TypeError: Cannot read property 'surfaceDeep' of undefined
18:00:34.578 [WRN] qrc:/qt/qml/stroemling/qml/IbnFeldEditorDialog.qml:141: TypeError: Cannot read property 'textMuted' of undefined
18:00:34.579 [WRN] qrc:/qt/qml/stroemling/qml/IbnFeldEditorDialog.qml:148: TypeError: Cannot read property 'sidebar' of undefined
18:00:34.579 [WRN] qrc:/qt/qml/stroemling/qml/IbnFeldEditorDialog.qml:159: TypeError: Cannot read property 'textMuted' of undefined
18:00:34.579 [WRN] qrc:/qt/qml/stroemling/qml/IbnFeldEditorDialog.qml:168: TypeError: Cannot read property 'textPrimary' of undefined
18:00:34.579 [WRN] qrc:/qt/qml/stroemling/qml/IbnFeldEditorDialog.qml:176: TypeError: Cannot read property 'textMuted' of undefined
18:00:34.579 [WRN] qrc:/qt/qml/stroemling/qml/IbnFeldEditorDialog.qml:148: TypeError: Cannot read property 'sidebar' of undefined
18:00:34.579 [WRN] qrc:/qt/qml/stroemling/qml/IbnFeldEditorDialog.qml:159: TypeError: Cannot read property 'textMuted' of undefined
18:00:34.579 [WRN] qrc:/qt/qml/stroemling/qml/IbnFeldEditorDialog.qml:168: TypeError: Cannot read property 'textPrimary' of undefined
18:00:34.579 [WRN] qrc:/qt/qml/stroemling/qml/IbnFeldEditorDialog.qml:176: TypeError: Cannot read property 'textMuted' of undefined
18:00:34.580 [WRN] qrc:/qt/qml/stroemling/qml/IbnFeldEditorDialog.qml:148: TypeError: Cannot read property 'sidebar' of undefined
18:00:34.580 [WRN] qrc:/qt/qml/stroemling/qml/IbnFeldEditorDialog.qml:159: TypeError: Cannot read property 'textMuted' of undefined
18:00:34.580 [WRN] qrc:/qt/qml/stroemling/qml/IbnFeldEditorDialog.qml:168: TypeError: Cannot read property 'textPrimary' of undefined
18:00:34.580 [WRN] qrc:/qt/qml/stroemling/qml/IbnFeldEditorDialog.qml:176: TypeError: Cannot read property 'textMuted' of undefined
18:00:34.581 [WRN] qrc:/qt/qml/stroemling/qml/IbnFeldEditorDialog.qml:148: TypeError: Cannot read property 'sidebar' of undefined
18:00:34.581 [WRN] qrc:/qt/qml/stroemling/qml/IbnFeldEditorDialog.qml:159: TypeError: Cannot read property 'textMuted' of undefined
18:00:34.581 [WRN] qrc:/qt/qml/stroemling/qml/IbnFeldEditorDialog.qml:168: TypeError: Cannot read property 'textPrimary' of undefined
18:00:34.581 [WRN] qrc:/qt/qml/stroemling/qml/IbnFeldEditorDialog.qml:176: TypeError: Cannot read property 'textMuted' of undefined
18:00:34.582 [WRN] qrc:/qt/qml/stroemling/qml/IbnFeldEditorDialog.qml:148: TypeError: Cannot read property 'sidebar' of undefined
18:00:34.582 [WRN] qrc:/qt/qml/stroemling/qml/IbnFeldEditorDialog.qml:159: TypeError: Cannot read property 'textMuted' of undefined
18:00:34.582 [WRN] qrc:/qt/qml/stroemling/qml/IbnFeldEditorDialog.qml:168: TypeError: Cannot read property 'textPrimary' of undefined
18:00:34.582 [WRN] qrc:/qt/qml/stroemling/qml/IbnFeldEditorDialog.qml:176: TypeError: Cannot read property 'textMuted' of undefined
18:00:34.583 [WRN] qrc:/qt/qml/stroemling/qml/IbnFeldEditorDialog.qml:148: TypeError: Cannot read property 'sidebar' of undefined
18:00:34.583 [WRN] qrc:/qt/qml/stroemling/qml/IbnFeldEditorDialog.qml:159: TypeError: Cannot read property 'textMuted' of undefined
18:00:34.583 [WRN] qrc:/qt/qml/stroemling/qml/IbnFeldEditorDialog.qml:168: TypeError: Cannot read property 'textPrimary' of undefined
18:00:34.583 [WRN] qrc:/qt/qml/stroemling/qml/IbnFeldEditorDialog.qml:176: TypeError: Cannot read property 'textMuted' of undefined
18:00:34.583 [WRN] qrc:/qt/qml/stroemling/qml/IbnFeldEditorDialog.qml:136: TypeError: Cannot read property 'surfaceDeep' of undefined
18:00:34.583 [WRN] qrc:/qt/qml/stroemling/qml/IbnFeldEditorDialog.qml:141: TypeError: Cannot read property 'textMuted' of undefined
18:00:34.584 [WRN] qrc:/qt/qml/stroemling/qml/IbnFeldEditorDialog.qml:148: TypeError: Cannot read property 'sidebar' of undefined
18:00:34.584 [WRN] qrc:/qt/qml/stroemling/qml/IbnFeldEditorDialog.qml:159: TypeError: Cannot read property 'textMuted' of undefined
18:00:34.584 [WRN] qrc:/qt/qml/stroemling/qml/IbnFeldEditorDialog.qml:168: TypeError: Cannot read property 'textPrimary' of undefined
18:00:34.584 [WRN] qrc:/qt/qml/stroemling/qml/IbnFeldEditorDialog.qml:176: TypeError: Cannot read property 'textMuted' of undefined
18:00:34.584 [WRN] qrc:/qt/qml/stroemling/qml/IbnFeldEditorDialog.qml:148: TypeError: Cannot read property 'sidebar' of undefined
18:00:34.584 [WRN] qrc:/qt/qml/stroemling/qml/IbnFeldEditorDialog.qml:159: TypeError: Cannot read property 'textMuted' of undefined
18:00:34.584 [WRN] qrc:/qt/qml/stroemling/qml/IbnFeldEditorDialog.qml:168: TypeError: Cannot read property 'textPrimary' of undefined
18:00:34.584 [WRN] qrc:/qt/qml/stroemling/qml/IbnFeldEditorDialog.qml:176: TypeError: Cannot read property 'textMuted' of undefined
18:00:34.585 [WRN] qrc:/qt/qml/stroemling/qml/IbnFeldEditorDialog.qml:148: TypeError: Cannot read property 'sidebar' of undefined
18:00:34.585 [WRN] qrc:/qt/qml/stroemling/qml/IbnFeldEditorDialog.qml:159: TypeError: Cannot read property 'textMuted' of undefined
18:00:34.585 [WRN] qrc:/qt/qml/stroemling/qml/IbnFeldEditorDialog.qml:168: TypeError: Cannot read property 'textPrimary' of undefined
18:00:34.585 [WRN] qrc:/qt/qml/stroemling/qml/IbnFeldEditorDialog.qml:176: TypeError: Cannot read property 'textMuted' of undefined
18:00:34.585 [WRN] qrc:/qt/qml/stroemling/qml/IbnFeldEditorDialog.qml:148: TypeError: Cannot read property 'sidebar' of undefined
18:00:34.585 [WRN] qrc:/qt/qml/stroemling/qml/IbnFeldEditorDialog.qml:159: TypeError: Cannot read property 'textMuted' of undefined
18:00:34.585 [WRN] qrc:/qt/qml/stroemling/qml/IbnFeldEditorDialog.qml:168: TypeError: Cannot read property 'textPrimary' of undefined
18:00:34.585 [WRN] qrc:/qt/qml/stroemling/qml/IbnFeldEditorDialog.qml:176: TypeError: Cannot read property 'textMuted' of undefined
18:00:34.587 [WRN] qrc:/qt/qml/stroemling/qml/IbnFeldEditorDialog.qml:265: TypeError: Cannot read property 'textPrimary' of undefined
18:00:34.598 [WRN] qrc:/qt/qml/stroemling/qml/IbnFeldEditorDialog.qml:148: TypeError: Cannot read property 'sidebar' of undefined
18:00:34.598 [WRN] qrc:/qt/qml/stroemling/qml/IbnFeldEditorDialog.qml:159: TypeError: Cannot read property 'textMuted' of undefined
18:00:34.598 [WRN] qrc:/qt/qml/stroemling/qml/IbnFeldEditorDialog.qml:168: TypeError: Cannot read property 'textPrimary' of undefined
18:00:34.598 [WRN] qrc:/qt/qml/stroemling/qml/IbnFeldEditorDialog.qml:176: TypeError: Cannot read property 'textMuted' of undefined
18:00:34.598 [WRN] qrc:/qt/qml/stroemling/qml/IbnFeldEditorDialog.qml:148: TypeError: Cannot read property 'sidebar' of undefined
18:00:34.598 [WRN] qrc:/qt/qml/stroemling/qml/IbnFeldEditorDialog.qml:159: TypeError: Cannot read property 'textMuted' of undefined
18:00:34.598 [WRN] qrc:/qt/qml/stroemling/qml/IbnFeldEditorDialog.qml:168: TypeError: Cannot read property 'textPrimary' of undefined
18:00:34.598 [WRN] qrc:/qt/qml/stroemling/qml/IbnFeldEditorDialog.qml:176: TypeError: Cannot read property 'textMuted' of undefined
18:00:34.598 [WRN] qrc:/qt/qml/stroemling/qml/IbnFeldEditorDialog.qml:148: TypeError: Cannot read property 'sidebar' of undefined
18:00:34.598 [WRN] qrc:/qt/qml/stroemling/qml/IbnFeldEditorDialog.qml:159: TypeError: Cannot read property 'textMuted' of undefined
18:00:34.598 [WRN] qrc:/qt/qml/stroemling/qml/IbnFeldEditorDialog.qml:168: TypeError: Cannot read property 'textPrimary' of undefined
18:00:34.599 [WRN] qrc:/qt/qml/stroemling/qml/IbnFeldEditorDialog.qml:176: TypeError: Cannot read property 'textMuted' of undefined
18:00:34.599 [WRN] qrc:/qt/qml/stroemling/qml/IbnFeldEditorDialog.qml:148: TypeError: Cannot read property 'sidebar' of undefined
18:00:34.599 [WRN] qrc:/qt/qml/stroemling/qml/IbnFeldEditorDialog.qml:159: TypeError: Cannot read property 'textMuted' of undefined
18:00:34.599 [WRN] qrc:/qt/qml/stroemling/qml/IbnFeldEditorDialog.qml:168: TypeError: Cannot read property 'textPrimary' of undefined
18:00:34.599 [WRN] qrc:/qt/qml/stroemling/qml/IbnFeldEditorDialog.qml:176: TypeError: Cannot read property 'textMuted' of undefined
18:00:34.599 [WRN] qrc:/qt/qml/stroemling/qml/IbnFeldEditorDialog.qml:148: TypeError: Cannot read property 'sidebar' of undefined
18:00:34.599 [WRN] qrc:/qt/qml/stroemling/qml/IbnFeldEditorDialog.qml:159: TypeError: Cannot read property 'textMuted' of undefined
18:00:34.599 [WRN] qrc:/qt/qml/stroemling/qml/IbnFeldEditorDialog.qml:168: TypeError: Cannot read property 'textPrimary' of undefined
18:00:34.599 [WRN] qrc:/qt/qml/stroemling/qml/IbnFeldEditorDialog.qml:176: TypeError: Cannot read property 'textMuted' of undefined
18:00:34.599 [WRN] qrc:/qt/qml/stroemling/qml/IbnFeldEditorDialog.qml:148: TypeError: Cannot read property 'sidebar' of undefined
18:00:34.599 [WRN] qrc:/qt/qml/stroemling/qml/IbnFeldEditorDialog.qml:159: TypeError: Cannot read property 'textMuted' of undefined
18:00:34.599 [WRN] qrc:/qt/qml/stroemling/qml/IbnFeldEditorDialog.qml:168: TypeError: Cannot read property 'textPrimary' of undefined
18:00:34.599 [WRN] qrc:/qt/qml/stroemling/qml/IbnFeldEditorDialog.qml:176: TypeError: Cannot read property 'textMuted' of undefined
18:00:34.599 [WRN] qrc:/qt/qml/stroemling/qml/IbnFeldEditorDialog.qml:136: TypeError: Cannot read property 'surfaceDeep' of undefined
18:00:34.599 [WRN] qrc:/qt/qml/stroemling/qml/IbnFeldEditorDialog.qml:141: TypeError: Cannot read property 'textMuted' of undefined
18:00:34.599 [WRN] qrc:/qt/qml/stroemling/qml/IbnFeldEditorDialog.qml:148: TypeError: Cannot read property 'sidebar' of undefined
18:00:34.599 [WRN] qrc:/qt/qml/stroemling/qml/IbnFeldEditorDialog.qml:159: TypeError: Cannot read property 'textMuted' of undefined
18:00:34.599 [WRN] qrc:/qt/qml/stroemling/qml/IbnFeldEditorDialog.qml:168: TypeError: Cannot read property 'textPrimary' of undefined
18:00:34.599 [WRN] qrc:/qt/qml/stroemling/qml/IbnFeldEditorDialog.qml:176: TypeError: Cannot read property 'textMuted' of undefined
18:00:34.599 [WRN] qrc:/qt/qml/stroemling/qml/IbnFeldEditorDialog.qml:148: TypeError: Cannot read property 'sidebar' of undefined
18:00:34.599 [WRN] qrc:/qt/qml/stroemling/qml/IbnFeldEditorDialog.qml:159: TypeError: Cannot read property 'textMuted' of undefined
18:00:34.599 [WRN] qrc:/qt/qml/stroemling/qml/IbnFeldEditorDialog.qml:168: TypeError: Cannot read property 'textPrimary' of undefined
18:00:34.599 [WRN] qrc:/qt/qml/stroemling/qml/IbnFeldEditorDialog.qml:176: TypeError: Cannot read property 'textMuted' of undefined
18:00:35.904 [WRN] qrc:/qt/qml/stroemling/qml/IbnFeldEditorDialog.qml:510: TypeError: Cannot read property 'hover' of undefined
18:02:33.161 [WRN] qrc:/qt/qml/stroemling/qml/ibn/IbnBmSplit.qml:313: TypeError: Cannot read property 'accent' of undefined
18:02:33.176 [WRN] qrc:/qt/qml/stroemling/qml/ibn/IbnBmSplit.qml:313: TypeError: Cannot read property 'inputBg' of undefined
